price_per_sqm,down_payment_pct,subcity,district,sqm,lon,lat,amenities_within_0.5km,amenities_within_1.0km,amenities_within_2.0km,amenities_within_3.0km,amenities_within_4.0km,amenities_within_5.0km,roads_within_0.5km,roads_within_1.0km,roads_within_2.0km,roads_within_3.0km,roads_within_4.0km,roads_within_5.0km,dist_to_meskel_km,dist_to_bole_km,neighborhood_cluster,amenity_diversity_2km
93460.0,40.0,Kolfe Keranyo,3.0,214.0,38.66448576228889,8.981861901777028,0,1,13,47,93,110,150.0,547.0,1683.0,3362.0,5418.0,7718.0,10.520148786680146,14.807531542598372,10,6
36100.0,100.0,Kolfe Keranyo,3.0,214.0,38.66448576228889,8.981861901777028,0,1,13,47,93,110,150.0,547.0,1683.0,3362.0,5418.0,7718.0,10.520148786680146,14.807531542598372,10,6
56545.0,61.0,Kolfe Keranyo,3.0,214.0,38.66448576228889,8.981861901777028,0,1,13,47,93,110,150.0,547.0,1683.0,3362.0,5418.0,7718.0,10.520148786680146,14.807531542598372,10,6
45800.0,100.0,Kolfe Keranyo,3.0,546.0,38.66448576228889,8.981861901777028,0,1,13,47,93,110,150.0,547.0,1683.0,3362.0,5418.0,7718.0,10.520148786680146,14.807531542598372,10,6
51999.0,52.0,Kolfe Keranyo,3.0,546.0,38.66448576228889,8.981861901777028,0,1,13,47,93,110,150.0,547.0,1683.0,3362.0,5418.0,7718.0,10.520148786680146,14.807531542598372,10,6
33000.0,100.0,Kolfe Keranyo,3.0,546.0,38.66448576228889,8.981861901777028,0,1,13,47,93,110,150.0,547.0,1683.0,3362.0,5418.0,7718.0,10.520148786680146,14.807531542598372,10,6
110000.0,100.0,Kolfe Keranyo,7.0,134.0,38.682952902214105,9.007266440069444,5,20,41,73,143,268,301.0,980.0,2790.0,4678.0,7413.0,10417.0,7.752207159766048,13.117666611593126,3,20
75000.0,100.0,Kolfe Keranyo,7.0,134.0,38.682952902214105,9.007266440069444,5,20,41,73,143,268,301.0,980.0,2790.0,4678.0,7413.0,10417.0,7.752207159766048,13.117666611593126,3,20
56101.0,100.0,Kolfe Keranyo,7.0,134.0,38.682952902214105,9.007266440069444,5,20,41,73,143,268,301.0,980.0,2790.0,4678.0,7413.0,10417.0,7.752207159766048,13.117666611593126,3,20
72500.0,100.0,Kolfe Keranyo,7.0,120.0,38.682952902214105,9.007266440069444,5,20,41,73,143,268,301.0,980.0,2790.0,4678.0,7413.0,10417.0,7.752207159766048,13.117666611593126,3,20
101023.0,50.0,Kolfe Keranyo,7.0,120.0,38.682952902214105,9.007266440069444,5,20,41,73,143,268,301.0,980.0,2790.0,4678.0,7413.0,10417.0,7.752207159766048,13.117666611593126,3,20
65600.0,100.0,Kolfe Keranyo,7.0,120.0,38.682952902214105,9.007266440069444,5,20,41,73,143,268,301.0,980.0,2790.0,4678.0,7413.0,10417.0,7.752207159766048,13.117666611593126,3,20
51857.0,100.0,Kolfe Keranyo,3.0,106.0,38.66448576228889,8.981861901777028,0,1,13,47,93,110,150.0,547.0,1683.0,3362.0,5418.0,7718.0,10.520148786680146,14.807531542598372,10,6
45100.0,90.0,Kolfe Keranyo,3.0,106.0,38.66448576228889,8.981861901777028,0,1,13,47,93,110,150.0,547.0,1683.0,3362.0,5418.0,7718.0,10.520148786680146,14.807531542598372,10,6
33100.0,100.0,Kolfe Keranyo,3.0,106.0,38.66448576228889,8.981861901777028,0,1,13,47,93,110,150.0,547.0,1683.0,3362.0,5418.0,7718.0,10.520148786680146,14.807531542598372,10,6
39125.0,100.0,Kolfe Keranyo,3.0,134.0,38.66448576228889,8.981861901777028,0,1,13,47,93,110,150.0,547.0,1683.0,3362.0,5418.0,7718.0,10.520148786680146,14.807531542598372,10,6
37857.0,100.0,Kolfe Keranyo,3.0,134.0,38.66448576228889,8.981861901777028,0,1,13,47,93,110,150.0,547.0,1683.0,3362.0,5418.0,7718.0,10.520148786680146,14.807531542598372,10,6
52001.0,40.0,Kolfe Keranyo,3.0,134.0,38.66448576228889,8.981861901777028,0,1,13,47,93,110,150.0,547.0,1683.0,3362.0,5418.0,7718.0,10.520148786680146,14.807531542598372,10,6
470422.54,40.0,Kirkos,2.0,213.0,38.76618095515892,8.993686014026173,22,111,450,993,1398,1844,172.0,586.0,2232.0,4209.0,7305.0,11370.0,3.2103289929036403,3.917706012093711,2,41
464788.73,40.0,Kirkos,2.0,213.0,38.76618095515892,8.993686014026173,22,111,450,993,1398,1844,172.0,586.0,2232.0,4209.0,7305.0,11370.0,3.2103289929036403,3.917706012093711,2,41
123123.0,100.0,Kirkos,2.0,213.0,38.76618095515892,8.993686014026173,22,111,450,993,1398,1844,172.0,586.0,2232.0,4209.0,7305.0,11370.0,3.2103289929036403,3.917706012093711,2,41
77355.0,61.0,Yeka,10.0,518.0,38.81551144932411,9.05976397126058,0,0,2,12,79,355,47.0,101.0,427.0,1076.0,2480.0,4902.0,8.259820379531071,8.980864821038413,8,2
70209.99,56.0,Yeka,10.0,518.0,38.81551144932411,9.05976397126058,0,0,2,12,79,355,47.0,101.0,427.0,1076.0,2480.0,4902.0,8.259820379531071,8.980864821038413,8,2
28889.0,100.0,Yeka,10.0,518.0,38.81551144932411,9.05976397126058,0,0,2,12,79,355,47.0,101.0,427.0,1076.0,2480.0,4902.0,8.259820379531071,8.980864821038413,8,2
35488.0,90.0,Yeka,10.0,490.0,38.81551144932411,9.05976397126058,0,0,2,12,79,355,47.0,101.0,427.0,1076.0,2480.0,4902.0,8.259820379531071,8.980864821038413,8,2
47770.0,50.0,Yeka,10.0,490.0,38.81551144932411,9.05976397126058,0,0,2,12,79,355,47.0,101.0,427.0,1076.0,2480.0,4902.0,8.259820379531071,8.980864821038413,8,2
31200.0,100.0,Yeka,10.0,490.0,38.81551144932411,9.05976397126058,0,0,2,12,79,355,47.0,101.0,427.0,1076.0,2480.0,4902.0,8.259820379531071,8.980864821038413,8,2
55550.0,70.0,Gulele,7.0,288.0,38.73876325393147,9.070532817420135,2,9,41,162,313,615,181.0,563.0,1646.0,3095.0,4875.0,7364.0,5.9039090321500725,12.008239156826676,6,23
63885.45,40.0,Gulele,7.0,288.0,38.73876325393147,9.070532817420135,2,9,41,162,313,615,181.0,563.0,1646.0,3095.0,4875.0,7364.0,5.9039090321500725,12.008239156826676,6,23
35601.0,100.0,Gulele,7.0,288.0,38.73876325393147,9.070532817420135,2,9,41,162,313,615,181.0,563.0,1646.0,3095.0,4875.0,7364.0,5.9039090321500725,12.008239156826676,6,23
100006.0,40.0,Gulele,7.0,131.0,38.73876325393147,9.070532817420135,2,9,41,162,313,615,181.0,563.0,1646.0,3095.0,4875.0,7364.0,5.9039090321500725,12.008239156826676,6,23
45000.0,100.0,Gulele,7.0,131.0,38.73876325393147,9.070532817420135,2,9,41,162,313,615,181.0,563.0,1646.0,3095.0,4875.0,7364.0,5.9039090321500725,12.008239156826676,6,23
35500.0,100.0,Gulele,7.0,131.0,38.73876325393147,9.070532817420135,2,9,41,162,313,615,181.0,563.0,1646.0,3095.0,4875.0,7364.0,5.9039090321500725,12.008239156826676,6,23
78830.0,100.0,Bole,12.0,444.0,38.80686784038126,8.956717827291401,0,1,23,51,222,556,24.0,122.0,568.0,1274.0,3146.0,5690.0,9.161099178853291,2.7826260888801313,5,6
107000.0,60.0,Bole,12.0,444.0,38.80686784038126,8.956717827291401,0,1,23,51,222,556,24.0,122.0,568.0,1274.0,3146.0,5690.0,9.161099178853291,2.7826260888801313,5,6
67568.0,100.0,Bole,12.0,444.0,38.80686784038126,8.956717827291401,0,1,23,51,222,556,24.0,122.0,568.0,1274.0,3146.0,5690.0,9.161099178853291,2.7826260888801313,5,6
181102.36,50.0,Lideta,4.0,127.0,38.73408832926543,9.016605708939036,28,70,354,710,1128,1443,202.0,697.0,2266.0,4654.0,8197.0,13163.0,2.0424529651821546,8.20505349040465,14,38
170500.0,52.0,Lideta,4.0,127.0,38.73408832926543,9.016605708939036,28,70,354,710,1128,1443,202.0,697.0,2266.0,4654.0,8197.0,13163.0,2.0424529651821546,8.20505349040465,14,38
103333.33,100.0,Lideta,4.0,127.0,38.73408832926543,9.016605708939036,28,70,354,710,1128,1443,202.0,697.0,2266.0,4654.0,8197.0,13163.0,2.0424529651821546,8.20505349040465,14,38
46000.0,100.0,Lideta,6.0,297.0,38.74385423627661,9.022709987875915,16,140,491,903,1248,1715,175.0,720.0,2316.0,4625.0,8259.0,12804.0,1.0265619200616296,7.681488766775965,2,48
51750.0,55.0,Lideta,6.0,297.0,38.74385423627661,9.022709987875915,16,140,491,903,1248,1715,175.0,720.0,2316.0,4625.0,8259.0,12804.0,1.0265619200616296,7.681488766775965,2,48
32000.0,100.0,Lideta,6.0,297.0,38.74385423627661,9.022709987875915,16,140,491,903,1248,1715,175.0,720.0,2316.0,4625.0,8259.0,12804.0,1.0265619200616296,7.681488766775965,2,48
70000.0,100.0,Lideta,10.0,199.0,38.73793230379948,9.0045317577699,8,117,360,658,1143,1571,128.0,481.0,2125.0,4507.0,8073.0,12578.0,2.2846922955148905,7.24621906365503,14,44
101998.99,40.0,Lideta,10.0,199.0,38.73793230379948,9.0045317577699,8,117,360,658,1143,1571,128.0,481.0,2125.0,4507.0,8073.0,12578.0,2.2846922955148905,7.24621906365503,14,44
33500.0,100.0,Lideta,10.0,199.0,38.73793230379948,9.0045317577699,8,117,360,658,1143,1571,128.0,481.0,2125.0,4507.0,8073.0,12578.0,2.2846922955148905,7.24621906365503,14,44
45600.0,75.0,Akaki Kality,4.0,406.0,38.76162967755072,8.878099647196903,4,13,33,69,82,100,53.0,207.0,678.0,1438.0,2262.0,3466.0,15.721658669483254,12.12544200092115,7,15
35800.0,100.0,Akaki Kality,4.0,406.0,38.76162967755072,8.878099647196903,4,13,33,69,82,100,53.0,207.0,678.0,1438.0,2262.0,3466.0,15.721658669483254,12.12544200092115,7,15
11200.0,100.0,Akaki Kality,4.0,406.0,38.76162967755072,8.878099647196903,4,13,33,69,82,100,53.0,207.0,678.0,1438.0,2262.0,3466.0,15.721658669483254,12.12544200092115,7,15
40100.0,40.0,Akaki Kality,4.0,523.0,38.76162967755072,8.878099647196903,4,13,33,69,82,100,53.0,207.0,678.0,1438.0,2262.0,3466.0,15.721658669483254,12.12544200092115,7,15
18150.0,100.0,Akaki Kality,4.0,523.0,38.76162967755072,8.878099647196903,4,13,33,69,82,100,53.0,207.0,678.0,1438.0,2262.0,3466.0,15.721658669483254,12.12544200092115,7,15
16561.0,60.0,Akaki Kality,4.0,523.0,38.76162967755072,8.878099647196903,4,13,33,69,82,100,53.0,207.0,678.0,1438.0,2262.0,3466.0,15.721658669483254,12.12544200092115,7,15
49500.0,100.0,Akaki Kality,1.0,194.0,38.79769047574577,8.871845782757074,0,8,37,73,108,121,181.0,567.0,1559.0,2513.0,3366.0,4271.0,17.12043187299996,12.094209608271989,4,21
46392.0,100.0,Akaki Kality,1.0,194.0,38.79769047574577,8.871845782757074,0,8,37,73,108,121,181.0,567.0,1559.0,2513.0,3366.0,4271.0,17.12043187299996,12.094209608271989,4,21
75000.0,41.0,Akaki Kality,1.0,194.0,38.79769047574577,8.871845782757074,0,8,37,73,108,121,181.0,567.0,1559.0,2513.0,3366.0,4271.0,17.12043187299996,12.094209608271989,4,21
42151.0,100.0,Akaki Kality,1.0,233.0,38.79769047574577,8.871845782757074,0,8,37,73,108,121,181.0,567.0,1559.0,2513.0,3366.0,4271.0,17.12043187299996,12.094209608271989,4,21
20150.0,100.0,Akaki Kality,1.0,233.0,38.79769047574577,8.871845782757074,0,8,37,73,108,121,181.0,567.0,1559.0,2513.0,3366.0,4271.0,17.12043187299996,12.094209608271989,4,21
20850.0,81.0,Akaki Kality,1.0,233.0,38.79769047574577,8.871845782757074,0,8,37,73,108,121,181.0,567.0,1559.0,2513.0,3366.0,4271.0,17.12043187299996,12.094209608271989,4,21
51777.0,41.0,Akaki Kality,1.0,231.0,38.79769047574577,8.871845782757074,0,8,37,73,108,121,181.0,567.0,1559.0,2513.0,3366.0,4271.0,17.12043187299996,12.094209608271989,4,21
39000.0,75.0,Akaki Kality,1.0,231.0,38.79769047574577,8.871845782757074,0,8,37,73,108,121,181.0,567.0,1559.0,2513.0,3366.0,4271.0,17.12043187299996,12.094209608271989,4,21
29000.0,100.0,Akaki Kality,1.0,231.0,38.79769047574577,8.871845782757074,0,8,37,73,108,121,181.0,567.0,1559.0,2513.0,3366.0,4271.0,17.12043187299996,12.094209608271989,4,21
28570.0,100.0,Akaki Kality,1.0,229.0,38.79769047574577,8.871845782757074,0,8,37,73,108,121,181.0,567.0,1559.0,2513.0,3366.0,4271.0,17.12043187299996,12.094209608271989,4,21
32164.0,51.0,Akaki Kality,1.0,229.0,38.79769047574577,8.871845782757074,0,8,37,73,108,121,181.0,567.0,1559.0,2513.0,3366.0,4271.0,17.12043187299996,12.094209608271989,4,21
26900.0,60.0,Akaki Kality,1.0,229.0,38.79769047574577,8.871845782757074,0,8,37,73,108,121,181.0,567.0,1559.0,2513.0,3366.0,4271.0,17.12043187299996,12.094209608271989,4,21
37001.0,100.0,Akaki Kality,1.0,282.0,38.79769047574577,8.871845782757074,0,8,37,73,108,121,181.0,567.0,1559.0,2513.0,3366.0,4271.0,17.12043187299996,12.094209608271989,4,21
51100.0,40.0,Akaki Kality,1.0,282.0,38.79769047574577,8.871845782757074,0,8,37,73,108,121,181.0,567.0,1559.0,2513.0,3366.0,4271.0,17.12043187299996,12.094209608271989,4,21
29000.0,100.0,Akaki Kality,1.0,282.0,38.79769047574577,8.871845782757074,0,8,37,73,108,121,181.0,567.0,1559.0,2513.0,3366.0,4271.0,17.12043187299996,12.094209608271989,4,21
50550.0,70.0,Akaki Kality,1.0,282.0,38.79769047574577,8.871845782757074,0,8,37,73,108,121,181.0,567.0,1559.0,2513.0,3366.0,4271.0,17.12043187299996,12.094209608271989,4,21
34230.0,100.0,Akaki Kality,1.0,282.0,38.79769047574577,8.871845782757074,0,8,37,73,108,121,181.0,567.0,1559.0,2513.0,3366.0,4271.0,17.12043187299996,12.094209608271989,4,21
44680.85,65.08,Akaki Kality,1.0,282.0,38.79769047574577,8.871845782757074,0,8,37,73,108,121,181.0,567.0,1559.0,2513.0,3366.0,4271.0,17.12043187299996,12.094209608271989,4,21
61490.0,60.0,Akaki Kality,1.0,235.0,38.79769047574577,8.871845782757074,0,8,37,73,108,121,181.0,567.0,1559.0,2513.0,3366.0,4271.0,17.12043187299996,12.094209608271989,4,21
40500.0,100.0,Akaki Kality,1.0,235.0,38.79769047574577,8.871845782757074,0,8,37,73,108,121,181.0,567.0,1559.0,2513.0,3366.0,4271.0,17.12043187299996,12.094209608271989,4,21
36421.2,100.0,Akaki Kality,1.0,235.0,38.79769047574577,8.871845782757074,0,8,37,73,108,121,181.0,567.0,1559.0,2513.0,3366.0,4271.0,17.12043187299996,12.094209608271989,4,21
38500.0,75.0,Akaki Kality,1.0,235.0,38.79769047574577,8.871845782757074,0,8,37,73,108,121,181.0,567.0,1559.0,2513.0,3366.0,4271.0,17.12043187299996,12.094209608271989,4,21
21800.0,100.0,Akaki Kality,1.0,235.0,38.79769047574577,8.871845782757074,0,8,37,73,108,121,181.0,567.0,1559.0,2513.0,3366.0,4271.0,17.12043187299996,12.094209608271989,4,21
25744.4,83.0,Akaki Kality,1.0,235.0,38.79769047574577,8.871845782757074,0,8,37,73,108,121,181.0,567.0,1559.0,2513.0,3366.0,4271.0,17.12043187299996,12.094209608271989,4,21
45700.0,40.0,Akaki Kality,1.0,235.0,38.79769047574577,8.871845782757074,0,8,37,73,108,121,181.0,567.0,1559.0,2513.0,3366.0,4271.0,17.12043187299996,12.094209608271989,4,21
27005.0,100.0,Akaki Kality,1.0,235.0,38.79769047574577,8.871845782757074,0,8,37,73,108,121,181.0,567.0,1559.0,2513.0,3366.0,4271.0,17.12043187299996,12.094209608271989,4,21
22100.0,100.0,Akaki Kality,1.0,235.0,38.79769047574577,8.871845782757074,0,8,37,73,108,121,181.0,567.0,1559.0,2513.0,3366.0,4271.0,17.12043187299996,12.094209608271989,4,21
51000.0,50.0,Akaki Kality,1.0,244.0,38.79769047574577,8.871845782757074,0,8,37,73,108,121,181.0,567.0,1559.0,2513.0,3366.0,4271.0,17.12043187299996,12.094209608271989,4,21
23800.0,100.0,Akaki Kality,1.0,244.0,38.79769047574577,8.871845782757074,0,8,37,73,108,121,181.0,567.0,1559.0,2513.0,3366.0,4271.0,17.12043187299996,12.094209608271989,4,21
23000.0,100.0,Akaki Kality,1.0,244.0,38.79769047574577,8.871845782757074,0,8,37,73,108,121,181.0,567.0,1559.0,2513.0,3366.0,4271.0,17.12043187299996,12.094209608271989,4,21
61990.0,40.0,Akaki Kality,1.0,245.0,38.79769047574577,8.871845782757074,0,8,37,73,108,121,181.0,567.0,1559.0,2513.0,3366.0,4271.0,17.12043187299996,12.094209608271989,4,21
32333.0,100.0,Akaki Kality,1.0,245.0,38.79769047574577,8.871845782757074,0,8,37,73,108,121,181.0,567.0,1559.0,2513.0,3366.0,4271.0,17.12043187299996,12.094209608271989,4,21
22200.0,100.0,Akaki Kality,1.0,245.0,38.79769047574577,8.871845782757074,0,8,37,73,108,121,181.0,567.0,1559.0,2513.0,3366.0,4271.0,17.12043187299996,12.094209608271989,4,21
64400.0,89.0,Akaki Kality,1.0,500.0,38.79769047574577,8.871845782757074,0,8,37,73,108,121,181.0,567.0,1559.0,2513.0,3366.0,4271.0,17.12043187299996,12.094209608271989,4,21
56099.0,100.0,Akaki Kality,1.0,500.0,38.79769047574577,8.871845782757074,0,8,37,73,108,121,181.0,567.0,1559.0,2513.0,3366.0,4271.0,17.12043187299996,12.094209608271989,4,21
43000.0,100.0,Akaki Kality,1.0,500.0,38.79769047574577,8.871845782757074,0,8,37,73,108,121,181.0,567.0,1559.0,2513.0,3366.0,4271.0,17.12043187299996,12.094209608271989,4,21
60400.0,95.0,Akaki Kality,1.0,500.0,38.79769047574577,8.871845782757074,0,8,37,73,108,121,181.0,567.0,1559.0,2513.0,3366.0,4271.0,17.12043187299996,12.094209608271989,4,21
56400.0,66.0,Akaki Kality,1.0,500.0,38.79769047574577,8.871845782757074,0,8,37,73,108,121,181.0,567.0,1559.0,2513.0,3366.0,4271.0,17.12043187299996,12.094209608271989,4,21
42000.0,100.0,Akaki Kality,1.0,500.0,38.79769047574577,8.871845782757074,0,8,37,73,108,121,181.0,567.0,1559.0,2513.0,3366.0,4271.0,17.12043187299996,12.094209608271989,4,21
53963.0,100.0,Akaki Kality,1.0,500.0,38.79769047574577,8.871845782757074,0,8,37,73,108,121,181.0,567.0,1559.0,2513.0,3366.0,4271.0,17.12043187299996,12.094209608271989,4,21
56300.0,93.07,Akaki Kality,1.0,500.0,38.79769047574577,8.871845782757074,0,8,37,73,108,121,181.0,567.0,1559.0,2513.0,3366.0,4271.0,17.12043187299996,12.094209608271989,4,21
56200.0,63.0,Akaki Kality,1.0,500.0,38.79769047574577,8.871845782757074,0,8,37,73,108,121,181.0,567.0,1559.0,2513.0,3366.0,4271.0,17.12043187299996,12.094209608271989,4,21
51999.0,100.0,Akaki Kality,1.0,500.0,38.79769047574577,8.871845782757074,0,8,37,73,108,121,181.0,567.0,1559.0,2513.0,3366.0,4271.0,17.12043187299996,12.094209608271989,4,21
56300.0,64.0,Akaki Kality,1.0,500.0,38.79769047574577,8.871845782757074,0,8,37,73,108,121,181.0,567.0,1559.0,2513.0,3366.0,4271.0,17.12043187299996,12.094209608271989,4,21
33689.0,100.0,Akaki Kality,1.0,500.0,38.79769047574577,8.871845782757074,0,8,37,73,108,121,181.0,567.0,1559.0,2513.0,3366.0,4271.0,17.12043187299996,12.094209608271989,4,21
43680.0,100.0,Akaki Kality,1.0,245.0,38.79769047574577,8.871845782757074,0,8,37,73,108,121,181.0,567.0,1559.0,2513.0,3366.0,4271.0,17.12043187299996,12.094209608271989,4,21
43265.3,77.36,Akaki Kality,1.0,245.0,38.79769047574577,8.871845782757074,0,8,37,73,108,121,181.0,567.0,1559.0,2513.0,3366.0,4271.0,17.12043187299996,12.094209608271989,4,21
45099.0,43.0,Akaki Kality,1.0,245.0,38.79769047574577,8.871845782757074,0,8,37,73,108,121,181.0,567.0,1559.0,2513.0,3366.0,4271.0,17.12043187299996,12.094209608271989,4,21
31199.5,100.0,Akaki Kality,1.0,246.0,38.79769047574577,8.871845782757074,0,8,37,73,108,121,181.0,567.0,1559.0,2513.0,3366.0,4271.0,17.12043187299996,12.094209608271989,4,21
27350.0,100.0,Akaki Kality,1.0,246.0,38.79769047574577,8.871845782757074,0,8,37,73,108,121,181.0,567.0,1559.0,2513.0,3366.0,4271.0,17.12043187299996,12.094209608271989,4,21
41275.9,46.0,Akaki Kality,1.0,246.0,38.79769047574577,8.871845782757074,0,8,37,73,108,121,181.0,567.0,1559.0,2513.0,3366.0,4271.0,17.12043187299996,12.094209608271989,4,21
27512.0,40.0,Akaki Kality,1.0,247.0,38.79769047574577,8.871845782757074,0,8,37,73,108,121,181.0,567.0,1559.0,2513.0,3366.0,4271.0,17.12043187299996,12.094209608271989,4,21
12999.9,70.0,Akaki Kality,1.0,247.0,38.79769047574577,8.871845782757074,0,8,37,73,108,121,181.0,567.0,1559.0,2513.0,3366.0,4271.0,17.12043187299996,12.094209608271989,4,21
6005.0,40.0,Akaki Kality,1.0,247.0,38.79769047574577,8.871845782757074,0,8,37,73,108,121,181.0,567.0,1559.0,2513.0,3366.0,4271.0,17.12043187299996,12.094209608271989,4,21
25505.0,100.0,Akaki Kality,1.0,247.0,38.79769047574577,8.871845782757074,0,8,37,73,108,121,181.0,567.0,1559.0,2513.0,3366.0,4271.0,17.12043187299996,12.094209608271989,4,21
22600.0,100.0,Akaki Kality,1.0,247.0,38.79769047574577,8.871845782757074,0,8,37,73,108,121,181.0,567.0,1559.0,2513.0,3366.0,4271.0,17.12043187299996,12.094209608271989,4,21
22500.0,70.0,Akaki Kality,1.0,247.0,38.79769047574577,8.871845782757074,0,8,37,73,108,121,181.0,567.0,1559.0,2513.0,3366.0,4271.0,17.12043187299996,12.094209608271989,4,21
87000.0,40.0,Akaki Kality,1.0,248.0,38.79769047574577,8.871845782757074,0,8,37,73,108,121,181.0,567.0,1559.0,2513.0,3366.0,4271.0,17.12043187299996,12.094209608271989,4,21
38450.0,100.0,Akaki Kality,1.0,248.0,38.79769047574577,8.871845782757074,0,8,37,73,108,121,181.0,567.0,1559.0,2513.0,3366.0,4271.0,17.12043187299996,12.094209608271989,4,21
25505.0,100.0,Akaki Kality,1.0,248.0,38.79769047574577,8.871845782757074,0,8,37,73,108,121,181.0,567.0,1559.0,2513.0,3366.0,4271.0,17.12043187299996,12.094209608271989,4,21
70000.0,42.0,Akaki Kality,1.0,250.0,38.79769047574577,8.871845782757074,0,8,37,73,108,121,181.0,567.0,1559.0,2513.0,3366.0,4271.0,17.12043187299996,12.094209608271989,4,21
40125.0,100.0,Akaki Kality,1.0,250.0,38.79769047574577,8.871845782757074,0,8,37,73,108,121,181.0,567.0,1559.0,2513.0,3366.0,4271.0,17.12043187299996,12.094209608271989,4,21
40100.0,100.0,Akaki Kality,1.0,250.0,38.79769047574577,8.871845782757074,0,8,37,73,108,121,181.0,567.0,1559.0,2513.0,3366.0,4271.0,17.12043187299996,12.094209608271989,4,21
55820.28,60.0,Akaki Kality,1.0,500.0,38.79769047574577,8.871845782757074,0,8,37,73,108,121,181.0,567.0,1559.0,2513.0,3366.0,4271.0,17.12043187299996,12.094209608271989,4,21
30200.0,100.0,Akaki Kality,1.0,500.0,38.79769047574577,8.871845782757074,0,8,37,73,108,121,181.0,567.0,1559.0,2513.0,3366.0,4271.0,17.12043187299996,12.094209608271989,4,21
28111.0,100.0,Akaki Kality,1.0,500.0,38.79769047574577,8.871845782757074,0,8,37,73,108,121,181.0,567.0,1559.0,2513.0,3366.0,4271.0,17.12043187299996,12.094209608271989,4,21
52200.0,78.16,Akaki Kality,1.0,500.0,38.79769047574577,8.871845782757074,0,8,37,73,108,121,181.0,567.0,1559.0,2513.0,3366.0,4271.0,17.12043187299996,12.094209608271989,4,21
62100.0,40.0,Akaki Kality,1.0,500.0,38.79769047574577,8.871845782757074,0,8,37,73,108,121,181.0,567.0,1559.0,2513.0,3366.0,4271.0,17.12043187299996,12.094209608271989,4,21
55930.2,50.0,Akaki Kality,1.0,500.0,38.79769047574577,8.871845782757074,0,8,37,73,108,121,181.0,567.0,1559.0,2513.0,3366.0,4271.0,17.12043187299996,12.094209608271989,4,21
311000.0,100.0,Arada,1.0,977.0,38.75123305118187,9.027612709698548,50,158,556,885,1408,1784,136.0,574.0,2187.0,4751.0,8381.0,12177.0,0.9457411877053272,7.429314787912768,2,45
350000.0,50.0,Arada,1.0,977.0,38.75123305118187,9.027612709698548,50,158,556,885,1408,1784,136.0,574.0,2187.0,4751.0,8381.0,12177.0,0.9457411877053272,7.429314787912768,2,45
125150.0,100.0,Arada,1.0,977.0,38.75123305118187,9.027612709698548,50,158,556,885,1408,1784,136.0,574.0,2187.0,4751.0,8381.0,12177.0,0.9457411877053272,7.429314787912768,2,45
153847.0,100.0,Arada,1.0,650.0,38.75123305118187,9.027612709698548,50,158,556,885,1408,1784,136.0,574.0,2187.0,4751.0,8381.0,12177.0,0.9457411877053272,7.429314787912768,2,45
212000.0,40.0,Arada,1.0,650.0,38.75123305118187,9.027612709698548,50,158,556,885,1408,1784,136.0,574.0,2187.0,4751.0,8381.0,12177.0,0.9457411877053272,7.429314787912768,2,45
112000.0,100.0,Arada,1.0,650.0,38.75123305118187,9.027612709698548,50,158,556,885,1408,1784,136.0,574.0,2187.0,4751.0,8381.0,12177.0,0.9457411877053272,7.429314787912768,2,45
240000.0,50.0,Arada,1.0,789.0,38.75123305118187,9.027612709698548,50,158,556,885,1408,1784,136.0,574.0,2187.0,4751.0,8381.0,12177.0,0.9457411877053272,7.429314787912768,2,45
253500.0,40.0,Arada,1.0,789.0,38.75123305118187,9.027612709698548,50,158,556,885,1408,1784,136.0,574.0,2187.0,4751.0,8381.0,12177.0,0.9457411877053272,7.429314787912768,2,45
141200.0,100.0,Arada,1.0,789.0,38.75123305118187,9.027612709698548,50,158,556,885,1408,1784,136.0,574.0,2187.0,4751.0,8381.0,12177.0,0.9457411877053272,7.429314787912768,2,45
298511.0,51.0,Arada,1.0,723.0,38.75123305118187,9.027612709698548,50,158,556,885,1408,1784,136.0,574.0,2187.0,4751.0,8381.0,12177.0,0.9457411877053272,7.429314787912768,2,45
138330.0,100.0,Arada,1.0,723.0,38.75123305118187,9.027612709698548,50,158,556,885,1408,1784,136.0,574.0,2187.0,4751.0,8381.0,12177.0,0.9457411877053272,7.429314787912768,2,45
195024.0,40.0,Arada,1.0,723.0,38.75123305118187,9.027612709698548,50,158,556,885,1408,1784,136.0,574.0,2187.0,4751.0,8381.0,12177.0,0.9457411877053272,7.429314787912768,2,45
128000.0,50.0,Arada,5.0,2179.0,38.74936281529376,9.039900449103891,27,130,373,689,1098,1456,204.0,660.0,2265.0,5062.0,8113.0,10783.0,2.3274245681538526,8.576511455641652,2,42
100500.0,50.0,Arada,5.0,2179.0,38.74936281529376,9.039900449103891,27,130,373,689,1098,1456,204.0,660.0,2265.0,5062.0,8113.0,10783.0,2.3274245681538526,8.576511455641652,2,42
80000.0,60.0,Arada,5.0,2179.0,38.74936281529376,9.039900449103891,27,130,373,689,1098,1456,204.0,660.0,2265.0,5062.0,8113.0,10783.0,2.3274245681538526,8.576511455641652,2,42
70900.0,100.0,Arada,5.0,2064.0,38.74936281529376,9.039900449103891,27,130,373,689,1098,1456,204.0,660.0,2265.0,5062.0,8113.0,10783.0,2.3274245681538526,8.576511455641652,2,42
47500.0,40.0,Arada,5.0,2064.0,38.74936281529376,9.039900449103891,27,130,373,689,1098,1456,204.0,660.0,2265.0,5062.0,8113.0,10783.0,2.3274245681538526,8.576511455641652,2,42
43500.0,40.0,Arada,5.0,2064.0,38.74936281529376,9.039900449103891,27,130,373,689,1098,1456,204.0,660.0,2265.0,5062.0,8113.0,10783.0,2.3274245681538526,8.576511455641652,2,42
89963.0,100.0,Arada,5.0,1819.0,38.74936281529376,9.039900449103891,27,130,373,689,1098,1456,204.0,660.0,2265.0,5062.0,8113.0,10783.0,2.3274245681538526,8.576511455641652,2,42
43900.0,80.0,Arada,5.0,1819.0,38.74936281529376,9.039900449103891,27,130,373,689,1098,1456,204.0,660.0,2265.0,5062.0,8113.0,10783.0,2.3274245681538526,8.576511455641652,2,42
52022.0,42.0,Arada,5.0,1819.0,38.74936281529376,9.039900449103891,27,130,373,689,1098,1456,204.0,660.0,2265.0,5062.0,8113.0,10783.0,2.3274245681538526,8.576511455641652,2,42
125500.0,50.0,Arada,5.0,1994.0,38.74936281529376,9.039900449103891,27,130,373,689,1098,1456,204.0,660.0,2265.0,5062.0,8113.0,10783.0,2.3274245681538526,8.576511455641652,2,42
83000.0,100.0,Arada,5.0,1994.0,38.74936281529376,9.039900449103891,27,130,373,689,1098,1456,204.0,660.0,2265.0,5062.0,8113.0,10783.0,2.3274245681538526,8.576511455641652,2,42
80000.0,100.0,Arada,5.0,1994.0,38.74936281529376,9.039900449103891,27,130,373,689,1098,1456,204.0,660.0,2265.0,5062.0,8113.0,10783.0,2.3274245681538526,8.576511455641652,2,42
119000.0,40.0,Arada,5.0,1293.0,38.74936281529376,9.039900449103891,27,130,373,689,1098,1456,204.0,660.0,2265.0,5062.0,8113.0,10783.0,2.3274245681538526,8.576511455641652,2,42
52020.0,55.0,Arada,5.0,1293.0,38.74936281529376,9.039900449103891,27,130,373,689,1098,1456,204.0,660.0,2265.0,5062.0,8113.0,10783.0,2.3274245681538526,8.576511455641652,2,42
6003.12,40.0,Arada,5.0,1293.0,38.74936281529376,9.039900449103891,27,130,373,689,1098,1456,204.0,660.0,2265.0,5062.0,8113.0,10783.0,2.3274245681538526,8.576511455641652,2,42
127777.0,40.0,Arada,5.0,1273.0,38.74936281529376,9.039900449103891,27,130,373,689,1098,1456,204.0,660.0,2265.0,5062.0,8113.0,10783.0,2.3274245681538526,8.576511455641652,2,42
50100.0,100.0,Arada,5.0,1273.0,38.74936281529376,9.039900449103891,27,130,373,689,1098,1456,204.0,660.0,2265.0,5062.0,8113.0,10783.0,2.3274245681538526,8.576511455641652,2,42
40500.0,100.0,Arada,5.0,1273.0,38.74936281529376,9.039900449103891,27,130,373,689,1098,1456,204.0,660.0,2265.0,5062.0,8113.0,10783.0,2.3274245681538526,8.576511455641652,2,42
125927.13,50.0,Arada,5.0,729.0,38.74936281529376,9.039900449103891,27,130,373,689,1098,1456,204.0,660.0,2265.0,5062.0,8113.0,10783.0,2.3274245681538526,8.576511455641652,2,42
62010.0,100.0,Arada,5.0,729.0,38.74936281529376,9.039900449103891,27,130,373,689,1098,1456,204.0,660.0,2265.0,5062.0,8113.0,10783.0,2.3274245681538526,8.576511455641652,2,42
102656.0,40.0,Arada,5.0,729.0,38.74936281529376,9.039900449103891,27,130,373,689,1098,1456,204.0,660.0,2265.0,5062.0,8113.0,10783.0,2.3274245681538526,8.576511455641652,2,42
121513.0,100.0,Arada,1.0,907.0,38.75123305118187,9.027612709698548,50,158,556,885,1408,1784,136.0,574.0,2187.0,4751.0,8381.0,12177.0,0.9457411877053272,7.429314787912768,2,45
113456.23,100.0,Arada,1.0,907.0,38.75123305118187,9.027612709698548,50,158,556,885,1408,1784,136.0,574.0,2187.0,4751.0,8381.0,12177.0,0.9457411877053272,7.429314787912768,2,45
131000.0,50.0,Arada,1.0,907.0,38.75123305118187,9.027612709698548,50,158,556,885,1408,1784,136.0,574.0,2187.0,4751.0,8381.0,12177.0,0.9457411877053272,7.429314787912768,2,45
213000.0,40.0,Arada,1.0,1400.0,38.75123305118187,9.027612709698548,50,158,556,885,1408,1784,136.0,574.0,2187.0,4751.0,8381.0,12177.0,0.9457411877053272,7.429314787912768,2,45
91200.0,100.0,Arada,1.0,1400.0,38.75123305118187,9.027612709698548,50,158,556,885,1408,1784,136.0,574.0,2187.0,4751.0,8381.0,12177.0,0.9457411877053272,7.429314787912768,2,45
57200.0,100.0,Arada,1.0,1400.0,38.75123305118187,9.027612709698548,50,158,556,885,1408,1784,136.0,574.0,2187.0,4751.0,8381.0,12177.0,0.9457411877053272,7.429314787912768,2,45
264000.0,40.0,Arada,1.0,1384.0,38.75123305118187,9.027612709698548,50,158,556,885,1408,1784,136.0,574.0,2187.0,4751.0,8381.0,12177.0,0.9457411877053272,7.429314787912768,2,45
116000.0,100.0,Arada,1.0,1384.0,38.75123305118187,9.027612709698548,50,158,556,885,1408,1784,136.0,574.0,2187.0,4751.0,8381.0,12177.0,0.9457411877053272,7.429314787912768,2,45
86800.0,100.0,Arada,1.0,1384.0,38.75123305118187,9.027612709698548,50,158,556,885,1408,1784,136.0,574.0,2187.0,4751.0,8381.0,12177.0,0.9457411877053272,7.429314787912768,2,45
266000.0,40.0,Arada,1.0,951.0,38.75123305118187,9.027612709698548,50,158,556,885,1408,1784,136.0,574.0,2187.0,4751.0,8381.0,12177.0,0.9457411877053272,7.429314787912768,2,45
91600.0,100.0,Arada,1.0,951.0,38.75123305118187,9.027612709698548,50,158,556,885,1408,1784,136.0,574.0,2187.0,4751.0,8381.0,12177.0,0.9457411877053272,7.429314787912768,2,45
87791.69,100.0,Arada,1.0,951.0,38.75123305118187,9.027612709698548,50,158,556,885,1408,1784,136.0,574.0,2187.0,4751.0,8381.0,12177.0,0.9457411877053272,7.429314787912768,2,45
263000.0,40.0,Arada,1.0,942.0,38.75123305118187,9.027612709698548,50,158,556,885,1408,1784,136.0,574.0,2187.0,4751.0,8381.0,12177.0,0.9457411877053272,7.429314787912768,2,45
131515.0,100.0,Arada,1.0,942.0,38.75123305118187,9.027612709698548,50,158,556,885,1408,1784,136.0,574.0,2187.0,4751.0,8381.0,12177.0,0.9457411877053272,7.429314787912768,2,45
123422.59,100.0,Arada,1.0,942.0,38.75123305118187,9.027612709698548,50,158,556,885,1408,1784,136.0,574.0,2187.0,4751.0,8381.0,12177.0,0.9457411877053272,7.429314787912768,2,45
330000.0,40.0,Arada,1.0,1891.0,38.75123305118187,9.027612709698548,50,158,556,885,1408,1784,136.0,574.0,2187.0,4751.0,8381.0,12177.0,0.9457411877053272,7.429314787912768,2,45
325500.0,40.0,Arada,1.0,1891.0,38.75123305118187,9.027612709698548,50,158,556,885,1408,1784,136.0,574.0,2187.0,4751.0,8381.0,12177.0,0.9457411877053272,7.429314787912768,2,45
165900.0,100.0,Arada,1.0,1891.0,38.75123305118187,9.027612709698548,50,158,556,885,1408,1784,136.0,574.0,2187.0,4751.0,8381.0,12177.0,0.9457411877053272,7.429314787912768,2,45
120500.0,52.0,Arada,1.0,1174.0,38.75123305118187,9.027612709698548,50,158,556,885,1408,1784,136.0,574.0,2187.0,4751.0,8381.0,12177.0,0.9457411877053272,7.429314787912768,2,45
101000.0,60.0,Arada,1.0,1174.0,38.75123305118187,9.027612709698548,50,158,556,885,1408,1784,136.0,574.0,2187.0,4751.0,8381.0,12177.0,0.9457411877053272,7.429314787912768,2,45
100100.0,55.0,Arada,1.0,1174.0,38.75123305118187,9.027612709698548,50,158,556,885,1408,1784,136.0,574.0,2187.0,4751.0,8381.0,12177.0,0.9457411877053272,7.429314787912768,2,45
101000.0,40.0,Arada,1.0,1240.0,38.75123305118187,9.027612709698548,50,158,556,885,1408,1784,136.0,574.0,2187.0,4751.0,8381.0,12177.0,0.9457411877053272,7.429314787912768,2,45
90000.1,50.5,Arada,1.0,1240.0,38.75123305118187,9.027612709698548,50,158,556,885,1408,1784,136.0,574.0,2187.0,4751.0,8381.0,12177.0,0.9457411877053272,7.429314787912768,2,45
71010.0,60.0,Arada,1.0,1240.0,38.75123305118187,9.027612709698548,50,158,556,885,1408,1784,136.0,574.0,2187.0,4751.0,8381.0,12177.0,0.9457411877053272,7.429314787912768,2,45
102213.25,100.0,Arada,1.0,1585.0,38.75123305118187,9.027612709698548,50,158,556,885,1408,1784,136.0,574.0,2187.0,4751.0,8381.0,12177.0,0.9457411877053272,7.429314787912768,2,45
100100.0,50.0,Arada,1.0,1585.0,38.75123305118187,9.027612709698548,50,158,556,885,1408,1784,136.0,574.0,2187.0,4751.0,8381.0,12177.0,0.9457411877053272,7.429314787912768,2,45
42920.0,100.0,Arada,1.0,1585.0,38.75123305118187,9.027612709698548,50,158,556,885,1408,1784,136.0,574.0,2187.0,4751.0,8381.0,12177.0,0.9457411877053272,7.429314787912768,2,45
53040.0,50.0,Addis Ketema,10.0,828.0,38.71430633913609,9.04523783424222,10,38,140,260,451,780,155.0,589.0,2311.0,5129.0,8077.0,11493.0,5.096528574554598,11.780726233761454,14,26
41153.0,50.0,Addis Ketema,10.0,828.0,38.71430633913609,9.04523783424222,10,38,140,260,451,780,155.0,589.0,2311.0,5129.0,8077.0,11493.0,5.096528574554598,11.780726233761454,14,26
15000.0,100.0,Addis Ketema,10.0,828.0,38.71430633913609,9.04523783424222,10,38,140,260,451,780,155.0,589.0,2311.0,5129.0,8077.0,11493.0,5.096528574554598,11.780726233761454,14,26
30500.0,100.0,Nefas - Silk Lafto,1.0,460.0,38.71525280229387,8.937081370336346,0,1,41,132,204,284,72.0,474.0,1590.0,3313.0,5755.0,8450.0,10.005711746415352,10.4230046645541,0,16
25675.0,100.0,Nefas - Silk Lafto,1.0,460.0,38.71525280229387,8.937081370336346,0,1,41,132,204,284,72.0,474.0,1590.0,3313.0,5755.0,8450.0,10.005711746415352,10.4230046645541,0,16
24000.0,70.0,Nefas - Silk Lafto,1.0,460.0,38.71525280229387,8.937081370336346,0,1,41,132,204,284,72.0,474.0,1590.0,3313.0,5755.0,8450.0,10.005711746415352,10.4230046645541,0,16
56102.0,61.0,Nefas - Silk Lafto,1.0,454.0,38.71525280229387,8.937081370336346,0,1,41,132,204,284,72.0,474.0,1590.0,3313.0,5755.0,8450.0,10.005711746415352,10.4230046645541,0,16
51187.77,62.0,Nefas - Silk Lafto,1.0,454.0,38.71525280229387,8.937081370336346,0,1,41,132,204,284,72.0,474.0,1590.0,3313.0,5755.0,8450.0,10.005711746415352,10.4230046645541,0,16
47100.0,72.0,Nefas - Silk Lafto,1.0,454.0,38.71525280229387,8.937081370336346,0,1,41,132,204,284,72.0,474.0,1590.0,3313.0,5755.0,8450.0,10.005711746415352,10.4230046645541,0,16
41000.0,100.0,Nefas - Silk Lafto,1.0,460.0,38.71525280229387,8.937081370336346,0,1,41,132,204,284,72.0,474.0,1590.0,3313.0,5755.0,8450.0,10.005711746415352,10.4230046645541,0,16
28695.65,100.0,Nefas - Silk Lafto,1.0,460.0,38.71525280229387,8.937081370336346,0,1,41,132,204,284,72.0,474.0,1590.0,3313.0,5755.0,8450.0,10.005711746415352,10.4230046645541,0,16
28560.0,100.0,Nefas - Silk Lafto,1.0,460.0,38.71525280229387,8.937081370336346,0,1,41,132,204,284,72.0,474.0,1590.0,3313.0,5755.0,8450.0,10.005711746415352,10.4230046645541,0,16
75169.99,80.0,Nefas - Silk Lafto,1.0,437.0,38.71525280229387,8.937081370336346,0,1,41,132,204,284,72.0,474.0,1590.0,3313.0,5755.0,8450.0,10.005711746415352,10.4230046645541,0,16
51000.0,100.0,Nefas - Silk Lafto,1.0,437.0,38.71525280229387,8.937081370336346,0,1,41,132,204,284,72.0,474.0,1590.0,3313.0,5755.0,8450.0,10.005711746415352,10.4230046645541,0,16
35612.0,100.0,Nefas - Silk Lafto,1.0,437.0,38.71525280229387,8.937081370336346,0,1,41,132,204,284,72.0,474.0,1590.0,3313.0,5755.0,8450.0,10.005711746415352,10.4230046645541,0,16
31500.0,100.0,Nefas - Silk Lafto,1.0,460.0,38.71525280229387,8.937081370336346,0,1,41,132,204,284,72.0,474.0,1590.0,3313.0,5755.0,8450.0,10.005711746415352,10.4230046645541,0,16
31304.35,100.0,Nefas - Silk Lafto,1.0,460.0,38.71525280229387,8.937081370336346,0,1,41,132,204,284,72.0,474.0,1590.0,3313.0,5755.0,8450.0,10.005711746415352,10.4230046645541,0,16
32100.0,70.0,Nefas - Silk Lafto,1.0,460.0,38.71525280229387,8.937081370336346,0,1,41,132,204,284,72.0,474.0,1590.0,3313.0,5755.0,8450.0,10.005711746415352,10.4230046645541,0,16
121151.0,45.0,Nefas - Silk Lafto,1.0,436.0,38.71525280229387,8.937081370336346,0,1,41,132,204,284,72.0,474.0,1590.0,3313.0,5755.0,8450.0,10.005711746415352,10.4230046645541,0,16
66158.0,100.0,Nefas - Silk Lafto,1.0,436.0,38.71525280229387,8.937081370336346,0,1,41,132,204,284,72.0,474.0,1590.0,3313.0,5755.0,8450.0,10.005711746415352,10.4230046645541,0,16
45872.0,100.0,Nefas - Silk Lafto,1.0,436.0,38.71525280229387,8.937081370336346,0,1,41,132,204,284,72.0,474.0,1590.0,3313.0,5755.0,8450.0,10.005711746415352,10.4230046645541,0,16
91150.0,40.0,Nefas - Silk Lafto,1.0,460.0,38.71525280229387,8.937081370336346,0,1,41,132,204,284,72.0,474.0,1590.0,3313.0,5755.0,8450.0,10.005711746415352,10.4230046645541,0,16
41304.5,100.0,Nefas - Silk Lafto,1.0,460.0,38.71525280229387,8.937081370336346,0,1,41,132,204,284,72.0,474.0,1590.0,3313.0,5755.0,8450.0,10.005711746415352,10.4230046645541,0,16
63377.0,60.0,Nefas - Silk Lafto,1.0,460.0,38.71525280229387,8.937081370336346,0,1,41,132,204,284,72.0,474.0,1590.0,3313.0,5755.0,8450.0,10.005711746415352,10.4230046645541,0,16
66168.0,100.0,Nefas - Silk Lafto,1.0,465.0,38.71525280229387,8.937081370336346,0,1,41,132,204,284,72.0,474.0,1590.0,3313.0,5755.0,8450.0,10.005711746415352,10.4230046645541,0,16
60000.0,100.0,Nefas - Silk Lafto,1.0,465.0,38.71525280229387,8.937081370336346,0,1,41,132,204,284,72.0,474.0,1590.0,3313.0,5755.0,8450.0,10.005711746415352,10.4230046645541,0,16
69295.19,70.0,Nefas - Silk Lafto,1.0,465.0,38.71525280229387,8.937081370336346,0,1,41,132,204,284,72.0,474.0,1590.0,3313.0,5755.0,8450.0,10.005711746415352,10.4230046645541,0,16
73110.0,60.0,Nefas - Silk Lafto,1.0,749.0,38.71525280229387,8.937081370336346,0,1,41,132,204,284,72.0,474.0,1590.0,3313.0,5755.0,8450.0,10.005711746415352,10.4230046645541,0,16
41617.0,100.0,Nefas - Silk Lafto,1.0,749.0,38.71525280229387,8.937081370336346,0,1,41,132,204,284,72.0,474.0,1590.0,3313.0,5755.0,8450.0,10.005711746415352,10.4230046645541,0,16
67500.0,100.0,Nefas - Silk Lafto,1.0,310.0,38.71525280229387,8.937081370336346,0,1,41,132,204,284,72.0,474.0,1590.0,3313.0,5755.0,8450.0,10.005711746415352,10.4230046645541,0,16
101175.0,45.0,Nefas - Silk Lafto,1.0,310.0,38.71525280229387,8.937081370336346,0,1,41,132,204,284,72.0,474.0,1590.0,3313.0,5755.0,8450.0,10.005711746415352,10.4230046645541,0,16
55800.0,100.0,Nefas - Silk Lafto,1.0,310.0,38.71525280229387,8.937081370336346,0,1,41,132,204,284,72.0,474.0,1590.0,3313.0,5755.0,8450.0,10.005711746415352,10.4230046645541,0,16
46015.0,100.0,Nefas - Silk Lafto,1.0,310.0,38.71525280229387,8.937081370336346,0,1,41,132,204,284,72.0,474.0,1590.0,3313.0,5755.0,8450.0,10.005711746415352,10.4230046645541,0,16
48421.0,65.0,Nefas - Silk Lafto,1.0,310.0,38.71525280229387,8.937081370336346,0,1,41,132,204,284,72.0,474.0,1590.0,3313.0,5755.0,8450.0,10.005711746415352,10.4230046645541,0,16
41110.0,40.0,Nefas - Silk Lafto,1.0,310.0,38.71525280229387,8.937081370336346,0,1,41,132,204,284,72.0,474.0,1590.0,3313.0,5755.0,8450.0,10.005711746415352,10.4230046645541,0,16
69001.0,100.0,Nefas - Silk Lafto,1.0,510.0,38.71525280229387,8.937081370336346,0,1,41,132,204,284,72.0,474.0,1590.0,3313.0,5755.0,8450.0,10.005711746415352,10.4230046645541,0,16
68900.0,100.0,Nefas - Silk Lafto,1.0,510.0,38.71525280229387,8.937081370336346,0,1,41,132,204,284,72.0,474.0,1590.0,3313.0,5755.0,8450.0,10.005711746415352,10.4230046645541,0,16
62501.0,100.0,Nefas - Silk Lafto,1.0,510.0,38.71525280229387,8.937081370336346,0,1,41,132,204,284,72.0,474.0,1590.0,3313.0,5755.0,8450.0,10.005711746415352,10.4230046645541,0,16
28675.0,100.0,Nefas - Silk Lafto,1.0,500.0,38.71525280229387,8.937081370336346,0,1,41,132,204,284,72.0,474.0,1590.0,3313.0,5755.0,8450.0,10.005711746415352,10.4230046645541,0,16
25100.0,100.0,Nefas - Silk Lafto,1.0,500.0,38.71525280229387,8.937081370336346,0,1,41,132,204,284,72.0,474.0,1590.0,3313.0,5755.0,8450.0,10.005711746415352,10.4230046645541,0,16
36100.0,40.0,Nefas - Silk Lafto,1.0,500.0,38.71525280229387,8.937081370336346,0,1,41,132,204,284,72.0,474.0,1590.0,3313.0,5755.0,8450.0,10.005711746415352,10.4230046645541,0,16
60119.0,60.0,Nefas - Silk Lafto,1.0,507.0,38.71525280229387,8.937081370336346,0,1,41,132,204,284,72.0,474.0,1590.0,3313.0,5755.0,8450.0,10.005711746415352,10.4230046645541,0,16
51511.0,70.0,Nefas - Silk Lafto,1.0,507.0,38.71525280229387,8.937081370336346,0,1,41,132,204,284,72.0,474.0,1590.0,3313.0,5755.0,8450.0,10.005711746415352,10.4230046645541,0,16
55210.0,55.2,Nefas - Silk Lafto,1.0,507.0,38.71525280229387,8.937081370336346,0,1,41,132,204,284,72.0,474.0,1590.0,3313.0,5755.0,8450.0,10.005711746415352,10.4230046645541,0,16
46666.66,95.0,Nefas - Silk Lafto,1.0,500.0,38.71525280229387,8.937081370336346,0,1,41,132,204,284,72.0,474.0,1590.0,3313.0,5755.0,8450.0,10.005711746415352,10.4230046645541,0,16
41050.0,100.0,Nefas - Silk Lafto,1.0,500.0,38.71525280229387,8.937081370336346,0,1,41,132,204,284,72.0,474.0,1590.0,3313.0,5755.0,8450.0,10.005711746415352,10.4230046645541,0,16
32675.0,100.0,Nefas - Silk Lafto,1.0,500.0,38.71525280229387,8.937081370336346,0,1,41,132,204,284,72.0,474.0,1590.0,3313.0,5755.0,8450.0,10.005711746415352,10.4230046645541,0,16
46846.84,100.0,Nefas - Silk Lafto,1.0,555.0,38.71525280229387,8.937081370336346,0,1,41,132,204,284,72.0,474.0,1590.0,3313.0,5755.0,8450.0,10.005711746415352,10.4230046645541,0,16
41000.0,100.0,Nefas - Silk Lafto,1.0,555.0,38.71525280229387,8.937081370336346,0,1,41,132,204,284,72.0,474.0,1590.0,3313.0,5755.0,8450.0,10.005711746415352,10.4230046645541,0,16
41000.0,100.0,Nefas - Silk Lafto,1.0,555.0,38.71525280229387,8.937081370336346,0,1,41,132,204,284,72.0,474.0,1590.0,3313.0,5755.0,8450.0,10.005711746415352,10.4230046645541,0,16
41325.0,40.0,Nefas - Silk Lafto,1.0,325.0,38.71525280229387,8.937081370336346,0,1,41,132,204,284,72.0,474.0,1590.0,3313.0,5755.0,8450.0,10.005711746415352,10.4230046645541,0,16
22500.0,100.0,Nefas - Silk Lafto,1.0,325.0,38.71525280229387,8.937081370336346,0,1,41,132,204,284,72.0,474.0,1590.0,3313.0,5755.0,8450.0,10.005711746415352,10.4230046645541,0,16
34859.0,40.0,Nefas - Silk Lafto,1.0,325.0,38.71525280229387,8.937081370336346,0,1,41,132,204,284,72.0,474.0,1590.0,3313.0,5755.0,8450.0,10.005711746415352,10.4230046645541,0,16
67096.77,40.0,Nefas - Silk Lafto,1.0,465.0,38.71525280229387,8.937081370336346,0,1,41,132,204,284,72.0,474.0,1590.0,3313.0,5755.0,8450.0,10.005711746415352,10.4230046645541,0,16
59969.99,50.0,Nefas - Silk Lafto,1.0,465.0,38.71525280229387,8.937081370336346,0,1,41,132,204,284,72.0,474.0,1590.0,3313.0,5755.0,8450.0,10.005711746415352,10.4230046645541,0,16
30800.0,100.0,Nefas - Silk Lafto,1.0,465.0,38.71525280229387,8.937081370336346,0,1,41,132,204,284,72.0,474.0,1590.0,3313.0,5755.0,8450.0,10.005711746415352,10.4230046645541,0,16
63777.0,70.0,Nefas - Silk Lafto,1.0,347.0,38.71525280229387,8.937081370336346,0,1,41,132,204,284,72.0,474.0,1590.0,3313.0,5755.0,8450.0,10.005711746415352,10.4230046645541,0,16
76111.11,40.0,Nefas - Silk Lafto,1.0,347.0,38.71525280229387,8.937081370336346,0,1,41,132,204,284,72.0,474.0,1590.0,3313.0,5755.0,8450.0,10.005711746415352,10.4230046645541,0,16
60727.0,70.0,Nefas - Silk Lafto,1.0,347.0,38.71525280229387,8.937081370336346,0,1,41,132,204,284,72.0,474.0,1590.0,3313.0,5755.0,8450.0,10.005711746415352,10.4230046645541,0,16
81399.0,40.0,Nefas - Silk Lafto,1.0,300.0,38.71525280229387,8.937081370336346,0,1,41,132,204,284,72.0,474.0,1590.0,3313.0,5755.0,8450.0,10.005711746415352,10.4230046645541,0,16
39566.35,100.0,Nefas - Silk Lafto,1.0,300.0,38.71525280229387,8.937081370336346,0,1,41,132,204,284,72.0,474.0,1590.0,3313.0,5755.0,8450.0,10.005711746415352,10.4230046645541,0,16
39400.0,100.0,Nefas - Silk Lafto,1.0,300.0,38.71525280229387,8.937081370336346,0,1,41,132,204,284,72.0,474.0,1590.0,3313.0,5755.0,8450.0,10.005711746415352,10.4230046645541,0,16
47400.0,74.0,Nefas - Silk Lafto,1.0,289.0,38.71525280229387,8.937081370336346,0,1,41,132,204,284,72.0,474.0,1590.0,3313.0,5755.0,8450.0,10.005711746415352,10.4230046645541,0,16
55201.0,40.0,Nefas - Silk Lafto,1.0,289.0,38.71525280229387,8.937081370336346,0,1,41,132,204,284,72.0,474.0,1590.0,3313.0,5755.0,8450.0,10.005711746415352,10.4230046645541,0,16
31000.0,100.0,Nefas - Silk Lafto,1.0,289.0,38.71525280229387,8.937081370336346,0,1,41,132,204,284,72.0,474.0,1590.0,3313.0,5755.0,8450.0,10.005711746415352,10.4230046645541,0,16
90000.0,45.0,Nefas - Silk Lafto,1.0,362.0,38.71525280229387,8.937081370336346,0,1,41,132,204,284,72.0,474.0,1590.0,3313.0,5755.0,8450.0,10.005711746415352,10.4230046645541,0,16
80000.0,45.0,Nefas - Silk Lafto,1.0,362.0,38.71525280229387,8.937081370336346,0,1,41,132,204,284,72.0,474.0,1590.0,3313.0,5755.0,8450.0,10.005711746415352,10.4230046645541,0,16
81499.0,40.0,Nefas - Silk Lafto,1.0,362.0,38.71525280229387,8.937081370336346,0,1,41,132,204,284,72.0,474.0,1590.0,3313.0,5755.0,8450.0,10.005711746415352,10.4230046645541,0,16
41800.0,100.0,Nefas - Silk Lafto,1.0,416.0,38.71525280229387,8.937081370336346,0,1,41,132,204,284,72.0,474.0,1590.0,3313.0,5755.0,8450.0,10.005711746415352,10.4230046645541,0,16
51930.0,62.0,Nefas - Silk Lafto,1.0,416.0,38.71525280229387,8.937081370336346,0,1,41,132,204,284,72.0,474.0,1590.0,3313.0,5755.0,8450.0,10.005711746415352,10.4230046645541,0,16
36900.0,100.0,Nefas - Silk Lafto,1.0,416.0,38.71525280229387,8.937081370336346,0,1,41,132,204,284,72.0,474.0,1590.0,3313.0,5755.0,8450.0,10.005711746415352,10.4230046645541,0,16
70000.0,45.0,Nefas - Silk Lafto,1.0,368.0,38.71525280229387,8.937081370336346,0,1,41,132,204,284,72.0,474.0,1590.0,3313.0,5755.0,8450.0,10.005711746415352,10.4230046645541,0,16
32611.3,100.0,Nefas - Silk Lafto,1.0,368.0,38.71525280229387,8.937081370336346,0,1,41,132,204,284,72.0,474.0,1590.0,3313.0,5755.0,8450.0,10.005711746415352,10.4230046645541,0,16
58222.0,42.0,Nefas - Silk Lafto,1.0,368.0,38.71525280229387,8.937081370336346,0,1,41,132,204,284,72.0,474.0,1590.0,3313.0,5755.0,8450.0,10.005711746415352,10.4230046645541,0,16
79100.0,53.1,Nefas - Silk Lafto,1.0,250.0,38.71525280229387,8.937081370336346,0,1,41,132,204,284,72.0,474.0,1590.0,3313.0,5755.0,8450.0,10.005711746415352,10.4230046645541,0,16
50380.0,100.0,Nefas - Silk Lafto,1.0,250.0,38.71525280229387,8.937081370336346,0,1,41,132,204,284,72.0,474.0,1590.0,3313.0,5755.0,8450.0,10.005711746415352,10.4230046645541,0,16
48914.0,100.0,Nefas - Silk Lafto,1.0,250.0,38.71525280229387,8.937081370336346,0,1,41,132,204,284,72.0,474.0,1590.0,3313.0,5755.0,8450.0,10.005711746415352,10.4230046645541,0,16
36000.0,100.0,Nefas - Silk Lafto,1.0,250.0,38.71525280229387,8.937081370336346,0,1,41,132,204,284,72.0,474.0,1590.0,3313.0,5755.0,8450.0,10.005711746415352,10.4230046645541,0,16
35250.0,90.0,Nefas - Silk Lafto,1.0,250.0,38.71525280229387,8.937081370336346,0,1,41,132,204,284,72.0,474.0,1590.0,3313.0,5755.0,8450.0,10.005711746415352,10.4230046645541,0,16
40000.0,45.0,Nefas - Silk Lafto,1.0,250.0,38.71525280229387,8.937081370336346,0,1,41,132,204,284,72.0,474.0,1590.0,3313.0,5755.0,8450.0,10.005711746415352,10.4230046645541,0,16
82127.0,50.0,Nefas - Silk Lafto,1.0,250.0,38.71525280229387,8.937081370336346,0,1,41,132,204,284,72.0,474.0,1590.0,3313.0,5755.0,8450.0,10.005711746415352,10.4230046645541,0,16
45100.0,100.0,Nefas - Silk Lafto,1.0,250.0,38.71525280229387,8.937081370336346,0,1,41,132,204,284,72.0,474.0,1590.0,3313.0,5755.0,8450.0,10.005711746415352,10.4230046645541,0,16
42000.0,100.0,Nefas - Silk Lafto,1.0,250.0,38.71525280229387,8.937081370336346,0,1,41,132,204,284,72.0,474.0,1590.0,3313.0,5755.0,8450.0,10.005711746415352,10.4230046645541,0,16
48000.0,100.0,Nefas - Silk Lafto,1.0,250.0,38.71525280229387,8.937081370336346,0,1,41,132,204,284,72.0,474.0,1590.0,3313.0,5755.0,8450.0,10.005711746415352,10.4230046645541,0,16
47328.0,70.0,Nefas - Silk Lafto,1.0,250.0,38.71525280229387,8.937081370336346,0,1,41,132,204,284,72.0,474.0,1590.0,3313.0,5755.0,8450.0,10.005711746415352,10.4230046645541,0,16
36000.0,100.0,Nefas - Silk Lafto,1.0,250.0,38.71525280229387,8.937081370336346,0,1,41,132,204,284,72.0,474.0,1590.0,3313.0,5755.0,8450.0,10.005711746415352,10.4230046645541,0,16
82721.0,50.0,Nefas - Silk Lafto,1.0,250.0,38.71525280229387,8.937081370336346,0,1,41,132,204,284,72.0,474.0,1590.0,3313.0,5755.0,8450.0,10.005711746415352,10.4230046645541,0,16
37777.0,100.0,Nefas - Silk Lafto,1.0,250.0,38.71525280229387,8.937081370336346,0,1,41,132,204,284,72.0,474.0,1590.0,3313.0,5755.0,8450.0,10.005711746415352,10.4230046645541,0,16
31000.0,100.0,Nefas - Silk Lafto,1.0,250.0,38.71525280229387,8.937081370336346,0,1,41,132,204,284,72.0,474.0,1590.0,3313.0,5755.0,8450.0,10.005711746415352,10.4230046645541,0,16
51100.0,100.0,Nefas - Silk Lafto,1.0,250.0,38.71525280229387,8.937081370336346,0,1,41,132,204,284,72.0,474.0,1590.0,3313.0,5755.0,8450.0,10.005711746415352,10.4230046645541,0,16
24102.0,100.0,Nefas - Silk Lafto,1.0,250.0,38.71525280229387,8.937081370336346,0,1,41,132,204,284,72.0,474.0,1590.0,3313.0,5755.0,8450.0,10.005711746415352,10.4230046645541,0,16
40100.0,50.0,Nefas - Silk Lafto,1.0,250.0,38.71525280229387,8.937081370336346,0,1,41,132,204,284,72.0,474.0,1590.0,3313.0,5755.0,8450.0,10.005711746415352,10.4230046645541,0,16
81001.0,50.0,Nefas - Silk Lafto,1.0,250.0,38.71525280229387,8.937081370336346,0,1,41,132,204,284,72.0,474.0,1590.0,3313.0,5755.0,8450.0,10.005711746415352,10.4230046645541,0,16
51025.0,100.0,Nefas - Silk Lafto,1.0,250.0,38.71525280229387,8.937081370336346,0,1,41,132,204,284,72.0,474.0,1590.0,3313.0,5755.0,8450.0,10.005711746415352,10.4230046645541,0,16
45900.0,100.0,Nefas - Silk Lafto,1.0,250.0,38.71525280229387,8.937081370336346,0,1,41,132,204,284,72.0,474.0,1590.0,3313.0,5755.0,8450.0,10.005711746415352,10.4230046645541,0,16
45989.04,40.0,Nefas - Silk Lafto,1.0,250.0,38.71525280229387,8.937081370336346,0,1,41,132,204,284,72.0,474.0,1590.0,3313.0,5755.0,8450.0,10.005711746415352,10.4230046645541,0,16
20170.0,100.0,Nefas - Silk Lafto,1.0,250.0,38.71525280229387,8.937081370336346,0,1,41,132,204,284,72.0,474.0,1590.0,3313.0,5755.0,8450.0,10.005711746415352,10.4230046645541,0,16
26111.0,61.0,Nefas - Silk Lafto,1.0,250.0,38.71525280229387,8.937081370336346,0,1,41,132,204,284,72.0,474.0,1590.0,3313.0,5755.0,8450.0,10.005711746415352,10.4230046645541,0,16
63777.0,70.0,Nefas - Silk Lafto,1.0,250.0,38.71525280229387,8.937081370336346,0,1,41,132,204,284,72.0,474.0,1590.0,3313.0,5755.0,8450.0,10.005711746415352,10.4230046645541,0,16
35150.0,100.0,Nefas - Silk Lafto,1.0,250.0,38.71525280229387,8.937081370336346,0,1,41,132,204,284,72.0,474.0,1590.0,3313.0,5755.0,8450.0,10.005711746415352,10.4230046645541,0,16
32101.0,100.0,Nefas - Silk Lafto,1.0,250.0,38.71525280229387,8.937081370336346,0,1,41,132,204,284,72.0,474.0,1590.0,3313.0,5755.0,8450.0,10.005711746415352,10.4230046645541,0,16
40100.0,70.0,Nefas - Silk Lafto,1.0,250.0,38.71525280229387,8.937081370336346,0,1,41,132,204,284,72.0,474.0,1590.0,3313.0,5755.0,8450.0,10.005711746415352,10.4230046645541,0,16
31689.0,100.0,Nefas - Silk Lafto,1.0,250.0,38.71525280229387,8.937081370336346,0,1,41,132,204,284,72.0,474.0,1590.0,3313.0,5755.0,8450.0,10.005711746415352,10.4230046645541,0,16
38888.0,46.0,Nefas - Silk Lafto,1.0,250.0,38.71525280229387,8.937081370336346,0,1,41,132,204,284,72.0,474.0,1590.0,3313.0,5755.0,8450.0,10.005711746415352,10.4230046645541,0,16
52250.0,80.0,Nefas - Silk Lafto,1.0,250.0,38.71525280229387,8.937081370336346,0,1,41,132,204,284,72.0,474.0,1590.0,3313.0,5755.0,8450.0,10.005711746415352,10.4230046645541,0,16
33150.0,100.0,Nefas - Silk Lafto,1.0,250.0,38.71525280229387,8.937081370336346,0,1,41,132,204,284,72.0,474.0,1590.0,3313.0,5755.0,8450.0,10.005711746415352,10.4230046645541,0,16
30612.0,100.0,Nefas - Silk Lafto,1.0,250.0,38.71525280229387,8.937081370336346,0,1,41,132,204,284,72.0,474.0,1590.0,3313.0,5755.0,8450.0,10.005711746415352,10.4230046645541,0,16
61252.0,65.0,Nefas - Silk Lafto,1.0,250.0,38.71525280229387,8.937081370336346,0,1,41,132,204,284,72.0,474.0,1590.0,3313.0,5755.0,8450.0,10.005711746415352,10.4230046645541,0,16
40100.0,100.0,Nefas - Silk Lafto,1.0,250.0,38.71525280229387,8.937081370336346,0,1,41,132,204,284,72.0,474.0,1590.0,3313.0,5755.0,8450.0,10.005711746415352,10.4230046645541,0,16
37100.0,100.0,Nefas - Silk Lafto,1.0,250.0,38.71525280229387,8.937081370336346,0,1,41,132,204,284,72.0,474.0,1590.0,3313.0,5755.0,8450.0,10.005711746415352,10.4230046645541,0,16
78777.0,60.0,Nefas - Silk Lafto,1.0,308.0,38.71525280229387,8.937081370336346,0,1,41,132,204,284,72.0,474.0,1590.0,3313.0,5755.0,8450.0,10.005711746415352,10.4230046645541,0,16
53000.0,70.0,Nefas - Silk Lafto,1.0,308.0,38.71525280229387,8.937081370336346,0,1,41,132,204,284,72.0,474.0,1590.0,3313.0,5755.0,8450.0,10.005711746415352,10.4230046645541,0,16
52498.0,68.5,Nefas - Silk Lafto,1.0,308.0,38.71525280229387,8.937081370336346,0,1,41,132,204,284,72.0,474.0,1590.0,3313.0,5755.0,8450.0,10.005711746415352,10.4230046645541,0,16
57000.0,100.0,Nefas - Silk Lafto,1.0,406.0,38.71525280229387,8.937081370336346,0,1,41,132,204,284,72.0,474.0,1590.0,3313.0,5755.0,8450.0,10.005711746415352,10.4230046645541,0,16
55100.0,51.0,Nefas - Silk Lafto,1.0,406.0,38.71525280229387,8.937081370336346,0,1,41,132,204,284,72.0,474.0,1590.0,3313.0,5755.0,8450.0,10.005711746415352,10.4230046645541,0,16
26555.0,50.0,Nefas - Silk Lafto,1.0,406.0,38.71525280229387,8.937081370336346,0,1,41,132,204,284,72.0,474.0,1590.0,3313.0,5755.0,8450.0,10.005711746415352,10.4230046645541,0,16
40101.0,100.0,Nefas - Silk Lafto,1.0,225.0,38.71525280229387,8.937081370336346,0,1,41,132,204,284,72.0,474.0,1590.0,3313.0,5755.0,8450.0,10.005711746415352,10.4230046645541,0,16
51222.0,70.0,Nefas - Silk Lafto,1.0,225.0,38.71525280229387,8.937081370336346,0,1,41,132,204,284,72.0,474.0,1590.0,3313.0,5755.0,8450.0,10.005711746415352,10.4230046645541,0,16
57779.0,50.0,Nefas - Silk Lafto,1.0,225.0,38.71525280229387,8.937081370336346,0,1,41,132,204,284,72.0,474.0,1590.0,3313.0,5755.0,8450.0,10.005711746415352,10.4230046645541,0,16
70000.0,45.0,Nefas - Silk Lafto,1.0,280.0,38.71525280229387,8.937081370336346,0,1,41,132,204,284,72.0,474.0,1590.0,3313.0,5755.0,8450.0,10.005711746415352,10.4230046645541,0,16
62255.0,55.55,Nefas - Silk Lafto,1.0,280.0,38.71525280229387,8.937081370336346,0,1,41,132,204,284,72.0,474.0,1590.0,3313.0,5755.0,8450.0,10.005711746415352,10.4230046645541,0,16
32110.5,100.0,Nefas - Silk Lafto,1.0,280.0,38.71525280229387,8.937081370336346,0,1,41,132,204,284,72.0,474.0,1590.0,3313.0,5755.0,8450.0,10.005711746415352,10.4230046645541,0,16
45122.0,60.0,Nefas - Silk Lafto,1.0,150.0,38.71525280229387,8.937081370336346,0,1,41,132,204,284,72.0,474.0,1590.0,3313.0,5755.0,8450.0,10.005711746415352,10.4230046645541,0,16
41500.0,55.0,Nefas - Silk Lafto,1.0,150.0,38.71525280229387,8.937081370336346,0,1,41,132,204,284,72.0,474.0,1590.0,3313.0,5755.0,8450.0,10.005711746415352,10.4230046645541,0,16
26750.0,100.0,Nefas - Silk Lafto,1.0,150.0,38.71525280229387,8.937081370336346,0,1,41,132,204,284,72.0,474.0,1590.0,3313.0,5755.0,8450.0,10.005711746415352,10.4230046645541,0,16
20100.0,100.0,Nefas - Silk Lafto,1.0,150.0,38.71525280229387,8.937081370336346,0,1,41,132,204,284,72.0,474.0,1590.0,3313.0,5755.0,8450.0,10.005711746415352,10.4230046645541,0,16
2500.0,100.0,Nefas - Silk Lafto,1.0,150.0,38.71525280229387,8.937081370336346,0,1,41,132,204,284,72.0,474.0,1590.0,3313.0,5755.0,8450.0,10.005711746415352,10.4230046645541,0,16
2300.0,100.0,Nefas - Silk Lafto,1.0,150.0,38.71525280229387,8.937081370336346,0,1,41,132,204,284,72.0,474.0,1590.0,3313.0,5755.0,8450.0,10.005711746415352,10.4230046645541,0,16
70585.0,60.0,Nefas - Silk Lafto,1.0,150.0,38.71525280229387,8.937081370336346,0,1,41,132,204,284,72.0,474.0,1590.0,3313.0,5755.0,8450.0,10.005711746415352,10.4230046645541,0,16
37660.0,100.0,Nefas - Silk Lafto,1.0,150.0,38.71525280229387,8.937081370336346,0,1,41,132,204,284,72.0,474.0,1590.0,3313.0,5755.0,8450.0,10.005711746415352,10.4230046645541,0,16
31100.0,100.0,Nefas - Silk Lafto,1.0,150.0,38.71525280229387,8.937081370336346,0,1,41,132,204,284,72.0,474.0,1590.0,3313.0,5755.0,8450.0,10.005711746415352,10.4230046645541,0,16
62001.99,40.0,Nefas - Silk Lafto,1.0,150.0,38.71525280229387,8.937081370336346,0,1,41,132,204,284,72.0,474.0,1590.0,3313.0,5755.0,8450.0,10.005711746415352,10.4230046645541,0,16
44880.0,73.0,Nefas - Silk Lafto,1.0,150.0,38.71525280229387,8.937081370336346,0,1,41,132,204,284,72.0,474.0,1590.0,3313.0,5755.0,8450.0,10.005711746415352,10.4230046645541,0,16
2250.0,50.0,Nefas - Silk Lafto,1.0,150.0,38.71525280229387,8.937081370336346,0,1,41,132,204,284,72.0,474.0,1590.0,3313.0,5755.0,8450.0,10.005711746415352,10.4230046645541,0,16
70650.0,61.0,Nefas - Silk Lafto,1.0,150.0,38.71525280229387,8.937081370336346,0,1,41,132,204,284,72.0,474.0,1590.0,3313.0,5755.0,8450.0,10.005711746415352,10.4230046645541,0,16
45000.0,100.0,Nefas - Silk Lafto,1.0,150.0,38.71525280229387,8.937081370336346,0,1,41,132,204,284,72.0,474.0,1590.0,3313.0,5755.0,8450.0,10.005711746415352,10.4230046645541,0,16
52551.5,65.0,Nefas - Silk Lafto,1.0,150.0,38.71525280229387,8.937081370336346,0,1,41,132,204,284,72.0,474.0,1590.0,3313.0,5755.0,8450.0,10.005711746415352,10.4230046645541,0,16
91590.0,42.0,Nefas - Silk Lafto,1.0,150.0,38.71525280229387,8.937081370336346,0,1,41,132,204,284,72.0,474.0,1590.0,3313.0,5755.0,8450.0,10.005711746415352,10.4230046645541,0,16
41650.0,100.0,Nefas - Silk Lafto,1.0,150.0,38.71525280229387,8.937081370336346,0,1,41,132,204,284,72.0,474.0,1590.0,3313.0,5755.0,8450.0,10.005711746415352,10.4230046645541,0,16
62000.0,51.0,Nefas - Silk Lafto,1.0,150.0,38.71525280229387,8.937081370336346,0,1,41,132,204,284,72.0,474.0,1590.0,3313.0,5755.0,8450.0,10.005711746415352,10.4230046645541,0,16
44115.75,100.0,Nefas - Silk Lafto,1.0,150.0,38.71525280229387,8.937081370336346,0,1,41,132,204,284,72.0,474.0,1590.0,3313.0,5755.0,8450.0,10.005711746415352,10.4230046645541,0,16
51200.0,75.0,Nefas - Silk Lafto,1.0,150.0,38.71525280229387,8.937081370336346,0,1,41,132,204,284,72.0,474.0,1590.0,3313.0,5755.0,8450.0,10.005711746415352,10.4230046645541,0,16
41710.0,100.0,Nefas - Silk Lafto,1.0,150.0,38.71525280229387,8.937081370336346,0,1,41,132,204,284,72.0,474.0,1590.0,3313.0,5755.0,8450.0,10.005711746415352,10.4230046645541,0,16
50775.0,100.0,Nefas - Silk Lafto,1.0,150.0,38.71525280229387,8.937081370336346,0,1,41,132,204,284,72.0,474.0,1590.0,3313.0,5755.0,8450.0,10.005711746415352,10.4230046645541,0,16
41857.0,100.0,Nefas - Silk Lafto,1.0,150.0,38.71525280229387,8.937081370336346,0,1,41,132,204,284,72.0,474.0,1590.0,3313.0,5755.0,8450.0,10.005711746415352,10.4230046645541,0,16
62000.0,42.0,Nefas - Silk Lafto,1.0,150.0,38.71525280229387,8.937081370336346,0,1,41,132,204,284,72.0,474.0,1590.0,3313.0,5755.0,8450.0,10.005711746415352,10.4230046645541,0,16
55700.0,100.0,Nefas - Silk Lafto,1.0,150.0,38.71525280229387,8.937081370336346,0,1,41,132,204,284,72.0,474.0,1590.0,3313.0,5755.0,8450.0,10.005711746415352,10.4230046645541,0,16
27444.16,100.0,Nefas - Silk Lafto,1.0,150.0,38.71525280229387,8.937081370336346,0,1,41,132,204,284,72.0,474.0,1590.0,3313.0,5755.0,8450.0,10.005711746415352,10.4230046645541,0,16
22222.0,100.0,Nefas - Silk Lafto,1.0,150.0,38.71525280229387,8.937081370336346,0,1,41,132,204,284,72.0,474.0,1590.0,3313.0,5755.0,8450.0,10.005711746415352,10.4230046645541,0,16
43000.0,100.0,Nefas - Silk Lafto,1.0,150.0,38.71525280229387,8.937081370336346,0,1,41,132,204,284,72.0,474.0,1590.0,3313.0,5755.0,8450.0,10.005711746415352,10.4230046645541,0,16
41550.0,100.0,Nefas - Silk Lafto,1.0,150.0,38.71525280229387,8.937081370336346,0,1,41,132,204,284,72.0,474.0,1590.0,3313.0,5755.0,8450.0,10.005711746415352,10.4230046645541,0,16
47151.0,52.0,Nefas - Silk Lafto,1.0,150.0,38.71525280229387,8.937081370336346,0,1,41,132,204,284,72.0,474.0,1590.0,3313.0,5755.0,8450.0,10.005711746415352,10.4230046645541,0,16
58000.0,100.0,Nefas - Silk Lafto,1.0,150.0,38.71525280229387,8.937081370336346,0,1,41,132,204,284,72.0,474.0,1590.0,3313.0,5755.0,8450.0,10.005711746415352,10.4230046645541,0,16
53889.0,100.0,Nefas - Silk Lafto,1.0,150.0,38.71525280229387,8.937081370336346,0,1,41,132,204,284,72.0,474.0,1590.0,3313.0,5755.0,8450.0,10.005711746415352,10.4230046645541,0,16
52000.0,80.0,Nefas - Silk Lafto,1.0,150.0,38.71525280229387,8.937081370336346,0,1,41,132,204,284,72.0,474.0,1590.0,3313.0,5755.0,8450.0,10.005711746415352,10.4230046645541,0,16
58000.0,100.0,Nefas - Silk Lafto,1.0,150.0,38.71525280229387,8.937081370336346,0,1,41,132,204,284,72.0,474.0,1590.0,3313.0,5755.0,8450.0,10.005711746415352,10.4230046645541,0,16
71000.0,70.0,Nefas - Silk Lafto,1.0,150.0,38.71525280229387,8.937081370336346,0,1,41,132,204,284,72.0,474.0,1590.0,3313.0,5755.0,8450.0,10.005711746415352,10.4230046645541,0,16
75000.0,43.0,Nefas - Silk Lafto,1.0,150.0,38.71525280229387,8.937081370336346,0,1,41,132,204,284,72.0,474.0,1590.0,3313.0,5755.0,8450.0,10.005711746415352,10.4230046645541,0,16
62177.0,42.0,Nefas - Silk Lafto,1.0,150.0,38.71525280229387,8.937081370336346,0,1,41,132,204,284,72.0,474.0,1590.0,3313.0,5755.0,8450.0,10.005711746415352,10.4230046645541,0,16
33150.0,100.0,Nefas - Silk Lafto,1.0,150.0,38.71525280229387,8.937081370336346,0,1,41,132,204,284,72.0,474.0,1590.0,3313.0,5755.0,8450.0,10.005711746415352,10.4230046645541,0,16
33100.0,100.0,Nefas - Silk Lafto,1.0,150.0,38.71525280229387,8.937081370336346,0,1,41,132,204,284,72.0,474.0,1590.0,3313.0,5755.0,8450.0,10.005711746415352,10.4230046645541,0,16
47654.0,100.0,Nefas - Silk Lafto,1.0,150.0,38.71525280229387,8.937081370336346,0,1,41,132,204,284,72.0,474.0,1590.0,3313.0,5755.0,8450.0,10.005711746415352,10.4230046645541,0,16
45900.0,100.0,Nefas - Silk Lafto,1.0,150.0,38.71525280229387,8.937081370336346,0,1,41,132,204,284,72.0,474.0,1590.0,3313.0,5755.0,8450.0,10.005711746415352,10.4230046645541,0,16
63333.0,50.0,Nefas - Silk Lafto,1.0,150.0,38.71525280229387,8.937081370336346,0,1,41,132,204,284,72.0,474.0,1590.0,3313.0,5755.0,8450.0,10.005711746415352,10.4230046645541,0,16
54971.0,100.0,Nefas - Silk Lafto,1.0,150.0,38.71525280229387,8.937081370336346,0,1,41,132,204,284,72.0,474.0,1590.0,3313.0,5755.0,8450.0,10.005711746415352,10.4230046645541,0,16
47150.0,100.0,Nefas - Silk Lafto,1.0,150.0,38.71525280229387,8.937081370336346,0,1,41,132,204,284,72.0,474.0,1590.0,3313.0,5755.0,8450.0,10.005711746415352,10.4230046645541,0,16
46500.0,85.0,Nefas - Silk Lafto,1.0,150.0,38.71525280229387,8.937081370336346,0,1,41,132,204,284,72.0,474.0,1590.0,3313.0,5755.0,8450.0,10.005711746415352,10.4230046645541,0,16
45800.0,100.0,Nefas - Silk Lafto,1.0,150.0,38.71525280229387,8.937081370336346,0,1,41,132,204,284,72.0,474.0,1590.0,3313.0,5755.0,8450.0,10.005711746415352,10.4230046645541,0,16
36016.0,100.0,Nefas - Silk Lafto,1.0,150.0,38.71525280229387,8.937081370336346,0,1,41,132,204,284,72.0,474.0,1590.0,3313.0,5755.0,8450.0,10.005711746415352,10.4230046645541,0,16
35000.0,100.0,Nefas - Silk Lafto,1.0,150.0,38.71525280229387,8.937081370336346,0,1,41,132,204,284,72.0,474.0,1590.0,3313.0,5755.0,8450.0,10.005711746415352,10.4230046645541,0,16
73333.0,70.0,Nefas - Silk Lafto,1.0,150.0,38.71525280229387,8.937081370336346,0,1,41,132,204,284,72.0,474.0,1590.0,3313.0,5755.0,8450.0,10.005711746415352,10.4230046645541,0,16
47654.0,100.0,Nefas - Silk Lafto,1.0,150.0,38.71525280229387,8.937081370336346,0,1,41,132,204,284,72.0,474.0,1590.0,3313.0,5755.0,8450.0,10.005711746415352,10.4230046645541,0,16
26600.0,100.0,Nefas - Silk Lafto,1.0,150.0,38.71525280229387,8.937081370336346,0,1,41,132,204,284,72.0,474.0,1590.0,3313.0,5755.0,8450.0,10.005711746415352,10.4230046645541,0,16
50100.0,100.0,Nefas - Silk Lafto,1.0,181.0,38.71525280229387,8.937081370336346,0,1,41,132,204,284,72.0,474.0,1590.0,3313.0,5755.0,8450.0,10.005711746415352,10.4230046645541,0,16
71100.5,40.0,Nefas - Silk Lafto,1.0,181.0,38.71525280229387,8.937081370336346,0,1,41,132,204,284,72.0,474.0,1590.0,3313.0,5755.0,8450.0,10.005711746415352,10.4230046645541,0,16
42200.0,100.0,Nefas - Silk Lafto,1.0,181.0,38.71525280229387,8.937081370336346,0,1,41,132,204,284,72.0,474.0,1590.0,3313.0,5755.0,8450.0,10.005711746415352,10.4230046645541,0,16
107000.0,40.0,Nefas - Silk Lafto,1.0,154.0,38.71525280229387,8.937081370336346,0,1,41,132,204,284,72.0,474.0,1590.0,3313.0,5755.0,8450.0,10.005711746415352,10.4230046645541,0,16
23111.0,100.0,Nefas - Silk Lafto,1.0,154.0,38.71525280229387,8.937081370336346,0,1,41,132,204,284,72.0,474.0,1590.0,3313.0,5755.0,8450.0,10.005711746415352,10.4230046645541,0,16
25050.0,45.5,Nefas - Silk Lafto,1.0,154.0,38.71525280229387,8.937081370336346,0,1,41,132,204,284,72.0,474.0,1590.0,3313.0,5755.0,8450.0,10.005711746415352,10.4230046645541,0,16
70160.0,50.0,Nefas - Silk Lafto,1.0,259.0,38.71525280229387,8.937081370336346,0,1,41,132,204,284,72.0,474.0,1590.0,3313.0,5755.0,8450.0,10.005711746415352,10.4230046645541,0,16
19500.0,100.0,Nefas - Silk Lafto,1.0,259.0,38.71525280229387,8.937081370336346,0,1,41,132,204,284,72.0,474.0,1590.0,3313.0,5755.0,8450.0,10.005711746415352,10.4230046645541,0,16
32790.5,52.0,Nefas - Silk Lafto,1.0,259.0,38.71525280229387,8.937081370336346,0,1,41,132,204,284,72.0,474.0,1590.0,3313.0,5755.0,8450.0,10.005711746415352,10.4230046645541,0,16
40000.0,100.0,Nefas - Silk Lafto,1.0,232.0,38.71525280229387,8.937081370336346,0,1,41,132,204,284,72.0,474.0,1590.0,3313.0,5755.0,8450.0,10.005711746415352,10.4230046645541,0,16
30000.0,100.0,Nefas - Silk Lafto,1.0,232.0,38.71525280229387,8.937081370336346,0,1,41,132,204,284,72.0,474.0,1590.0,3313.0,5755.0,8450.0,10.005711746415352,10.4230046645541,0,16
27000.0,100.0,Nefas - Silk Lafto,1.0,232.0,38.71525280229387,8.937081370336346,0,1,41,132,204,284,72.0,474.0,1590.0,3313.0,5755.0,8450.0,10.005711746415352,10.4230046645541,0,16
55378.0,100.0,Nefas - Silk Lafto,1.0,150.0,38.71525280229387,8.937081370336346,0,1,41,132,204,284,72.0,474.0,1590.0,3313.0,5755.0,8450.0,10.005711746415352,10.4230046645541,0,16
52141.0,100.0,Nefas - Silk Lafto,1.0,150.0,38.71525280229387,8.937081370336346,0,1,41,132,204,284,72.0,474.0,1590.0,3313.0,5755.0,8450.0,10.005711746415352,10.4230046645541,0,16
70000.0,60.0,Nefas - Silk Lafto,1.0,150.0,38.71525280229387,8.937081370336346,0,1,41,132,204,284,72.0,474.0,1590.0,3313.0,5755.0,8450.0,10.005711746415352,10.4230046645541,0,16
47100.0,100.0,Nefas - Silk Lafto,1.0,150.0,38.71525280229387,8.937081370336346,0,1,41,132,204,284,72.0,474.0,1590.0,3313.0,5755.0,8450.0,10.005711746415352,10.4230046645541,0,16
53340.0,75.0,Nefas - Silk Lafto,1.0,150.0,38.71525280229387,8.937081370336346,0,1,41,132,204,284,72.0,474.0,1590.0,3313.0,5755.0,8450.0,10.005711746415352,10.4230046645541,0,16
40100.0,100.0,Nefas - Silk Lafto,1.0,150.0,38.71525280229387,8.937081370336346,0,1,41,132,204,284,72.0,474.0,1590.0,3313.0,5755.0,8450.0,10.005711746415352,10.4230046645541,0,16
47654.0,100.0,Nefas - Silk Lafto,1.0,150.0,38.71525280229387,8.937081370336346,0,1,41,132,204,284,72.0,474.0,1590.0,3313.0,5755.0,8450.0,10.005711746415352,10.4230046645541,0,16
71521.21,40.0,Nefas - Silk Lafto,1.0,150.0,38.71525280229387,8.937081370336346,0,1,41,132,204,284,72.0,474.0,1590.0,3313.0,5755.0,8450.0,10.005711746415352,10.4230046645541,0,16
66666.67,40.0,Nefas - Silk Lafto,1.0,150.0,38.71525280229387,8.937081370336346,0,1,41,132,204,284,72.0,474.0,1590.0,3313.0,5755.0,8450.0,10.005711746415352,10.4230046645541,0,16
47800.0,100.0,Nefas - Silk Lafto,1.0,150.0,38.71525280229387,8.937081370336346,0,1,41,132,204,284,72.0,474.0,1590.0,3313.0,5755.0,8450.0,10.005711746415352,10.4230046645541,0,16
47414.75,100.0,Nefas - Silk Lafto,1.0,150.0,38.71525280229387,8.937081370336346,0,1,41,132,204,284,72.0,474.0,1590.0,3313.0,5755.0,8450.0,10.005711746415352,10.4230046645541,0,16
46510.0,100.0,Nefas - Silk Lafto,1.0,150.0,38.71525280229387,8.937081370336346,0,1,41,132,204,284,72.0,474.0,1590.0,3313.0,5755.0,8450.0,10.005711746415352,10.4230046645541,0,16
56671.0,100.0,Nefas - Silk Lafto,1.0,150.0,38.71525280229387,8.937081370336346,0,1,41,132,204,284,72.0,474.0,1590.0,3313.0,5755.0,8450.0,10.005711746415352,10.4230046645541,0,16
56216.0,100.0,Nefas - Silk Lafto,1.0,150.0,38.71525280229387,8.937081370336346,0,1,41,132,204,284,72.0,474.0,1590.0,3313.0,5755.0,8450.0,10.005711746415352,10.4230046645541,0,16
53000.0,100.0,Nefas - Silk Lafto,1.0,150.0,38.71525280229387,8.937081370336346,0,1,41,132,204,284,72.0,474.0,1590.0,3313.0,5755.0,8450.0,10.005711746415352,10.4230046645541,0,16
60000.0,55.0,Nefas - Silk Lafto,1.0,150.0,38.71525280229387,8.937081370336346,0,1,41,132,204,284,72.0,474.0,1590.0,3313.0,5755.0,8450.0,10.005711746415352,10.4230046645541,0,16
57900.0,40.0,Nefas - Silk Lafto,1.0,150.0,38.71525280229387,8.937081370336346,0,1,41,132,204,284,72.0,474.0,1590.0,3313.0,5755.0,8450.0,10.005711746415352,10.4230046645541,0,16
41721.99,70.0,Nefas - Silk Lafto,1.0,150.0,38.71525280229387,8.937081370336346,0,1,41,132,204,284,72.0,474.0,1590.0,3313.0,5755.0,8450.0,10.005711746415352,10.4230046645541,0,16
111023.0,40.0,Nefas - Silk Lafto,1.0,150.0,38.71525280229387,8.937081370336346,0,1,41,132,204,284,72.0,474.0,1590.0,3313.0,5755.0,8450.0,10.005711746415352,10.4230046645541,0,16
41500.0,100.0,Nefas - Silk Lafto,1.0,150.0,38.71525280229387,8.937081370336346,0,1,41,132,204,284,72.0,474.0,1590.0,3313.0,5755.0,8450.0,10.005711746415352,10.4230046645541,0,16
65227.21,55.0,Nefas - Silk Lafto,1.0,150.0,38.71525280229387,8.937081370336346,0,1,41,132,204,284,72.0,474.0,1590.0,3313.0,5755.0,8450.0,10.005711746415352,10.4230046645541,0,16
90000.0,100.0,Nefas - Silk Lafto,1.0,150.0,38.71525280229387,8.937081370336346,0,1,41,132,204,284,72.0,474.0,1590.0,3313.0,5755.0,8450.0,10.005711746415352,10.4230046645541,0,16
76000.0,40.0,Nefas - Silk Lafto,1.0,150.0,38.71525280229387,8.937081370336346,0,1,41,132,204,284,72.0,474.0,1590.0,3313.0,5755.0,8450.0,10.005711746415352,10.4230046645541,0,16
72100.0,42.0,Nefas - Silk Lafto,1.0,150.0,38.71525280229387,8.937081370336346,0,1,41,132,204,284,72.0,474.0,1590.0,3313.0,5755.0,8450.0,10.005711746415352,10.4230046645541,0,16
55144.05,100.0,Nefas - Silk Lafto,1.0,150.0,38.71525280229387,8.937081370336346,0,1,41,132,204,284,72.0,474.0,1590.0,3313.0,5755.0,8450.0,10.005711746415352,10.4230046645541,0,16
48351.44,100.0,Nefas - Silk Lafto,1.0,150.0,38.71525280229387,8.937081370336346,0,1,41,132,204,284,72.0,474.0,1590.0,3313.0,5755.0,8450.0,10.005711746415352,10.4230046645541,0,16
45100.0,100.0,Nefas - Silk Lafto,1.0,150.0,38.71525280229387,8.937081370336346,0,1,41,132,204,284,72.0,474.0,1590.0,3313.0,5755.0,8450.0,10.005711746415352,10.4230046645541,0,16
61150.0,100.0,Nefas - Silk Lafto,1.0,150.0,38.71525280229387,8.937081370336346,0,1,41,132,204,284,72.0,474.0,1590.0,3313.0,5755.0,8450.0,10.005711746415352,10.4230046645541,0,16
42666.0,100.0,Nefas - Silk Lafto,1.0,150.0,38.71525280229387,8.937081370336346,0,1,41,132,204,284,72.0,474.0,1590.0,3313.0,5755.0,8450.0,10.005711746415352,10.4230046645541,0,16
25600.0,100.0,Nefas - Silk Lafto,1.0,150.0,38.71525280229387,8.937081370336346,0,1,41,132,204,284,72.0,474.0,1590.0,3313.0,5755.0,8450.0,10.005711746415352,10.4230046645541,0,16
46700.0,100.0,Nefas - Silk Lafto,1.0,150.0,38.71525280229387,8.937081370336346,0,1,41,132,204,284,72.0,474.0,1590.0,3313.0,5755.0,8450.0,10.005711746415352,10.4230046645541,0,16
76522.0,40.0,Nefas - Silk Lafto,1.0,150.0,38.71525280229387,8.937081370336346,0,1,41,132,204,284,72.0,474.0,1590.0,3313.0,5755.0,8450.0,10.005711746415352,10.4230046645541,0,16
62251.0,50.0,Nefas - Silk Lafto,1.0,150.0,38.71525280229387,8.937081370336346,0,1,41,132,204,284,72.0,474.0,1590.0,3313.0,5755.0,8450.0,10.005711746415352,10.4230046645541,0,16
61150.0,100.0,Nefas - Silk Lafto,1.0,150.0,38.71525280229387,8.937081370336346,0,1,41,132,204,284,72.0,474.0,1590.0,3313.0,5755.0,8450.0,10.005711746415352,10.4230046645541,0,16
47667.0,100.0,Nefas - Silk Lafto,1.0,150.0,38.71525280229387,8.937081370336346,0,1,41,132,204,284,72.0,474.0,1590.0,3313.0,5755.0,8450.0,10.005711746415352,10.4230046645541,0,16
41300.0,100.0,Nefas - Silk Lafto,1.0,150.0,38.71525280229387,8.937081370336346,0,1,41,132,204,284,72.0,474.0,1590.0,3313.0,5755.0,8450.0,10.005711746415352,10.4230046645541,0,16
48889.0,100.0,Nefas - Silk Lafto,1.0,150.0,38.71525280229387,8.937081370336346,0,1,41,132,204,284,72.0,474.0,1590.0,3313.0,5755.0,8450.0,10.005711746415352,10.4230046645541,0,16
42020.0,100.0,Nefas - Silk Lafto,1.0,150.0,38.71525280229387,8.937081370336346,0,1,41,132,204,284,72.0,474.0,1590.0,3313.0,5755.0,8450.0,10.005711746415352,10.4230046645541,0,16
31030.0,61.0,Nefas - Silk Lafto,1.0,150.0,38.71525280229387,8.937081370336346,0,1,41,132,204,284,72.0,474.0,1590.0,3313.0,5755.0,8450.0,10.005711746415352,10.4230046645541,0,16
80000.0,40.0,Nefas - Silk Lafto,1.0,150.0,38.71525280229387,8.937081370336346,0,1,41,132,204,284,72.0,474.0,1590.0,3313.0,5755.0,8450.0,10.005711746415352,10.4230046645541,0,16
47216.0,50.0,Nefas - Silk Lafto,1.0,150.0,38.71525280229387,8.937081370336346,0,1,41,132,204,284,72.0,474.0,1590.0,3313.0,5755.0,8450.0,10.005711746415352,10.4230046645541,0,16
10700.0,40.0,Nefas - Silk Lafto,1.0,150.0,38.71525280229387,8.937081370336346,0,1,41,132,204,284,72.0,474.0,1590.0,3313.0,5755.0,8450.0,10.005711746415352,10.4230046645541,0,16
50746.66,100.0,Nefas - Silk Lafto,1.0,150.0,38.71525280229387,8.937081370336346,0,1,41,132,204,284,72.0,474.0,1590.0,3313.0,5755.0,8450.0,10.005711746415352,10.4230046645541,0,16
25000.0,100.0,Nefas - Silk Lafto,1.0,150.0,38.71525280229387,8.937081370336346,0,1,41,132,204,284,72.0,474.0,1590.0,3313.0,5755.0,8450.0,10.005711746415352,10.4230046645541,0,16
36256.26,40.0,Nefas - Silk Lafto,1.0,150.0,38.71525280229387,8.937081370336346,0,1,41,132,204,284,72.0,474.0,1590.0,3313.0,5755.0,8450.0,10.005711746415352,10.4230046645541,0,16
35350.0,100.0,Nefas - Silk Lafto,1.0,222.0,38.71525280229387,8.937081370336346,0,1,41,132,204,284,72.0,474.0,1590.0,3313.0,5755.0,8450.0,10.005711746415352,10.4230046645541,0,16
46000.0,50.0,Nefas - Silk Lafto,1.0,222.0,38.71525280229387,8.937081370336346,0,1,41,132,204,284,72.0,474.0,1590.0,3313.0,5755.0,8450.0,10.005711746415352,10.4230046645541,0,16
13500.0,100.0,Nefas - Silk Lafto,1.0,222.0,38.71525280229387,8.937081370336346,0,1,41,132,204,284,72.0,474.0,1590.0,3313.0,5755.0,8450.0,10.005711746415352,10.4230046645541,0,16
48000.0,52.0,Nefas - Silk Lafto,1.0,276.0,38.71525280229387,8.937081370336346,0,1,41,132,204,284,72.0,474.0,1590.0,3313.0,5755.0,8450.0,10.005711746415352,10.4230046645541,0,16
27200.0,100.0,Nefas - Silk Lafto,1.0,276.0,38.71525280229387,8.937081370336346,0,1,41,132,204,284,72.0,474.0,1590.0,3313.0,5755.0,8450.0,10.005711746415352,10.4230046645541,0,16
22615.0,100.0,Nefas - Silk Lafto,1.0,276.0,38.71525280229387,8.937081370336346,0,1,41,132,204,284,72.0,474.0,1590.0,3313.0,5755.0,8450.0,10.005711746415352,10.4230046645541,0,16
59889.0,100.0,Nefas - Silk Lafto,1.0,183.0,38.71525280229387,8.937081370336346,0,1,41,132,204,284,72.0,474.0,1590.0,3313.0,5755.0,8450.0,10.005711746415352,10.4230046645541,0,16
60200.0,60.0,Nefas - Silk Lafto,1.0,183.0,38.71525280229387,8.937081370336346,0,1,41,132,204,284,72.0,474.0,1590.0,3313.0,5755.0,8450.0,10.005711746415352,10.4230046645541,0,16
43100.0,100.0,Nefas - Silk Lafto,1.0,183.0,38.71525280229387,8.937081370336346,0,1,41,132,204,284,72.0,474.0,1590.0,3313.0,5755.0,8450.0,10.005711746415352,10.4230046645541,0,16
61376.0,40.0,Nefas - Silk Lafto,1.0,210.0,38.71525280229387,8.937081370336346,0,1,41,132,204,284,72.0,474.0,1590.0,3313.0,5755.0,8450.0,10.005711746415352,10.4230046645541,0,16
61113.0,40.0,Nefas - Silk Lafto,1.0,210.0,38.71525280229387,8.937081370336346,0,1,41,132,204,284,72.0,474.0,1590.0,3313.0,5755.0,8450.0,10.005711746415352,10.4230046645541,0,16
61000.0,40.0,Nefas - Silk Lafto,1.0,210.0,38.71525280229387,8.937081370336346,0,1,41,132,204,284,72.0,474.0,1590.0,3313.0,5755.0,8450.0,10.005711746415352,10.4230046645541,0,16
47473.33,100.0,Nefas - Silk Lafto,1.0,150.0,38.71525280229387,8.937081370336346,0,1,41,132,204,284,72.0,474.0,1590.0,3313.0,5755.0,8450.0,10.005711746415352,10.4230046645541,0,16
76516.0,40.0,Nefas - Silk Lafto,1.0,150.0,38.71525280229387,8.937081370336346,0,1,41,132,204,284,72.0,474.0,1590.0,3313.0,5755.0,8450.0,10.005711746415352,10.4230046645541,0,16
62515.0,40.0,Nefas - Silk Lafto,1.0,150.0,38.71525280229387,8.937081370336346,0,1,41,132,204,284,72.0,474.0,1590.0,3313.0,5755.0,8450.0,10.005711746415352,10.4230046645541,0,16
47019.0,100.0,Nefas - Silk Lafto,1.0,150.0,38.71525280229387,8.937081370336346,0,1,41,132,204,284,72.0,474.0,1590.0,3313.0,5755.0,8450.0,10.005711746415352,10.4230046645541,0,16
60000.0,45.0,Nefas - Silk Lafto,1.0,150.0,38.71525280229387,8.937081370336346,0,1,41,132,204,284,72.0,474.0,1590.0,3313.0,5755.0,8450.0,10.005711746415352,10.4230046645541,0,16
26202.0,100.0,Nefas - Silk Lafto,1.0,150.0,38.71525280229387,8.937081370336346,0,1,41,132,204,284,72.0,474.0,1590.0,3313.0,5755.0,8450.0,10.005711746415352,10.4230046645541,0,16
32515.0,100.0,Nefas - Silk Lafto,1.0,150.0,38.71525280229387,8.937081370336346,0,1,41,132,204,284,72.0,474.0,1590.0,3313.0,5755.0,8450.0,10.005711746415352,10.4230046645541,0,16
48700.0,40.0,Nefas - Silk Lafto,1.0,150.0,38.71525280229387,8.937081370336346,0,1,41,132,204,284,72.0,474.0,1590.0,3313.0,5755.0,8450.0,10.005711746415352,10.4230046645541,0,16
48666.0,40.0,Nefas - Silk Lafto,1.0,150.0,38.71525280229387,8.937081370336346,0,1,41,132,204,284,72.0,474.0,1590.0,3313.0,5755.0,8450.0,10.005711746415352,10.4230046645541,0,16
51020.0,100.0,Nefas - Silk Lafto,1.0,150.0,38.71525280229387,8.937081370336346,0,1,41,132,204,284,72.0,474.0,1590.0,3313.0,5755.0,8450.0,10.005711746415352,10.4230046645541,0,16
50100.0,80.0,Nefas - Silk Lafto,1.0,150.0,38.71525280229387,8.937081370336346,0,1,41,132,204,284,72.0,474.0,1590.0,3313.0,5755.0,8450.0,10.005711746415352,10.4230046645541,0,16
37590.0,100.0,Nefas - Silk Lafto,1.0,150.0,38.71525280229387,8.937081370336346,0,1,41,132,204,284,72.0,474.0,1590.0,3313.0,5755.0,8450.0,10.005711746415352,10.4230046645541,0,16
46958.0,100.0,Nefas - Silk Lafto,1.0,150.0,38.71525280229387,8.937081370336346,0,1,41,132,204,284,72.0,474.0,1590.0,3313.0,5755.0,8450.0,10.005711746415352,10.4230046645541,0,16
66650.0,40.0,Nefas - Silk Lafto,1.0,150.0,38.71525280229387,8.937081370336346,0,1,41,132,204,284,72.0,474.0,1590.0,3313.0,5755.0,8450.0,10.005711746415352,10.4230046645541,0,16
38457.63,100.0,Nefas - Silk Lafto,1.0,150.0,38.71525280229387,8.937081370336346,0,1,41,132,204,284,72.0,474.0,1590.0,3313.0,5755.0,8450.0,10.005711746415352,10.4230046645541,0,16
82500.0,50.0,Nefas - Silk Lafto,1.0,150.0,38.71525280229387,8.937081370336346,0,1,41,132,204,284,72.0,474.0,1590.0,3313.0,5755.0,8450.0,10.005711746415352,10.4230046645541,0,16
47721.21,100.0,Nefas - Silk Lafto,1.0,150.0,38.71525280229387,8.937081370336346,0,1,41,132,204,284,72.0,474.0,1590.0,3313.0,5755.0,8450.0,10.005711746415352,10.4230046645541,0,16
26666.66,75.0,Nefas - Silk Lafto,1.0,150.0,38.71525280229387,8.937081370336346,0,1,41,132,204,284,72.0,474.0,1590.0,3313.0,5755.0,8450.0,10.005711746415352,10.4230046645541,0,16
50199.6,100.0,Nefas - Silk Lafto,1.0,134.0,38.71525280229387,8.937081370336346,0,1,41,132,204,284,72.0,474.0,1590.0,3313.0,5755.0,8450.0,10.005711746415352,10.4230046645541,0,16
72560.0,40.0,Nefas - Silk Lafto,1.0,134.0,38.71525280229387,8.937081370336346,0,1,41,132,204,284,72.0,474.0,1590.0,3313.0,5755.0,8450.0,10.005711746415352,10.4230046645541,0,16
52077.0,80.0,Nefas - Silk Lafto,1.0,134.0,38.71525280229387,8.937081370336346,0,1,41,132,204,284,72.0,474.0,1590.0,3313.0,5755.0,8450.0,10.005711746415352,10.4230046645541,0,16
55000.0,50.0,Nefas - Silk Lafto,1.0,230.0,38.71525280229387,8.937081370336346,0,1,41,132,204,284,72.0,474.0,1590.0,3313.0,5755.0,8450.0,10.005711746415352,10.4230046645541,0,16
40530.0,40.0,Nefas - Silk Lafto,1.0,230.0,38.71525280229387,8.937081370336346,0,1,41,132,204,284,72.0,474.0,1590.0,3313.0,5755.0,8450.0,10.005711746415352,10.4230046645541,0,16
30003.0,51.0,Nefas - Silk Lafto,1.0,230.0,38.71525280229387,8.937081370336346,0,1,41,132,204,284,72.0,474.0,1590.0,3313.0,5755.0,8450.0,10.005711746415352,10.4230046645541,0,16
52133.0,65.0,Nefas - Silk Lafto,1.0,219.0,38.71525280229387,8.937081370336346,0,1,41,132,204,284,72.0,474.0,1590.0,3313.0,5755.0,8450.0,10.005711746415352,10.4230046645541,0,16
37500.0,100.0,Nefas - Silk Lafto,1.0,219.0,38.71525280229387,8.937081370336346,0,1,41,132,204,284,72.0,474.0,1590.0,3313.0,5755.0,8450.0,10.005711746415352,10.4230046645541,0,16
35000.0,80.0,Nefas - Silk Lafto,1.0,219.0,38.71525280229387,8.937081370336346,0,1,41,132,204,284,72.0,474.0,1590.0,3313.0,5755.0,8450.0,10.005711746415352,10.4230046645541,0,16
46680.0,100.0,Nefas - Silk Lafto,1.0,150.0,38.71525280229387,8.937081370336346,0,1,41,132,204,284,72.0,474.0,1590.0,3313.0,5755.0,8450.0,10.005711746415352,10.4230046645541,0,16
21000.0,65.0,Nefas - Silk Lafto,1.0,150.0,38.71525280229387,8.937081370336346,0,1,41,132,204,284,72.0,474.0,1590.0,3313.0,5755.0,8450.0,10.005711746415352,10.4230046645541,0,16
21200.0,40.0,Nefas - Silk Lafto,1.0,150.0,38.71525280229387,8.937081370336346,0,1,41,132,204,284,72.0,474.0,1590.0,3313.0,5755.0,8450.0,10.005711746415352,10.4230046645541,0,16
114640.0,40.0,Nefas - Silk Lafto,1.0,150.0,38.71525280229387,8.937081370336346,0,1,41,132,204,284,72.0,474.0,1590.0,3313.0,5755.0,8450.0,10.005711746415352,10.4230046645541,0,16
71550.0,65.0,Nefas - Silk Lafto,1.0,150.0,38.71525280229387,8.937081370336346,0,1,41,132,204,284,72.0,474.0,1590.0,3313.0,5755.0,8450.0,10.005711746415352,10.4230046645541,0,16
42100.0,100.0,Nefas - Silk Lafto,1.0,150.0,38.71525280229387,8.937081370336346,0,1,41,132,204,284,72.0,474.0,1590.0,3313.0,5755.0,8450.0,10.005711746415352,10.4230046645541,0,16
86668.0,50.0,Nefas - Silk Lafto,1.0,150.0,38.71525280229387,8.937081370336346,0,1,41,132,204,284,72.0,474.0,1590.0,3313.0,5755.0,8450.0,10.005711746415352,10.4230046645541,0,16
42710.6,100.0,Nefas - Silk Lafto,1.0,150.0,38.71525280229387,8.937081370336346,0,1,41,132,204,284,72.0,474.0,1590.0,3313.0,5755.0,8450.0,10.005711746415352,10.4230046645541,0,16
42010.0,70.0,Nefas - Silk Lafto,1.0,150.0,38.71525280229387,8.937081370336346,0,1,41,132,204,284,72.0,474.0,1590.0,3313.0,5755.0,8450.0,10.005711746415352,10.4230046645541,0,16
84440.0,60.0,Nefas - Silk Lafto,1.0,150.0,38.71525280229387,8.937081370336346,0,1,41,132,204,284,72.0,474.0,1590.0,3313.0,5755.0,8450.0,10.005711746415352,10.4230046645541,0,16
81000.0,61.0,Nefas - Silk Lafto,1.0,150.0,38.71525280229387,8.937081370336346,0,1,41,132,204,284,72.0,474.0,1590.0,3313.0,5755.0,8450.0,10.005711746415352,10.4230046645541,0,16
81077.0,42.0,Nefas - Silk Lafto,1.0,150.0,38.71525280229387,8.937081370336346,0,1,41,132,204,284,72.0,474.0,1590.0,3313.0,5755.0,8450.0,10.005711746415352,10.4230046645541,0,16
41555.0,100.0,Nefas - Silk Lafto,1.0,172.0,38.71525280229387,8.937081370336346,0,1,41,132,204,284,72.0,474.0,1590.0,3313.0,5755.0,8450.0,10.005711746415352,10.4230046645541,0,16
39534.88,100.0,Nefas - Silk Lafto,1.0,172.0,38.71525280229387,8.937081370336346,0,1,41,132,204,284,72.0,474.0,1590.0,3313.0,5755.0,8450.0,10.005711746415352,10.4230046645541,0,16
38457.63,100.0,Nefas - Silk Lafto,1.0,172.0,38.71525280229387,8.937081370336346,0,1,41,132,204,284,72.0,474.0,1590.0,3313.0,5755.0,8450.0,10.005711746415352,10.4230046645541,0,16
65023.27,100.0,Nefas - Silk Lafto,1.0,145.0,38.71525280229387,8.937081370336346,0,1,41,132,204,284,72.0,474.0,1590.0,3313.0,5755.0,8450.0,10.005711746415352,10.4230046645541,0,16
56600.0,100.0,Nefas - Silk Lafto,1.0,145.0,38.71525280229387,8.937081370336346,0,1,41,132,204,284,72.0,474.0,1590.0,3313.0,5755.0,8450.0,10.005711746415352,10.4230046645541,0,16
43760.0,100.0,Nefas - Silk Lafto,1.0,145.0,38.71525280229387,8.937081370336346,0,1,41,132,204,284,72.0,474.0,1590.0,3313.0,5755.0,8450.0,10.005711746415352,10.4230046645541,0,16
35703.0,100.0,Nefas - Silk Lafto,1.0,242.0,38.71525280229387,8.937081370336346,0,1,41,132,204,284,72.0,474.0,1590.0,3313.0,5755.0,8450.0,10.005711746415352,10.4230046645541,0,16
34556.0,100.0,Nefas - Silk Lafto,1.0,242.0,38.71525280229387,8.937081370336346,0,1,41,132,204,284,72.0,474.0,1590.0,3313.0,5755.0,8450.0,10.005711746415352,10.4230046645541,0,16
55550.5,40.0,Nefas - Silk Lafto,1.0,242.0,38.71525280229387,8.937081370336346,0,1,41,132,204,284,72.0,474.0,1590.0,3313.0,5755.0,8450.0,10.005711746415352,10.4230046645541,0,16
43460.0,100.0,Nefas - Silk Lafto,1.0,237.0,38.71525280229387,8.937081370336346,0,1,41,132,204,284,72.0,474.0,1590.0,3313.0,5755.0,8450.0,10.005711746415352,10.4230046645541,0,16
42800.0,100.0,Nefas - Silk Lafto,1.0,237.0,38.71525280229387,8.937081370336346,0,1,41,132,204,284,72.0,474.0,1590.0,3313.0,5755.0,8450.0,10.005711746415352,10.4230046645541,0,16
42300.0,100.0,Nefas - Silk Lafto,1.0,237.0,38.71525280229387,8.937081370336346,0,1,41,132,204,284,72.0,474.0,1590.0,3313.0,5755.0,8450.0,10.005711746415352,10.4230046645541,0,16
101111.0,40.0,Nefas - Silk Lafto,1.0,156.0,38.71525280229387,8.937081370336346,0,1,41,132,204,284,72.0,474.0,1590.0,3313.0,5755.0,8450.0,10.005711746415352,10.4230046645541,0,16
46191.0,100.0,Nefas - Silk Lafto,1.0,156.0,38.71525280229387,8.937081370336346,0,1,41,132,204,284,72.0,474.0,1590.0,3313.0,5755.0,8450.0,10.005711746415352,10.4230046645541,0,16
45003.0,100.0,Nefas - Silk Lafto,1.0,156.0,38.71525280229387,8.937081370336346,0,1,41,132,204,284,72.0,474.0,1590.0,3313.0,5755.0,8450.0,10.005711746415352,10.4230046645541,0,16
46678.0,100.0,Nefas - Silk Lafto,1.0,150.0,38.71525280229387,8.937081370336346,0,1,41,132,204,284,72.0,474.0,1590.0,3313.0,5755.0,8450.0,10.005711746415352,10.4230046645541,0,16
55447.0,40.0,Nefas - Silk Lafto,1.0,150.0,38.71525280229387,8.937081370336346,0,1,41,132,204,284,72.0,474.0,1590.0,3313.0,5755.0,8450.0,10.005711746415352,10.4230046645541,0,16
31857.0,100.0,Nefas - Silk Lafto,1.0,150.0,38.71525280229387,8.937081370336346,0,1,41,132,204,284,72.0,474.0,1590.0,3313.0,5755.0,8450.0,10.005711746415352,10.4230046645541,0,16
61120.0,40.0,Nefas - Silk Lafto,1.0,150.0,38.71525280229387,8.937081370336346,0,1,41,132,204,284,72.0,474.0,1590.0,3313.0,5755.0,8450.0,10.005711746415352,10.4230046645541,0,16
43157.0,40.0,Nefas - Silk Lafto,1.0,150.0,38.71525280229387,8.937081370336346,0,1,41,132,204,284,72.0,474.0,1590.0,3313.0,5755.0,8450.0,10.005711746415352,10.4230046645541,0,16
33300.0,50.0,Nefas - Silk Lafto,1.0,150.0,38.71525280229387,8.937081370336346,0,1,41,132,204,284,72.0,474.0,1590.0,3313.0,5755.0,8450.0,10.005711746415352,10.4230046645541,0,16
36000.0,100.0,Nefas - Silk Lafto,1.0,281.0,38.71525280229387,8.937081370336346,0,1,41,132,204,284,72.0,474.0,1590.0,3313.0,5755.0,8450.0,10.005711746415352,10.4230046645541,0,16
40533.0,75.0,Nefas - Silk Lafto,1.0,281.0,38.71525280229387,8.937081370336346,0,1,41,132,204,284,72.0,474.0,1590.0,3313.0,5755.0,8450.0,10.005711746415352,10.4230046645541,0,16
45151.0,40.0,Nefas - Silk Lafto,1.0,281.0,38.71525280229387,8.937081370336346,0,1,41,132,204,284,72.0,474.0,1590.0,3313.0,5755.0,8450.0,10.005711746415352,10.4230046645541,0,16
46876.56,100.0,Nefas - Silk Lafto,1.0,150.0,38.71525280229387,8.937081370336346,0,1,41,132,204,284,72.0,474.0,1590.0,3313.0,5755.0,8450.0,10.005711746415352,10.4230046645541,0,16
41167.0,100.0,Nefas - Silk Lafto,1.0,150.0,38.71525280229387,8.937081370336346,0,1,41,132,204,284,72.0,474.0,1590.0,3313.0,5755.0,8450.0,10.005711746415352,10.4230046645541,0,16
27777.0,100.0,Nefas - Silk Lafto,1.0,150.0,38.71525280229387,8.937081370336346,0,1,41,132,204,284,72.0,474.0,1590.0,3313.0,5755.0,8450.0,10.005711746415352,10.4230046645541,0,16
72350.0,60.0,Nefas - Silk Lafto,1.0,214.0,38.71525280229387,8.937081370336346,0,1,41,132,204,284,72.0,474.0,1590.0,3313.0,5755.0,8450.0,10.005711746415352,10.4230046645541,0,16
48000.5,100.0,Nefas - Silk Lafto,1.0,214.0,38.71525280229387,8.937081370336346,0,1,41,132,204,284,72.0,474.0,1590.0,3313.0,5755.0,8450.0,10.005711746415352,10.4230046645541,0,16
62196.0,70.0,Nefas - Silk Lafto,1.0,214.0,38.71525280229387,8.937081370336346,0,1,41,132,204,284,72.0,474.0,1590.0,3313.0,5755.0,8450.0,10.005711746415352,10.4230046645541,0,16
100150.0,40.0,Nefas - Silk Lafto,1.0,150.0,38.71525280229387,8.937081370336346,0,1,41,132,204,284,72.0,474.0,1590.0,3313.0,5755.0,8450.0,10.005711746415352,10.4230046645541,0,16
45050.0,100.0,Nefas - Silk Lafto,1.0,150.0,38.71525280229387,8.937081370336346,0,1,41,132,204,284,72.0,474.0,1590.0,3313.0,5755.0,8450.0,10.005711746415352,10.4230046645541,0,16
54699.0,40.0,Nefas - Silk Lafto,1.0,150.0,38.71525280229387,8.937081370336346,0,1,41,132,204,284,72.0,474.0,1590.0,3313.0,5755.0,8450.0,10.005711746415352,10.4230046645541,0,16
61150.0,100.0,Nefas - Silk Lafto,1.0,190.0,38.71525280229387,8.937081370336346,0,1,41,132,204,284,72.0,474.0,1590.0,3313.0,5755.0,8450.0,10.005711746415352,10.4230046645541,0,16
65150.0,45.0,Nefas - Silk Lafto,1.0,190.0,38.71525280229387,8.937081370336346,0,1,41,132,204,284,72.0,474.0,1590.0,3313.0,5755.0,8450.0,10.005711746415352,10.4230046645541,0,16
35590.0,100.0,Nefas - Silk Lafto,1.0,190.0,38.71525280229387,8.937081370336346,0,1,41,132,204,284,72.0,474.0,1590.0,3313.0,5755.0,8450.0,10.005711746415352,10.4230046645541,0,16
41170.0,100.0,Nefas - Silk Lafto,1.0,150.0,38.71525280229387,8.937081370336346,0,1,41,132,204,284,72.0,474.0,1590.0,3313.0,5755.0,8450.0,10.005711746415352,10.4230046645541,0,16
38333.33,100.0,Nefas - Silk Lafto,1.0,150.0,38.71525280229387,8.937081370336346,0,1,41,132,204,284,72.0,474.0,1590.0,3313.0,5755.0,8450.0,10.005711746415352,10.4230046645541,0,16
51201.0,50.0,Nefas - Silk Lafto,1.0,150.0,38.71525280229387,8.937081370336346,0,1,41,132,204,284,72.0,474.0,1590.0,3313.0,5755.0,8450.0,10.005711746415352,10.4230046645541,0,16
75200.0,60.0,Nefas - Silk Lafto,1.0,164.0,38.71525280229387,8.937081370336346,0,1,41,132,204,284,72.0,474.0,1590.0,3313.0,5755.0,8450.0,10.005711746415352,10.4230046645541,0,16
46000.0,100.0,Nefas - Silk Lafto,1.0,164.0,38.71525280229387,8.937081370336346,0,1,41,132,204,284,72.0,474.0,1590.0,3313.0,5755.0,8450.0,10.005711746415352,10.4230046645541,0,16
43150.0,100.0,Nefas - Silk Lafto,1.0,164.0,38.71525280229387,8.937081370336346,0,1,41,132,204,284,72.0,474.0,1590.0,3313.0,5755.0,8450.0,10.005711746415352,10.4230046645541,0,16
70800.0,90.0,Nefas - Silk Lafto,1.0,150.0,38.71525280229387,8.937081370336346,0,1,41,132,204,284,72.0,474.0,1590.0,3313.0,5755.0,8450.0,10.005711746415352,10.4230046645541,0,16
43150.0,100.0,Nefas - Silk Lafto,1.0,150.0,38.71525280229387,8.937081370336346,0,1,41,132,204,284,72.0,474.0,1590.0,3313.0,5755.0,8450.0,10.005711746415352,10.4230046645541,0,16
71104.43,60.0,Nefas - Silk Lafto,1.0,150.0,38.71525280229387,8.937081370336346,0,1,41,132,204,284,72.0,474.0,1590.0,3313.0,5755.0,8450.0,10.005711746415352,10.4230046645541,0,16
75663.0,70.0,Nefas - Silk Lafto,1.0,146.0,38.71525280229387,8.937081370336346,0,1,41,132,204,284,72.0,474.0,1590.0,3313.0,5755.0,8450.0,10.005711746415352,10.4230046645541,0,16
50000.0,100.0,Nefas - Silk Lafto,1.0,146.0,38.71525280229387,8.937081370336346,0,1,41,132,204,284,72.0,474.0,1590.0,3313.0,5755.0,8450.0,10.005711746415352,10.4230046645541,0,16
49150.0,85.0,Nefas - Silk Lafto,1.0,146.0,38.71525280229387,8.937081370336346,0,1,41,132,204,284,72.0,474.0,1590.0,3313.0,5755.0,8450.0,10.005711746415352,10.4230046645541,0,16
57900.0,100.0,Nefas - Silk Lafto,1.0,261.0,38.71525280229387,8.937081370336346,0,1,41,132,204,284,72.0,474.0,1590.0,3313.0,5755.0,8450.0,10.005711746415352,10.4230046645541,0,16
52150.0,100.0,Nefas - Silk Lafto,1.0,261.0,38.71525280229387,8.937081370336346,0,1,41,132,204,284,72.0,474.0,1590.0,3313.0,5755.0,8450.0,10.005711746415352,10.4230046645541,0,16
50000.0,100.0,Nefas - Silk Lafto,1.0,261.0,38.71525280229387,8.937081370336346,0,1,41,132,204,284,72.0,474.0,1590.0,3313.0,5755.0,8450.0,10.005711746415352,10.4230046645541,0,16
75340.0,70.0,Nefas - Silk Lafto,1.0,164.0,38.71525280229387,8.937081370336346,0,1,41,132,204,284,72.0,474.0,1590.0,3313.0,5755.0,8450.0,10.005711746415352,10.4230046645541,0,16
55119.21,100.0,Nefas - Silk Lafto,1.0,164.0,38.71525280229387,8.937081370336346,0,1,41,132,204,284,72.0,474.0,1590.0,3313.0,5755.0,8450.0,10.005711746415352,10.4230046645541,0,16
72000.0,40.0,Nefas - Silk Lafto,1.0,164.0,38.71525280229387,8.937081370336346,0,1,41,132,204,284,72.0,474.0,1590.0,3313.0,5755.0,8450.0,10.005711746415352,10.4230046645541,0,16
50120.0,100.0,Nefas - Silk Lafto,1.0,430.0,38.71525280229387,8.937081370336346,0,1,41,132,204,284,72.0,474.0,1590.0,3313.0,5755.0,8450.0,10.005711746415352,10.4230046645541,0,16
65600.0,50.0,Nefas - Silk Lafto,1.0,430.0,38.71525280229387,8.937081370336346,0,1,41,132,204,284,72.0,474.0,1590.0,3313.0,5755.0,8450.0,10.005711746415352,10.4230046645541,0,16
61110.0,51.0,Nefas - Silk Lafto,1.0,430.0,38.71525280229387,8.937081370336346,0,1,41,132,204,284,72.0,474.0,1590.0,3313.0,5755.0,8450.0,10.005711746415352,10.4230046645541,0,16
31270.0,100.0,Nefas - Silk Lafto,1.0,227.0,38.71525280229387,8.937081370336346,0,1,41,132,204,284,72.0,474.0,1590.0,3313.0,5755.0,8450.0,10.005711746415352,10.4230046645541,0,16
31000.0,100.0,Nefas - Silk Lafto,1.0,227.0,38.71525280229387,8.937081370336346,0,1,41,132,204,284,72.0,474.0,1590.0,3313.0,5755.0,8450.0,10.005711746415352,10.4230046645541,0,16
30000.0,100.0,Nefas - Silk Lafto,1.0,227.0,38.71525280229387,8.937081370336346,0,1,41,132,204,284,72.0,474.0,1590.0,3313.0,5755.0,8450.0,10.005711746415352,10.4230046645541,0,16
34000.0,100.0,Nefas - Silk Lafto,1.0,227.0,38.71525280229387,8.937081370336346,0,1,41,132,204,284,72.0,474.0,1590.0,3313.0,5755.0,8450.0,10.005711746415352,10.4230046645541,0,16
21000.0,100.0,Nefas - Silk Lafto,1.0,227.0,38.71525280229387,8.937081370336346,0,1,41,132,204,284,72.0,474.0,1590.0,3313.0,5755.0,8450.0,10.005711746415352,10.4230046645541,0,16
10350.0,100.0,Nefas - Silk Lafto,1.0,227.0,38.71525280229387,8.937081370336346,0,1,41,132,204,284,72.0,474.0,1590.0,3313.0,5755.0,8450.0,10.005711746415352,10.4230046645541,0,16
124200.0,40.0,Nefas - Silk Lafto,1.0,250.0,38.71525280229387,8.937081370336346,0,1,41,132,204,284,72.0,474.0,1590.0,3313.0,5755.0,8450.0,10.005711746415352,10.4230046645541,0,16
41101.0,100.0,Nefas - Silk Lafto,1.0,250.0,38.71525280229387,8.937081370336346,0,1,41,132,204,284,72.0,474.0,1590.0,3313.0,5755.0,8450.0,10.005711746415352,10.4230046645541,0,16
36300.0,100.0,Nefas - Silk Lafto,1.0,250.0,38.71525280229387,8.937081370336346,0,1,41,132,204,284,72.0,474.0,1590.0,3313.0,5755.0,8450.0,10.005711746415352,10.4230046645541,0,16
51199.0,60.0,Nefas - Silk Lafto,1.0,250.0,38.71525280229387,8.937081370336346,0,1,41,132,204,284,72.0,474.0,1590.0,3313.0,5755.0,8450.0,10.005711746415352,10.4230046645541,0,16
21205.0,62.0,Nefas - Silk Lafto,1.0,250.0,38.71525280229387,8.937081370336346,0,1,41,132,204,284,72.0,474.0,1590.0,3313.0,5755.0,8450.0,10.005711746415352,10.4230046645541,0,16
21171.0,40.0,Nefas - Silk Lafto,1.0,250.0,38.71525280229387,8.937081370336346,0,1,41,132,204,284,72.0,474.0,1590.0,3313.0,5755.0,8450.0,10.005711746415352,10.4230046645541,0,16
42200.0,100.0,Nefas - Silk Lafto,1.0,250.0,38.71525280229387,8.937081370336346,0,1,41,132,204,284,72.0,474.0,1590.0,3313.0,5755.0,8450.0,10.005711746415352,10.4230046645541,0,16
37289.3,100.0,Nefas - Silk Lafto,1.0,250.0,38.71525280229387,8.937081370336346,0,1,41,132,204,284,72.0,474.0,1590.0,3313.0,5755.0,8450.0,10.005711746415352,10.4230046645541,0,16
41027.0,80.0,Nefas - Silk Lafto,1.0,250.0,38.71525280229387,8.937081370336346,0,1,41,132,204,284,72.0,474.0,1590.0,3313.0,5755.0,8450.0,10.005711746415352,10.4230046645541,0,16
41101.0,100.0,Nefas - Silk Lafto,1.0,250.0,38.71525280229387,8.937081370336346,0,1,41,132,204,284,72.0,474.0,1590.0,3313.0,5755.0,8450.0,10.005711746415352,10.4230046645541,0,16
61002.4,40.0,Nefas - Silk Lafto,1.0,250.0,38.71525280229387,8.937081370336346,0,1,41,132,204,284,72.0,474.0,1590.0,3313.0,5755.0,8450.0,10.005711746415352,10.4230046645541,0,16
51019.0,60.0,Nefas - Silk Lafto,1.0,250.0,38.71525280229387,8.937081370336346,0,1,41,132,204,284,72.0,474.0,1590.0,3313.0,5755.0,8450.0,10.005711746415352,10.4230046645541,0,16
50000.0,80.0,Nefas - Silk Lafto,1.0,250.0,38.71525280229387,8.937081370336346,0,1,41,132,204,284,72.0,474.0,1590.0,3313.0,5755.0,8450.0,10.005711746415352,10.4230046645541,0,16
39520.3,100.0,Nefas - Silk Lafto,1.0,250.0,38.71525280229387,8.937081370336346,0,1,41,132,204,284,72.0,474.0,1590.0,3313.0,5755.0,8450.0,10.005711746415352,10.4230046645541,0,16
64000.0,65.0,Nefas - Silk Lafto,1.0,250.0,38.71525280229387,8.937081370336346,0,1,41,132,204,284,72.0,474.0,1590.0,3313.0,5755.0,8450.0,10.005711746415352,10.4230046645541,0,16
35800.0,100.0,Nefas - Silk Lafto,1.0,250.0,38.71525280229387,8.937081370336346,0,1,41,132,204,284,72.0,474.0,1590.0,3313.0,5755.0,8450.0,10.005711746415352,10.4230046645541,0,16
31555.0,100.0,Nefas - Silk Lafto,1.0,250.0,38.71525280229387,8.937081370336346,0,1,41,132,204,284,72.0,474.0,1590.0,3313.0,5755.0,8450.0,10.005711746415352,10.4230046645541,0,16
41101.0,100.0,Nefas - Silk Lafto,1.0,250.0,38.71525280229387,8.937081370336346,0,1,41,132,204,284,72.0,474.0,1590.0,3313.0,5755.0,8450.0,10.005711746415352,10.4230046645541,0,16
41050.0,100.0,Nefas - Silk Lafto,1.0,250.0,38.71525280229387,8.937081370336346,0,1,41,132,204,284,72.0,474.0,1590.0,3313.0,5755.0,8450.0,10.005711746415352,10.4230046645541,0,16
38800.0,100.0,Nefas - Silk Lafto,1.0,250.0,38.71525280229387,8.937081370336346,0,1,41,132,204,284,72.0,474.0,1590.0,3313.0,5755.0,8450.0,10.005711746415352,10.4230046645541,0,16
38000.0,100.0,Nefas - Silk Lafto,1.0,250.0,38.71525280229387,8.937081370336346,0,1,41,132,204,284,72.0,474.0,1590.0,3313.0,5755.0,8450.0,10.005711746415352,10.4230046645541,0,16
32618.21,100.0,Nefas - Silk Lafto,1.0,250.0,38.71525280229387,8.937081370336346,0,1,41,132,204,284,72.0,474.0,1590.0,3313.0,5755.0,8450.0,10.005711746415352,10.4230046645541,0,16
36000.0,71.2,Nefas - Silk Lafto,1.0,250.0,38.71525280229387,8.937081370336346,0,1,41,132,204,284,72.0,474.0,1590.0,3313.0,5755.0,8450.0,10.005711746415352,10.4230046645541,0,16
50320.0,100.0,Nefas - Silk Lafto,1.0,250.0,38.71525280229387,8.937081370336346,0,1,41,132,204,284,72.0,474.0,1590.0,3313.0,5755.0,8450.0,10.005711746415352,10.4230046645541,0,16
68444.0,40.0,Nefas - Silk Lafto,1.0,250.0,38.71525280229387,8.937081370336346,0,1,41,132,204,284,72.0,474.0,1590.0,3313.0,5755.0,8450.0,10.005711746415352,10.4230046645541,0,16
33200.0,100.0,Nefas - Silk Lafto,1.0,250.0,38.71525280229387,8.937081370336346,0,1,41,132,204,284,72.0,474.0,1590.0,3313.0,5755.0,8450.0,10.005711746415352,10.4230046645541,0,16
44000.0,100.0,Nefas - Silk Lafto,1.0,250.0,38.71525280229387,8.937081370336346,0,1,41,132,204,284,72.0,474.0,1590.0,3313.0,5755.0,8450.0,10.005711746415352,10.4230046645541,0,16
39230.5,100.0,Nefas - Silk Lafto,1.0,250.0,38.71525280229387,8.937081370336346,0,1,41,132,204,284,72.0,474.0,1590.0,3313.0,5755.0,8450.0,10.005711746415352,10.4230046645541,0,16
50050.0,60.0,Nefas - Silk Lafto,1.0,250.0,38.71525280229387,8.937081370336346,0,1,41,132,204,284,72.0,474.0,1590.0,3313.0,5755.0,8450.0,10.005711746415352,10.4230046645541,0,16
51000.0,51.0,Nefas - Silk Lafto,1.0,250.0,38.71525280229387,8.937081370336346,0,1,41,132,204,284,72.0,474.0,1590.0,3313.0,5755.0,8450.0,10.005711746415352,10.4230046645541,0,16
30120.0,100.0,Nefas - Silk Lafto,1.0,250.0,38.71525280229387,8.937081370336346,0,1,41,132,204,284,72.0,474.0,1590.0,3313.0,5755.0,8450.0,10.005711746415352,10.4230046645541,0,16
26500.0,100.0,Nefas - Silk Lafto,1.0,250.0,38.71525280229387,8.937081370336346,0,1,41,132,204,284,72.0,474.0,1590.0,3313.0,5755.0,8450.0,10.005711746415352,10.4230046645541,0,16
84000.0,100.0,Nefas - Silk Lafto,1.0,250.0,38.71525280229387,8.937081370336346,0,1,41,132,204,284,72.0,474.0,1590.0,3313.0,5755.0,8450.0,10.005711746415352,10.4230046645541,0,16
41101.0,100.0,Nefas - Silk Lafto,1.0,250.0,38.71525280229387,8.937081370336346,0,1,41,132,204,284,72.0,474.0,1590.0,3313.0,5755.0,8450.0,10.005711746415352,10.4230046645541,0,16
63150.0,48.0,Nefas - Silk Lafto,1.0,250.0,38.71525280229387,8.937081370336346,0,1,41,132,204,284,72.0,474.0,1590.0,3313.0,5755.0,8450.0,10.005711746415352,10.4230046645541,0,16
36050.0,100.0,Nefas - Silk Lafto,1.0,250.0,38.71525280229387,8.937081370336346,0,1,41,132,204,284,72.0,474.0,1590.0,3313.0,5755.0,8450.0,10.005711746415352,10.4230046645541,0,16
32000.0,100.0,Nefas - Silk Lafto,1.0,250.0,38.71525280229387,8.937081370336346,0,1,41,132,204,284,72.0,474.0,1590.0,3313.0,5755.0,8450.0,10.005711746415352,10.4230046645541,0,16
27100.0,100.0,Nefas - Silk Lafto,1.0,250.0,38.71525280229387,8.937081370336346,0,1,41,132,204,284,72.0,474.0,1590.0,3313.0,5755.0,8450.0,10.005711746415352,10.4230046645541,0,16
41888.0,46.0,Nefas - Silk Lafto,1.0,240.0,38.71525280229387,8.937081370336346,0,1,41,132,204,284,72.0,474.0,1590.0,3313.0,5755.0,8450.0,10.005711746415352,10.4230046645541,0,16
37100.0,40.0,Nefas - Silk Lafto,1.0,240.0,38.71525280229387,8.937081370336346,0,1,41,132,204,284,72.0,474.0,1590.0,3313.0,5755.0,8450.0,10.005711746415352,10.4230046645541,0,16
31000.0,50.0,Nefas - Silk Lafto,1.0,240.0,38.71525280229387,8.937081370336346,0,1,41,132,204,284,72.0,474.0,1590.0,3313.0,5755.0,8450.0,10.005711746415352,10.4230046645541,0,16
73199.0,100.0,Kolfe Keranyo,7.0,96.0,38.682952902214105,9.007266440069444,5,20,41,73,143,268,301.0,980.0,2790.0,4678.0,7413.0,10417.0,7.752207159766048,13.117666611593126,3,20
121121.21,40.0,Kolfe Keranyo,7.0,96.0,38.682952902214105,9.007266440069444,5,20,41,73,143,268,301.0,980.0,2790.0,4678.0,7413.0,10417.0,7.752207159766048,13.117666611593126,3,20
70110.0,100.0,Kolfe Keranyo,7.0,96.0,38.682952902214105,9.007266440069444,5,20,41,73,143,268,301.0,980.0,2790.0,4678.0,7413.0,10417.0,7.752207159766048,13.117666611593126,3,20
81099.0,100.0,Kolfe Keranyo,4.0,206.0,38.6827559088353,8.993163079818315,3,11,69,81,145,300,200.0,709.0,2850.0,5041.0,7329.0,10181.0,8.188478319214049,12.876030784633555,3,24
66500.0,100.0,Kolfe Keranyo,4.0,206.0,38.6827559088353,8.993163079818315,3,11,69,81,145,300,200.0,709.0,2850.0,5041.0,7329.0,10181.0,8.188478319214049,12.876030784633555,3,24
56266.0,100.0,Kolfe Keranyo,4.0,206.0,38.6827559088353,8.993163079818315,3,11,69,81,145,300,200.0,709.0,2850.0,5041.0,7329.0,10181.0,8.188478319214049,12.876030784633555,3,24
72215.0,100.0,Kolfe Keranyo,4.0,199.0,38.6827559088353,8.993163079818315,3,11,69,81,145,300,200.0,709.0,2850.0,5041.0,7329.0,10181.0,8.188478319214049,12.876030784633555,3,24
65636.6,100.0,Kolfe Keranyo,4.0,199.0,38.6827559088353,8.993163079818315,3,11,69,81,145,300,200.0,709.0,2850.0,5041.0,7329.0,10181.0,8.188478319214049,12.876030784633555,3,24
63000.0,100.0,Kolfe Keranyo,4.0,199.0,38.6827559088353,8.993163079818315,3,11,69,81,145,300,200.0,709.0,2850.0,5041.0,7329.0,10181.0,8.188478319214049,12.876030784633555,3,24
66501.0,100.0,Kolfe Keranyo,7.0,106.0,38.682952902214105,9.007266440069444,5,20,41,73,143,268,301.0,980.0,2790.0,4678.0,7413.0,10417.0,7.752207159766048,13.117666611593126,3,20
58374.52,100.0,Kolfe Keranyo,7.0,106.0,38.682952902214105,9.007266440069444,5,20,41,73,143,268,301.0,980.0,2790.0,4678.0,7413.0,10417.0,7.752207159766048,13.117666611593126,3,20
67500.0,75.5,Kolfe Keranyo,7.0,106.0,38.682952902214105,9.007266440069444,5,20,41,73,143,268,301.0,980.0,2790.0,4678.0,7413.0,10417.0,7.752207159766048,13.117666611593126,3,20
76100.0,100.0,Kolfe Keranyo,7.0,184.0,38.682952902214105,9.007266440069444,5,20,41,73,143,268,301.0,980.0,2790.0,4678.0,7413.0,10417.0,7.752207159766048,13.117666611593126,3,20
73700.0,100.0,Kolfe Keranyo,7.0,184.0,38.682952902214105,9.007266440069444,5,20,41,73,143,268,301.0,980.0,2790.0,4678.0,7413.0,10417.0,7.752207159766048,13.117666611593126,3,20
65155.0,100.0,Kolfe Keranyo,7.0,184.0,38.682952902214105,9.007266440069444,5,20,41,73,143,268,301.0,980.0,2790.0,4678.0,7413.0,10417.0,7.752207159766048,13.117666611593126,3,20
74520.0,100.0,Kolfe Keranyo,7.0,130.0,38.682952902214105,9.007266440069444,5,20,41,73,143,268,301.0,980.0,2790.0,4678.0,7413.0,10417.0,7.752207159766048,13.117666611593126,3,20
72999.0,100.0,Kolfe Keranyo,7.0,130.0,38.682952902214105,9.007266440069444,5,20,41,73,143,268,301.0,980.0,2790.0,4678.0,7413.0,10417.0,7.752207159766048,13.117666611593126,3,20
70150.0,100.0,Kolfe Keranyo,7.0,130.0,38.682952902214105,9.007266440069444,5,20,41,73,143,268,301.0,980.0,2790.0,4678.0,7413.0,10417.0,7.752207159766048,13.117666611593126,3,20
61000.0,100.0,Kolfe Keranyo,8.0,200.0,38.68911980443161,9.02104573484426,0,1,34,92,193,365,148.0,455.0,2403.0,4830.0,7668.0,11469.0,6.963426615418553,12.909342830216126,3,15
59990.0,100.0,Kolfe Keranyo,8.0,200.0,38.68911980443161,9.02104573484426,0,1,34,92,193,365,148.0,455.0,2403.0,4830.0,7668.0,11469.0,6.963426615418553,12.909342830216126,3,15
60500.0,90.0,Kolfe Keranyo,8.0,200.0,38.68911980443161,9.02104573484426,0,1,34,92,193,365,148.0,455.0,2403.0,4830.0,7668.0,11469.0,6.963426615418553,12.909342830216126,3,15
79000.0,80.0,Kolfe Keranyo,8.0,150.0,38.68911980443161,9.02104573484426,0,1,34,92,193,365,148.0,455.0,2403.0,4830.0,7668.0,11469.0,6.963426615418553,12.909342830216126,3,15
54289.0,100.0,Kolfe Keranyo,8.0,150.0,38.68911980443161,9.02104573484426,0,1,34,92,193,365,148.0,455.0,2403.0,4830.0,7668.0,11469.0,6.963426615418553,12.909342830216126,3,15
52150.0,100.0,Kolfe Keranyo,8.0,150.0,38.68911980443161,9.02104573484426,0,1,34,92,193,365,148.0,455.0,2403.0,4830.0,7668.0,11469.0,6.963426615418553,12.909342830216126,3,15
91500.0,67.0,Kolfe Keranyo,8.0,151.0,38.68911980443161,9.02104573484426,0,1,34,92,193,365,148.0,455.0,2403.0,4830.0,7668.0,11469.0,6.963426615418553,12.909342830216126,3,15
52150.0,100.0,Kolfe Keranyo,8.0,151.0,38.68911980443161,9.02104573484426,0,1,34,92,193,365,148.0,455.0,2403.0,4830.0,7668.0,11469.0,6.963426615418553,12.909342830216126,3,15
50000.0,100.0,Kolfe Keranyo,8.0,151.0,38.68911980443161,9.02104573484426,0,1,34,92,193,365,148.0,455.0,2403.0,4830.0,7668.0,11469.0,6.963426615418553,12.909342830216126,3,15
32105.0,100.0,Kolfe Keranyo,11.0,338.0,38.69151415483088,9.03730402006131,1,5,22,67,199,365,175.0,594.0,1835.0,4269.0,7526.0,11036.0,6.993307106017576,13.411908044571168,3,15
23770.0,100.0,Kolfe Keranyo,11.0,338.0,38.69151415483088,9.03730402006131,1,5,22,67,199,365,175.0,594.0,1835.0,4269.0,7526.0,11036.0,6.993307106017576,13.411908044571168,3,15
13011.99,100.0,Kolfe Keranyo,11.0,338.0,38.69151415483088,9.03730402006131,1,5,22,67,199,365,175.0,594.0,1835.0,4269.0,7526.0,11036.0,6.993307106017576,13.411908044571168,3,15
34550.0,100.0,Kolfe Keranyo,4.0,165.0,38.6827559088353,8.993163079818315,3,11,69,81,145,300,200.0,709.0,2850.0,5041.0,7329.0,10181.0,8.188478319214049,12.876030784633555,3,24
25500.0,100.0,Kolfe Keranyo,4.0,165.0,38.6827559088353,8.993163079818315,3,11,69,81,145,300,200.0,709.0,2850.0,5041.0,7329.0,10181.0,8.188478319214049,12.876030784633555,3,24
21500.0,100.0,Kolfe Keranyo,4.0,165.0,38.6827559088353,8.993163079818315,3,11,69,81,145,300,200.0,709.0,2850.0,5041.0,7329.0,10181.0,8.188478319214049,12.876030784633555,3,24
37555.0,100.0,Kolfe Keranyo,4.0,172.0,38.6827559088353,8.993163079818315,3,11,69,81,145,300,200.0,709.0,2850.0,5041.0,7329.0,10181.0,8.188478319214049,12.876030784633555,3,24
45114.0,40.0,Kolfe Keranyo,4.0,172.0,38.6827559088353,8.993163079818315,3,11,69,81,145,300,200.0,709.0,2850.0,5041.0,7329.0,10181.0,8.188478319214049,12.876030784633555,3,24
26150.0,100.0,Kolfe Keranyo,4.0,172.0,38.6827559088353,8.993163079818315,3,11,69,81,145,300,200.0,709.0,2850.0,5041.0,7329.0,10181.0,8.188478319214049,12.876030784633555,3,24
47175.0,100.0,Kolfe Keranyo,4.0,176.0,38.6827559088353,8.993163079818315,3,11,69,81,145,300,200.0,709.0,2850.0,5041.0,7329.0,10181.0,8.188478319214049,12.876030784633555,3,24
35110.0,100.0,Kolfe Keranyo,4.0,176.0,38.6827559088353,8.993163079818315,3,11,69,81,145,300,200.0,709.0,2850.0,5041.0,7329.0,10181.0,8.188478319214049,12.876030784633555,3,24
35100.0,100.0,Kolfe Keranyo,4.0,176.0,38.6827559088353,8.993163079818315,3,11,69,81,145,300,200.0,709.0,2850.0,5041.0,7329.0,10181.0,8.188478319214049,12.876030784633555,3,24
55050.0,100.0,Kolfe Keranyo,4.0,173.0,38.6827559088353,8.993163079818315,3,11,69,81,145,300,200.0,709.0,2850.0,5041.0,7329.0,10181.0,8.188478319214049,12.876030784633555,3,24
54000.0,80.0,Kolfe Keranyo,4.0,173.0,38.6827559088353,8.993163079818315,3,11,69,81,145,300,200.0,709.0,2850.0,5041.0,7329.0,10181.0,8.188478319214049,12.876030784633555,3,24
40500.0,70.0,Kolfe Keranyo,4.0,173.0,38.6827559088353,8.993163079818315,3,11,69,81,145,300,200.0,709.0,2850.0,5041.0,7329.0,10181.0,8.188478319214049,12.876030784633555,3,24
52700.0,100.0,Kolfe Keranyo,5.0,152.0,38.70133998874034,8.99109133083579,0,20,69,157,325,630,137.0,567.0,2418.0,4865.0,8440.0,12430.0,6.429452086460782,10.82203097494198,12,28
35130.0,100.0,Kolfe Keranyo,5.0,152.0,38.70133998874034,8.99109133083579,0,20,69,157,325,630,137.0,567.0,2418.0,4865.0,8440.0,12430.0,6.429452086460782,10.82203097494198,12,28
56612.0,40.0,Kolfe Keranyo,5.0,152.0,38.70133998874034,8.99109133083579,0,20,69,157,325,630,137.0,567.0,2418.0,4865.0,8440.0,12430.0,6.429452086460782,10.82203097494198,12,28
81000.0,70.0,Kolfe Keranyo,5.0,155.0,38.70133998874034,8.99109133083579,0,20,69,157,325,630,137.0,567.0,2418.0,4865.0,8440.0,12430.0,6.429452086460782,10.82203097494198,12,28
59741.0,100.0,Kolfe Keranyo,5.0,155.0,38.70133998874034,8.99109133083579,0,20,69,157,325,630,137.0,567.0,2418.0,4865.0,8440.0,12430.0,6.429452086460782,10.82203097494198,12,28
52700.0,100.0,Kolfe Keranyo,5.0,155.0,38.70133998874034,8.99109133083579,0,20,69,157,325,630,137.0,567.0,2418.0,4865.0,8440.0,12430.0,6.429452086460782,10.82203097494198,12,28
63200.0,100.0,Kolfe Keranyo,7.0,206.0,38.682952902214105,9.007266440069444,5,20,41,73,143,268,301.0,980.0,2790.0,4678.0,7413.0,10417.0,7.752207159766048,13.117666611593126,3,20
73898.0,68.0,Kolfe Keranyo,7.0,206.0,38.682952902214105,9.007266440069444,5,20,41,73,143,268,301.0,980.0,2790.0,4678.0,7413.0,10417.0,7.752207159766048,13.117666611593126,3,20
58000.0,100.0,Kolfe Keranyo,7.0,206.0,38.682952902214105,9.007266440069444,5,20,41,73,143,268,301.0,980.0,2790.0,4678.0,7413.0,10417.0,7.752207159766048,13.117666611593126,3,20
85821.0,100.0,Kolfe Keranyo,7.0,134.0,38.682952902214105,9.007266440069444,5,20,41,73,143,268,301.0,980.0,2790.0,4678.0,7413.0,10417.0,7.752207159766048,13.117666611593126,3,20
72999.0,100.0,Kolfe Keranyo,7.0,134.0,38.682952902214105,9.007266440069444,5,20,41,73,143,268,301.0,980.0,2790.0,4678.0,7413.0,10417.0,7.752207159766048,13.117666611593126,3,20
68000.0,100.0,Kolfe Keranyo,7.0,134.0,38.682952902214105,9.007266440069444,5,20,41,73,143,268,301.0,980.0,2790.0,4678.0,7413.0,10417.0,7.752207159766048,13.117666611593126,3,20
75019.0,100.0,Gulele,7.0,174.0,38.73876325393147,9.070532817420135,2,9,41,162,313,615,181.0,563.0,1646.0,3095.0,4875.0,7364.0,5.9039090321500725,12.008239156826676,6,23
83820.0,66.0,Gulele,7.0,174.0,38.73876325393147,9.070532817420135,2,9,41,162,313,615,181.0,563.0,1646.0,3095.0,4875.0,7364.0,5.9039090321500725,12.008239156826676,6,23
85000.0,55.0,Gulele,7.0,174.0,38.73876325393147,9.070532817420135,2,9,41,162,313,615,181.0,563.0,1646.0,3095.0,4875.0,7364.0,5.9039090321500725,12.008239156826676,6,23
50000.0,70.0,Gulele,2.0,254.0,38.76287138736336,9.051273373732766,16,39,192,437,734,1138,141.0,435.0,2004.0,4009.0,6389.0,8913.0,3.743842814756171,8.81824154416102,13,36
10950.0,100.0,Gulele,2.0,254.0,38.76287138736336,9.051273373732766,16,39,192,437,734,1138,141.0,435.0,2004.0,4009.0,6389.0,8913.0,3.743842814756171,8.81824154416102,13,36
14123.25,70.0,Gulele,2.0,254.0,38.76287138736336,9.051273373732766,16,39,192,437,734,1138,141.0,435.0,2004.0,4009.0,6389.0,8913.0,3.743842814756171,8.81824154416102,13,36
65600.0,100.0,Gulele,8.0,195.0,38.73134628238545,9.066191460917656,7,21,70,160,463,635,297.0,771.0,1863.0,3347.0,5551.0,8068.0,5.718299245570437,12.094214865615722,6,28
76923.07,40.0,Gulele,8.0,195.0,38.73134628238545,9.066191460917656,7,21,70,160,463,635,297.0,771.0,1863.0,3347.0,5551.0,8068.0,5.718299245570437,12.094214865615722,6,28
36389.0,100.0,Gulele,8.0,195.0,38.73134628238545,9.066191460917656,7,21,70,160,463,635,297.0,771.0,1863.0,3347.0,5551.0,8068.0,5.718299245570437,12.094214865615722,6,28
43000.0,60.0,Gulele,8.0,257.0,38.73134628238545,9.066191460917656,7,21,70,160,463,635,297.0,771.0,1863.0,3347.0,5551.0,8068.0,5.718299245570437,12.094214865615722,6,28
31160.0,100.0,Gulele,8.0,257.0,38.73134628238545,9.066191460917656,7,21,70,160,463,635,297.0,771.0,1863.0,3347.0,5551.0,8068.0,5.718299245570437,12.094214865615722,6,28
30105.91,100.0,Gulele,8.0,257.0,38.73134628238545,9.066191460917656,7,21,70,160,463,635,297.0,771.0,1863.0,3347.0,5551.0,8068.0,5.718299245570437,12.094214865615722,6,28
60000.0,70.0,Gulele,7.0,131.0,38.73876325393147,9.070532817420135,2,9,41,162,313,615,181.0,563.0,1646.0,3095.0,4875.0,7364.0,5.9039090321500725,12.008239156826676,6,23
65010.0,50.0,Gulele,7.0,131.0,38.73876325393147,9.070532817420135,2,9,41,162,313,615,181.0,563.0,1646.0,3095.0,4875.0,7364.0,5.9039090321500725,12.008239156826676,6,23
36900.0,100.0,Gulele,7.0,131.0,38.73876325393147,9.070532817420135,2,9,41,162,313,615,181.0,563.0,1646.0,3095.0,4875.0,7364.0,5.9039090321500725,12.008239156826676,6,23
111000.0,100.0,Lideta,4.0,127.0,38.73408832926543,9.016605708939036,28,70,354,710,1128,1443,202.0,697.0,2266.0,4654.0,8197.0,13163.0,2.0424529651821546,8.20505349040465,14,38
105560.0,100.0,Lideta,4.0,127.0,38.73408832926543,9.016605708939036,28,70,354,710,1128,1443,202.0,697.0,2266.0,4654.0,8197.0,13163.0,2.0424529651821546,8.20505349040465,14,38
96700.0,100.0,Lideta,4.0,127.0,38.73408832926543,9.016605708939036,28,70,354,710,1128,1443,202.0,697.0,2266.0,4654.0,8197.0,13163.0,2.0424529651821546,8.20505349040465,14,38
60000.0,70.0,Yeka,10.0,518.0,38.81551144932411,9.05976397126058,0,0,2,12,79,355,47.0,101.0,427.0,1076.0,2480.0,4902.0,8.259820379531071,8.980864821038413,8,2
36210.0,100.0,Yeka,10.0,519.0,38.81551144932411,9.05976397126058,0,0,2,12,79,355,47.0,101.0,427.0,1076.0,2480.0,4902.0,8.259820379531071,8.980864821038413,8,2
60231.66,40.0,Yeka,10.0,520.0,38.81551144932411,9.05976397126058,0,0,2,12,79,355,47.0,101.0,427.0,1076.0,2480.0,4902.0,8.259820379531071,8.980864821038413,8,2
101527.0,52.0,Yeka,5.0,1509.0,38.79868382957799,9.03445539174537,0,6,134,335,765,1243,44.0,170.0,1126.0,3240.0,5774.0,8898.0,5.34796401718226,5.988828661880962,5,28
72022.0,42.0,Yeka,5.0,1509.0,38.79868382957799,9.03445539174537,0,6,134,335,765,1243,44.0,170.0,1126.0,3240.0,5774.0,8898.0,5.34796401718226,5.988828661880962,5,28
70000.0,40.0,Yeka,5.0,1509.0,38.79868382957799,9.03445539174537,0,6,134,335,765,1243,44.0,170.0,1126.0,3240.0,5774.0,8898.0,5.34796401718226,5.988828661880962,5,28
110003.0,70.0,Yeka,8.0,730.0,38.79147005819739,9.020790152983842,34,126,321,754,1165,1598,185.0,623.0,1949.0,3836.0,6627.0,10133.0,4.283337231277954,4.550924360695854,5,40
78110.0,100.0,Yeka,8.0,730.0,38.79147005819739,9.020790152983842,34,126,321,754,1165,1598,185.0,623.0,1949.0,3836.0,6627.0,10133.0,4.283337231277954,4.550924360695854,5,40
76000.0,100.0,Yeka,8.0,730.0,38.79147005819739,9.020790152983842,34,126,321,754,1165,1598,185.0,623.0,1949.0,3836.0,6627.0,10133.0,4.283337231277954,4.550924360695854,5,40
71000.0,40.0,Yeka,5.0,2862.0,38.79868382957799,9.03445539174537,0,6,134,335,765,1243,44.0,170.0,1126.0,3240.0,5774.0,8898.0,5.34796401718226,5.988828661880962,5,28
55000.0,56.0,Yeka,5.0,2862.0,38.79868382957799,9.03445539174537,0,6,134,335,765,1243,44.0,170.0,1126.0,3240.0,5774.0,8898.0,5.34796401718226,5.988828661880962,5,28
61500.0,40.0,Yeka,5.0,2862.0,38.79868382957799,9.03445539174537,0,6,134,335,765,1243,44.0,170.0,1126.0,3240.0,5774.0,8898.0,5.34796401718226,5.988828661880962,5,28
66720.0,100.0,Yeka,9.0,1020.0,38.81945709608729,9.027805099951848,3,27,95,262,563,888,94.0,396.0,1544.0,3493.0,6175.0,9091.0,7.41514140723133,5.6966949075095865,5,32
65512.0,100.0,Yeka,9.0,1020.0,38.81945709608729,9.027805099951848,3,27,95,262,563,888,94.0,396.0,1544.0,3493.0,6175.0,9091.0,7.41514140723133,5.6966949075095865,5,32
60500.0,40.0,Yeka,9.0,1020.0,38.81945709608729,9.027805099951848,3,27,95,262,563,888,94.0,396.0,1544.0,3493.0,6175.0,9091.0,7.41514140723133,5.6966949075095865,5,32
215000.0,40.0,Arada,5.0,1235.0,38.74936281529376,9.039900449103891,27,130,373,689,1098,1456,204.0,660.0,2265.0,5062.0,8113.0,10783.0,2.3274245681538526,8.576511455641652,2,42
166513.0,70.0,Arada,5.0,1235.0,38.74936281529376,9.039900449103891,27,130,373,689,1098,1456,204.0,660.0,2265.0,5062.0,8113.0,10783.0,2.3274245681538526,8.576511455641652,2,42
110526.31,100.0,Arada,5.0,1235.0,38.74936281529376,9.039900449103891,27,130,373,689,1098,1456,204.0,660.0,2265.0,5062.0,8113.0,10783.0,2.3274245681538526,8.576511455641652,2,42
268000.0,51.0,Arada,5.0,1157.0,38.74936281529376,9.039900449103891,27,130,373,689,1098,1456,204.0,660.0,2265.0,5062.0,8113.0,10783.0,2.3274245681538526,8.576511455641652,2,42
271000.0,40.0,Arada,5.0,1157.0,38.74936281529376,9.039900449103891,27,130,373,689,1098,1456,204.0,660.0,2265.0,5062.0,8113.0,10783.0,2.3274245681538526,8.576511455641652,2,42
96513.0,100.0,Arada,5.0,1157.0,38.74936281529376,9.039900449103891,27,130,373,689,1098,1456,204.0,660.0,2265.0,5062.0,8113.0,10783.0,2.3274245681538526,8.576511455641652,2,42
167000.0,40.0,Arada,5.0,4798.0,38.74936281529376,9.039900449103891,27,130,373,689,1098,1456,204.0,660.0,2265.0,5062.0,8113.0,10783.0,2.3274245681538526,8.576511455641652,2,42
40201.0,100.0,Arada,5.0,4798.0,38.74936281529376,9.039900449103891,27,130,373,689,1098,1456,204.0,660.0,2265.0,5062.0,8113.0,10783.0,2.3274245681538526,8.576511455641652,2,42
82022.0,42.0,Arada,5.0,4798.0,38.74936281529376,9.039900449103891,27,130,373,689,1098,1456,204.0,660.0,2265.0,5062.0,8113.0,10783.0,2.3274245681538526,8.576511455641652,2,42
24225.0,100.0,Akaki Kality,9.0,868.0,38.82570107346104,8.890751016621174,0,0,16,25,32,50,47.0,145.0,661.0,1572.0,2332.0,3051.0,16.390488571348776,10.403139734210335,11,14
23105.0,100.0,Akaki Kality,9.0,868.0,38.82570107346104,8.890751016621174,0,0,16,25,32,50,47.0,145.0,661.0,1572.0,2332.0,3051.0,16.390488571348776,10.403139734210335,11,14
23555.55,63.0,Akaki Kality,9.0,868.0,38.82570107346104,8.890751016621174,0,0,16,25,32,50,47.0,145.0,661.0,1572.0,2332.0,3051.0,16.390488571348776,10.403139734210335,11,14
80000.0,40.0,Akaki Kality,9.0,866.0,38.82570107346104,8.890751016621174,0,0,16,25,32,50,47.0,145.0,661.0,1572.0,2332.0,3051.0,16.390488571348776,10.403139734210335,11,14
23333.33,61.0,Akaki Kality,9.0,866.0,38.82570107346104,8.890751016621174,0,0,16,25,32,50,47.0,145.0,661.0,1572.0,2332.0,3051.0,16.390488571348776,10.403139734210335,11,14
22524.0,60.0,Akaki Kality,9.0,866.0,38.82570107346104,8.890751016621174,0,0,16,25,32,50,47.0,145.0,661.0,1572.0,2332.0,3051.0,16.390488571348776,10.403139734210335,11,14
31000.0,43.0,Akaki Kality,9.0,868.0,38.82570107346104,8.890751016621174,0,0,16,25,32,50,47.0,145.0,661.0,1572.0,2332.0,3051.0,16.390488571348776,10.403139734210335,11,14
15889.0,100.0,Akaki Kality,9.0,868.0,38.82570107346104,8.890751016621174,0,0,16,25,32,50,47.0,145.0,661.0,1572.0,2332.0,3051.0,16.390488571348776,10.403139734210335,11,14
25000.0,40.0,Akaki Kality,9.0,868.0,38.82570107346104,8.890751016621174,0,0,16,25,32,50,47.0,145.0,661.0,1572.0,2332.0,3051.0,16.390488571348776,10.403139734210335,11,14
69379.2,100.0,Akaki Kality,4.0,135.0,38.76162967755072,8.878099647196903,4,13,33,69,82,100,53.0,207.0,678.0,1438.0,2262.0,3466.0,15.721658669483254,12.12544200092115,7,15
51500.0,60.0,Akaki Kality,4.0,135.0,38.76162967755072,8.878099647196903,4,13,33,69,82,100,53.0,207.0,678.0,1438.0,2262.0,3466.0,15.721658669483254,12.12544200092115,7,15
24000.0,100.0,Akaki Kality,4.0,135.0,38.76162967755072,8.878099647196903,4,13,33,69,82,100,53.0,207.0,678.0,1438.0,2262.0,3466.0,15.721658669483254,12.12544200092115,7,15
26010.0,100.0,Akaki Kality,4.0,125.0,38.76162967755072,8.878099647196903,4,13,33,69,82,100,53.0,207.0,678.0,1438.0,2262.0,3466.0,15.721658669483254,12.12544200092115,7,15
25551.0,100.0,Akaki Kality,4.0,125.0,38.76162967755072,8.878099647196903,4,13,33,69,82,100,53.0,207.0,678.0,1438.0,2262.0,3466.0,15.721658669483254,12.12544200092115,7,15
32127.27,50.0,Akaki Kality,4.0,125.0,38.76162967755072,8.878099647196903,4,13,33,69,82,100,53.0,207.0,678.0,1438.0,2262.0,3466.0,15.721658669483254,12.12544200092115,7,15
50250.0,40.0,Akaki Kality,4.0,135.0,38.76162967755072,8.878099647196903,4,13,33,69,82,100,53.0,207.0,678.0,1438.0,2262.0,3466.0,15.721658669483254,12.12544200092115,7,15
22493.0,100.0,Akaki Kality,4.0,135.0,38.76162967755072,8.878099647196903,4,13,33,69,82,100,53.0,207.0,678.0,1438.0,2262.0,3466.0,15.721658669483254,12.12544200092115,7,15
23000.0,100.0,Akaki Kality,4.0,135.0,38.76162967755072,8.878099647196903,4,13,33,69,82,100,53.0,207.0,678.0,1438.0,2262.0,3466.0,15.721658669483254,12.12544200092115,7,15
43321.0,100.0,Akaki Kality,4.0,125.0,38.76162967755072,8.878099647196903,4,13,33,69,82,100,53.0,207.0,678.0,1438.0,2262.0,3466.0,15.721658669483254,12.12544200092115,7,15
47800.0,81.0,Akaki Kality,4.0,125.0,38.76162967755072,8.878099647196903,4,13,33,69,82,100,53.0,207.0,678.0,1438.0,2262.0,3466.0,15.721658669483254,12.12544200092115,7,15
48100.0,70.0,Akaki Kality,4.0,125.0,38.76162967755072,8.878099647196903,4,13,33,69,82,100,53.0,207.0,678.0,1438.0,2262.0,3466.0,15.721658669483254,12.12544200092115,7,15
37159.0,100.0,Akaki Kality,4.0,135.0,38.76162967755072,8.878099647196903,4,13,33,69,82,100,53.0,207.0,678.0,1438.0,2262.0,3466.0,15.721658669483254,12.12544200092115,7,15
33340.0,100.0,Akaki Kality,4.0,135.0,38.76162967755072,8.878099647196903,4,13,33,69,82,100,53.0,207.0,678.0,1438.0,2262.0,3466.0,15.721658669483254,12.12544200092115,7,15
36100.0,60.0,Akaki Kality,4.0,135.0,38.76162967755072,8.878099647196903,4,13,33,69,82,100,53.0,207.0,678.0,1438.0,2262.0,3466.0,15.721658669483254,12.12544200092115,7,15
47777.0,81.0,Akaki Kality,4.0,125.0,38.76162967755072,8.878099647196903,4,13,33,69,82,100,53.0,207.0,678.0,1438.0,2262.0,3466.0,15.721658669483254,12.12544200092115,7,15
34800.0,100.0,Akaki Kality,4.0,125.0,38.76162967755072,8.878099647196903,4,13,33,69,82,100,53.0,207.0,678.0,1438.0,2262.0,3466.0,15.721658669483254,12.12544200092115,7,15
32989.99,100.0,Akaki Kality,4.0,125.0,38.76162967755072,8.878099647196903,4,13,33,69,82,100,53.0,207.0,678.0,1438.0,2262.0,3466.0,15.721658669483254,12.12544200092115,7,15
35010.0,100.0,Akaki Kality,4.0,135.0,38.76162967755072,8.878099647196903,4,13,33,69,82,100,53.0,207.0,678.0,1438.0,2262.0,3466.0,15.721658669483254,12.12544200092115,7,15
31275.0,100.0,Akaki Kality,4.0,135.0,38.76162967755072,8.878099647196903,4,13,33,69,82,100,53.0,207.0,678.0,1438.0,2262.0,3466.0,15.721658669483254,12.12544200092115,7,15
37900.0,56.0,Akaki Kality,4.0,135.0,38.76162967755072,8.878099647196903,4,13,33,69,82,100,53.0,207.0,678.0,1438.0,2262.0,3466.0,15.721658669483254,12.12544200092115,7,15
51000.5,100.0,Akaki Kality,4.0,125.0,38.76162967755072,8.878099647196903,4,13,33,69,82,100,53.0,207.0,678.0,1438.0,2262.0,3466.0,15.721658669483254,12.12544200092115,7,15
61777.0,70.0,Akaki Kality,4.0,125.0,38.76162967755072,8.878099647196903,4,13,33,69,82,100,53.0,207.0,678.0,1438.0,2262.0,3466.0,15.721658669483254,12.12544200092115,7,15
47777.0,81.0,Akaki Kality,4.0,125.0,38.76162967755072,8.878099647196903,4,13,33,69,82,100,53.0,207.0,678.0,1438.0,2262.0,3466.0,15.721658669483254,12.12544200092115,7,15
47777.0,83.0,Akaki Kality,4.0,122.0,38.76162967755072,8.878099647196903,4,13,33,69,82,100,53.0,207.0,678.0,1438.0,2262.0,3466.0,15.721658669483254,12.12544200092115,7,15
37888.0,100.0,Akaki Kality,4.0,122.0,38.76162967755072,8.878099647196903,4,13,33,69,82,100,53.0,207.0,678.0,1438.0,2262.0,3466.0,15.721658669483254,12.12544200092115,7,15
19000.0,90.0,Akaki Kality,4.0,122.0,38.76162967755072,8.878099647196903,4,13,33,69,82,100,53.0,207.0,678.0,1438.0,2262.0,3466.0,15.721658669483254,12.12544200092115,7,15
47800.0,81.0,Akaki Kality,4.0,112.0,38.76162967755072,8.878099647196903,4,13,33,69,82,100,53.0,207.0,678.0,1438.0,2262.0,3466.0,15.721658669483254,12.12544200092115,7,15
50000.0,50.0,Akaki Kality,4.0,112.0,38.76162967755072,8.878099647196903,4,13,33,69,82,100,53.0,207.0,678.0,1438.0,2262.0,3466.0,15.721658669483254,12.12544200092115,7,15
46127.0,41.0,Akaki Kality,4.0,112.0,38.76162967755072,8.878099647196903,4,13,33,69,82,100,53.0,207.0,678.0,1438.0,2262.0,3466.0,15.721658669483254,12.12544200092115,7,15
45000.0,100.0,Akaki Kality,4.0,141.0,38.76162967755072,8.878099647196903,4,13,33,69,82,100,53.0,207.0,678.0,1438.0,2262.0,3466.0,15.721658669483254,12.12544200092115,7,15
57127.0,57.0,Akaki Kality,4.0,141.0,38.76162967755072,8.878099647196903,4,13,33,69,82,100,53.0,207.0,678.0,1438.0,2262.0,3466.0,15.721658669483254,12.12544200092115,7,15
39101.0,85.0,Akaki Kality,4.0,141.0,38.76162967755072,8.878099647196903,4,13,33,69,82,100,53.0,207.0,678.0,1438.0,2262.0,3466.0,15.721658669483254,12.12544200092115,7,15
55000.0,74.0,Akaki Kality,4.0,126.0,38.76162967755072,8.878099647196903,4,13,33,69,82,100,53.0,207.0,678.0,1438.0,2262.0,3466.0,15.721658669483254,12.12544200092115,7,15
47777.0,83.0,Akaki Kality,4.0,126.0,38.76162967755072,8.878099647196903,4,13,33,69,82,100,53.0,207.0,678.0,1438.0,2262.0,3466.0,15.721658669483254,12.12544200092115,7,15
57000.0,57.0,Akaki Kality,4.0,126.0,38.76162967755072,8.878099647196903,4,13,33,69,82,100,53.0,207.0,678.0,1438.0,2262.0,3466.0,15.721658669483254,12.12544200092115,7,15
32300.0,100.0,Akaki Kality,4.0,125.0,38.76162967755072,8.878099647196903,4,13,33,69,82,100,53.0,207.0,678.0,1438.0,2262.0,3466.0,15.721658669483254,12.12544200092115,7,15
31927.99,51.0,Akaki Kality,4.0,125.0,38.76162967755072,8.878099647196903,4,13,33,69,82,100,53.0,207.0,678.0,1438.0,2262.0,3466.0,15.721658669483254,12.12544200092115,7,15
28255.0,50.0,Akaki Kality,4.0,125.0,38.76162967755072,8.878099647196903,4,13,33,69,82,100,53.0,207.0,678.0,1438.0,2262.0,3466.0,15.721658669483254,12.12544200092115,7,15
41001.0,95.0,Akaki Kality,4.0,125.0,38.76162967755072,8.878099647196903,4,13,33,69,82,100,53.0,207.0,678.0,1438.0,2262.0,3466.0,15.721658669483254,12.12544200092115,7,15
33750.0,50.0,Akaki Kality,4.0,125.0,38.76162967755072,8.878099647196903,4,13,33,69,82,100,53.0,207.0,678.0,1438.0,2262.0,3466.0,15.721658669483254,12.12544200092115,7,15
15225.0,100.0,Akaki Kality,4.0,125.0,38.76162967755072,8.878099647196903,4,13,33,69,82,100,53.0,207.0,678.0,1438.0,2262.0,3466.0,15.721658669483254,12.12544200092115,7,15
35555.0,100.0,Akaki Kality,4.0,125.0,38.76162967755072,8.878099647196903,4,13,33,69,82,100,53.0,207.0,678.0,1438.0,2262.0,3466.0,15.721658669483254,12.12544200092115,7,15
32500.0,85.0,Akaki Kality,4.0,125.0,38.76162967755072,8.878099647196903,4,13,33,69,82,100,53.0,207.0,678.0,1438.0,2262.0,3466.0,15.721658669483254,12.12544200092115,7,15
25105.0,100.0,Akaki Kality,4.0,125.0,38.76162967755072,8.878099647196903,4,13,33,69,82,100,53.0,207.0,678.0,1438.0,2262.0,3466.0,15.721658669483254,12.12544200092115,7,15
44100.0,75.0,Akaki Kality,4.0,125.0,38.76162967755072,8.878099647196903,4,13,33,69,82,100,53.0,207.0,678.0,1438.0,2262.0,3466.0,15.721658669483254,12.12544200092115,7,15
35000.0,100.0,Akaki Kality,4.0,125.0,38.76162967755072,8.878099647196903,4,13,33,69,82,100,53.0,207.0,678.0,1438.0,2262.0,3466.0,15.721658669483254,12.12544200092115,7,15
34000.0,100.0,Akaki Kality,4.0,125.0,38.76162967755072,8.878099647196903,4,13,33,69,82,100,53.0,207.0,678.0,1438.0,2262.0,3466.0,15.721658669483254,12.12544200092115,7,15
45555.55,100.0,Akaki Kality,4.0,125.0,38.76162967755072,8.878099647196903,4,13,33,69,82,100,53.0,207.0,678.0,1438.0,2262.0,3466.0,15.721658669483254,12.12544200092115,7,15
28666.0,100.0,Akaki Kality,4.0,125.0,38.76162967755072,8.878099647196903,4,13,33,69,82,100,53.0,207.0,678.0,1438.0,2262.0,3466.0,15.721658669483254,12.12544200092115,7,15
24514.5,100.0,Akaki Kality,4.0,125.0,38.76162967755072,8.878099647196903,4,13,33,69,82,100,53.0,207.0,678.0,1438.0,2262.0,3466.0,15.721658669483254,12.12544200092115,7,15
41157.0,100.0,Akaki Kality,4.0,125.0,38.76162967755072,8.878099647196903,4,13,33,69,82,100,53.0,207.0,678.0,1438.0,2262.0,3466.0,15.721658669483254,12.12544200092115,7,15
40150.0,100.0,Akaki Kality,4.0,125.0,38.76162967755072,8.878099647196903,4,13,33,69,82,100,53.0,207.0,678.0,1438.0,2262.0,3466.0,15.721658669483254,12.12544200092115,7,15
37105.0,100.0,Akaki Kality,4.0,125.0,38.76162967755072,8.878099647196903,4,13,33,69,82,100,53.0,207.0,678.0,1438.0,2262.0,3466.0,15.721658669483254,12.12544200092115,7,15
40100.0,100.0,Akaki Kality,4.0,125.0,38.76162967755072,8.878099647196903,4,13,33,69,82,100,53.0,207.0,678.0,1438.0,2262.0,3466.0,15.721658669483254,12.12544200092115,7,15
32000.0,90.0,Akaki Kality,4.0,125.0,38.76162967755072,8.878099647196903,4,13,33,69,82,100,53.0,207.0,678.0,1438.0,2262.0,3466.0,15.721658669483254,12.12544200092115,7,15
28667.69,50.0,Akaki Kality,4.0,125.0,38.76162967755072,8.878099647196903,4,13,33,69,82,100,53.0,207.0,678.0,1438.0,2262.0,3466.0,15.721658669483254,12.12544200092115,7,15
42621.0,100.0,Akaki Kality,4.0,125.0,38.76162967755072,8.878099647196903,4,13,33,69,82,100,53.0,207.0,678.0,1438.0,2262.0,3466.0,15.721658669483254,12.12544200092115,7,15
40125.0,80.0,Akaki Kality,4.0,125.0,38.76162967755072,8.878099647196903,4,13,33,69,82,100,53.0,207.0,678.0,1438.0,2262.0,3466.0,15.721658669483254,12.12544200092115,7,15
40100.0,80.0,Akaki Kality,4.0,125.0,38.76162967755072,8.878099647196903,4,13,33,69,82,100,53.0,207.0,678.0,1438.0,2262.0,3466.0,15.721658669483254,12.12544200092115,7,15
32019.0,80.0,Akaki Kality,4.0,193.0,38.76162967755072,8.878099647196903,4,13,33,69,82,100,53.0,207.0,678.0,1438.0,2262.0,3466.0,15.721658669483254,12.12544200092115,7,15
31155.0,50.0,Akaki Kality,4.0,193.0,38.76162967755072,8.878099647196903,4,13,33,69,82,100,53.0,207.0,678.0,1438.0,2262.0,3466.0,15.721658669483254,12.12544200092115,7,15
16282.0,100.0,Akaki Kality,4.0,193.0,38.76162967755072,8.878099647196903,4,13,33,69,82,100,53.0,207.0,678.0,1438.0,2262.0,3466.0,15.721658669483254,12.12544200092115,7,15
51623.0,80.0,Akaki Kality,4.0,191.0,38.76162967755072,8.878099647196903,4,13,33,69,82,100,53.0,207.0,678.0,1438.0,2262.0,3466.0,15.721658669483254,12.12544200092115,7,15
42565.0,50.0,Akaki Kality,4.0,191.0,38.76162967755072,8.878099647196903,4,13,33,69,82,100,53.0,207.0,678.0,1438.0,2262.0,3466.0,15.721658669483254,12.12544200092115,7,15
40001.0,40.0,Akaki Kality,4.0,191.0,38.76162967755072,8.878099647196903,4,13,33,69,82,100,53.0,207.0,678.0,1438.0,2262.0,3466.0,15.721658669483254,12.12544200092115,7,15
41000.0,40.0,Akaki Kality,4.0,4404.0,38.76162967755072,8.878099647196903,4,13,33,69,82,100,53.0,207.0,678.0,1438.0,2262.0,3466.0,15.721658669483254,12.12544200092115,7,15
23000.0,100.0,Akaki Kality,4.0,4404.0,38.76162967755072,8.878099647196903,4,13,33,69,82,100,53.0,207.0,678.0,1438.0,2262.0,3466.0,15.721658669483254,12.12544200092115,7,15
5950.0,100.0,Akaki Kality,4.0,4404.0,38.76162967755072,8.878099647196903,4,13,33,69,82,100,53.0,207.0,678.0,1438.0,2262.0,3466.0,15.721658669483254,12.12544200092115,7,15
28127.21,100.0,Akaki Kality,4.0,125.0,38.76162967755072,8.878099647196903,4,13,33,69,82,100,53.0,207.0,678.0,1438.0,2262.0,3466.0,15.721658669483254,12.12544200092115,7,15
41652.3,51.0,Akaki Kality,4.0,125.0,38.76162967755072,8.878099647196903,4,13,33,69,82,100,53.0,207.0,678.0,1438.0,2262.0,3466.0,15.721658669483254,12.12544200092115,7,15
40100.0,40.0,Akaki Kality,4.0,125.0,38.76162967755072,8.878099647196903,4,13,33,69,82,100,53.0,207.0,678.0,1438.0,2262.0,3466.0,15.721658669483254,12.12544200092115,7,15
51012.0,85.0,Akaki Kality,4.0,125.0,38.76162967755072,8.878099647196903,4,13,33,69,82,100,53.0,207.0,678.0,1438.0,2262.0,3466.0,15.721658669483254,12.12544200092115,7,15
43999.99,100.0,Akaki Kality,4.0,125.0,38.76162967755072,8.878099647196903,4,13,33,69,82,100,53.0,207.0,678.0,1438.0,2262.0,3466.0,15.721658669483254,12.12544200092115,7,15
41639.5,51.0,Akaki Kality,4.0,125.0,38.76162967755072,8.878099647196903,4,13,33,69,82,100,53.0,207.0,678.0,1438.0,2262.0,3466.0,15.721658669483254,12.12544200092115,7,15
41621.0,100.0,Akaki Kality,4.0,125.0,38.76162967755072,8.878099647196903,4,13,33,69,82,100,53.0,207.0,678.0,1438.0,2262.0,3466.0,15.721658669483254,12.12544200092115,7,15
36410.0,100.0,Akaki Kality,4.0,125.0,38.76162967755072,8.878099647196903,4,13,33,69,82,100,53.0,207.0,678.0,1438.0,2262.0,3466.0,15.721658669483254,12.12544200092115,7,15
31712.0,100.0,Akaki Kality,4.0,125.0,38.76162967755072,8.878099647196903,4,13,33,69,82,100,53.0,207.0,678.0,1438.0,2262.0,3466.0,15.721658669483254,12.12544200092115,7,15
52178.0,70.0,Akaki Kality,4.0,125.0,38.76162967755072,8.878099647196903,4,13,33,69,82,100,53.0,207.0,678.0,1438.0,2262.0,3466.0,15.721658669483254,12.12544200092115,7,15
40130.0,70.0,Akaki Kality,4.0,125.0,38.76162967755072,8.878099647196903,4,13,33,69,82,100,53.0,207.0,678.0,1438.0,2262.0,3466.0,15.721658669483254,12.12544200092115,7,15
25000.0,100.0,Akaki Kality,4.0,125.0,38.76162967755072,8.878099647196903,4,13,33,69,82,100,53.0,207.0,678.0,1438.0,2262.0,3466.0,15.721658669483254,12.12544200092115,7,15
45555.0,100.0,Akaki Kality,4.0,125.0,38.76162967755072,8.878099647196903,4,13,33,69,82,100,53.0,207.0,678.0,1438.0,2262.0,3466.0,15.721658669483254,12.12544200092115,7,15
36400.0,100.0,Akaki Kality,4.0,125.0,38.76162967755072,8.878099647196903,4,13,33,69,82,100,53.0,207.0,678.0,1438.0,2262.0,3466.0,15.721658669483254,12.12544200092115,7,15
29000.0,100.0,Akaki Kality,4.0,125.0,38.76162967755072,8.878099647196903,4,13,33,69,82,100,53.0,207.0,678.0,1438.0,2262.0,3466.0,15.721658669483254,12.12544200092115,7,15
36019.0,100.0,Akaki Kality,4.0,125.0,38.76162967755072,8.878099647196903,4,13,33,69,82,100,53.0,207.0,678.0,1438.0,2262.0,3466.0,15.721658669483254,12.12544200092115,7,15
45123.0,60.0,Akaki Kality,4.0,125.0,38.76162967755072,8.878099647196903,4,13,33,69,82,100,53.0,207.0,678.0,1438.0,2262.0,3466.0,15.721658669483254,12.12544200092115,7,15
30400.0,100.0,Akaki Kality,4.0,125.0,38.76162967755072,8.878099647196903,4,13,33,69,82,100,53.0,207.0,678.0,1438.0,2262.0,3466.0,15.721658669483254,12.12544200092115,7,15
41333.33,100.0,Akaki Kality,4.0,125.0,38.76162967755072,8.878099647196903,4,13,33,69,82,100,53.0,207.0,678.0,1438.0,2262.0,3466.0,15.721658669483254,12.12544200092115,7,15
42000.0,60.0,Akaki Kality,4.0,125.0,38.76162967755072,8.878099647196903,4,13,33,69,82,100,53.0,207.0,678.0,1438.0,2262.0,3466.0,15.721658669483254,12.12544200092115,7,15
41600.0,45.0,Akaki Kality,4.0,125.0,38.76162967755072,8.878099647196903,4,13,33,69,82,100,53.0,207.0,678.0,1438.0,2262.0,3466.0,15.721658669483254,12.12544200092115,7,15
58456.0,80.0,Akaki Kality,4.0,150.0,38.76162967755072,8.878099647196903,4,13,33,69,82,100,53.0,207.0,678.0,1438.0,2262.0,3466.0,15.721658669483254,12.12544200092115,7,15
45000.0,75.0,Akaki Kality,4.0,150.0,38.76162967755072,8.878099647196903,4,13,33,69,82,100,53.0,207.0,678.0,1438.0,2262.0,3466.0,15.721658669483254,12.12544200092115,7,15
28000.0,100.0,Akaki Kality,4.0,150.0,38.76162967755072,8.878099647196903,4,13,33,69,82,100,53.0,207.0,678.0,1438.0,2262.0,3466.0,15.721658669483254,12.12544200092115,7,15
55501.0,40.0,Akaki Kality,4.0,112.0,38.76162967755072,8.878099647196903,4,13,33,69,82,100,53.0,207.0,678.0,1438.0,2262.0,3466.0,15.721658669483254,12.12544200092115,7,15
25222.5,80.0,Akaki Kality,4.0,112.0,38.76162967755072,8.878099647196903,4,13,33,69,82,100,53.0,207.0,678.0,1438.0,2262.0,3466.0,15.721658669483254,12.12544200092115,7,15
31500.0,50.0,Akaki Kality,4.0,112.0,38.76162967755072,8.878099647196903,4,13,33,69,82,100,53.0,207.0,678.0,1438.0,2262.0,3466.0,15.721658669483254,12.12544200092115,7,15
39540.0,90.0,Akaki Kality,4.0,188.0,38.76162967755072,8.878099647196903,4,13,33,69,82,100,53.0,207.0,678.0,1438.0,2262.0,3466.0,15.721658669483254,12.12544200092115,7,15
31111.0,100.0,Akaki Kality,4.0,188.0,38.76162967755072,8.878099647196903,4,13,33,69,82,100,53.0,207.0,678.0,1438.0,2262.0,3466.0,15.721658669483254,12.12544200092115,7,15
45100.0,50.0,Akaki Kality,4.0,188.0,38.76162967755072,8.878099647196903,4,13,33,69,82,100,53.0,207.0,678.0,1438.0,2262.0,3466.0,15.721658669483254,12.12544200092115,7,15
51101.0,100.0,Akaki Kality,4.0,118.0,38.76162967755072,8.878099647196903,4,13,33,69,82,100,53.0,207.0,678.0,1438.0,2262.0,3466.0,15.721658669483254,12.12544200092115,7,15
44120.0,90.0,Akaki Kality,4.0,118.0,38.76162967755072,8.878099647196903,4,13,33,69,82,100,53.0,207.0,678.0,1438.0,2262.0,3466.0,15.721658669483254,12.12544200092115,7,15
34321.0,80.0,Akaki Kality,4.0,118.0,38.76162967755072,8.878099647196903,4,13,33,69,82,100,53.0,207.0,678.0,1438.0,2262.0,3466.0,15.721658669483254,12.12544200092115,7,15
40214.0,100.0,Akaki Kality,4.0,125.0,38.76162967755072,8.878099647196903,4,13,33,69,82,100,53.0,207.0,678.0,1438.0,2262.0,3466.0,15.721658669483254,12.12544200092115,7,15
37200.0,100.0,Akaki Kality,4.0,125.0,38.76162967755072,8.878099647196903,4,13,33,69,82,100,53.0,207.0,678.0,1438.0,2262.0,3466.0,15.721658669483254,12.12544200092115,7,15
41600.0,81.0,Akaki Kality,4.0,125.0,38.76162967755072,8.878099647196903,4,13,33,69,82,100,53.0,207.0,678.0,1438.0,2262.0,3466.0,15.721658669483254,12.12544200092115,7,15
81612.0,40.0,Akaki Kality,4.0,125.0,38.76162967755072,8.878099647196903,4,13,33,69,82,100,53.0,207.0,678.0,1438.0,2262.0,3466.0,15.721658669483254,12.12544200092115,7,15
40214.0,100.0,Akaki Kality,4.0,125.0,38.76162967755072,8.878099647196903,4,13,33,69,82,100,53.0,207.0,678.0,1438.0,2262.0,3466.0,15.721658669483254,12.12544200092115,7,15
37657.0,100.0,Akaki Kality,4.0,125.0,38.76162967755072,8.878099647196903,4,13,33,69,82,100,53.0,207.0,678.0,1438.0,2262.0,3466.0,15.721658669483254,12.12544200092115,7,15
40214.0,100.0,Akaki Kality,4.0,125.0,38.76162967755072,8.878099647196903,4,13,33,69,82,100,53.0,207.0,678.0,1438.0,2262.0,3466.0,15.721658669483254,12.12544200092115,7,15
44001.0,77.0,Akaki Kality,4.0,125.0,38.76162967755072,8.878099647196903,4,13,33,69,82,100,53.0,207.0,678.0,1438.0,2262.0,3466.0,15.721658669483254,12.12544200092115,7,15
33600.0,100.0,Akaki Kality,4.0,125.0,38.76162967755072,8.878099647196903,4,13,33,69,82,100,53.0,207.0,678.0,1438.0,2262.0,3466.0,15.721658669483254,12.12544200092115,7,15
65312.0,40.0,Akaki Kality,4.0,125.0,38.76162967755072,8.878099647196903,4,13,33,69,82,100,53.0,207.0,678.0,1438.0,2262.0,3466.0,15.721658669483254,12.12544200092115,7,15
40214.0,90.0,Akaki Kality,4.0,125.0,38.76162967755072,8.878099647196903,4,13,33,69,82,100,53.0,207.0,678.0,1438.0,2262.0,3466.0,15.721658669483254,12.12544200092115,7,15
31715.0,100.0,Akaki Kality,4.0,125.0,38.76162967755072,8.878099647196903,4,13,33,69,82,100,53.0,207.0,678.0,1438.0,2262.0,3466.0,15.721658669483254,12.12544200092115,7,15
40214.0,100.0,Akaki Kality,4.0,125.0,38.76162967755072,8.878099647196903,4,13,33,69,82,100,53.0,207.0,678.0,1438.0,2262.0,3466.0,15.721658669483254,12.12544200092115,7,15
33667.0,100.0,Akaki Kality,4.0,125.0,38.76162967755072,8.878099647196903,4,13,33,69,82,100,53.0,207.0,678.0,1438.0,2262.0,3466.0,15.721658669483254,12.12544200092115,7,15
33333.0,100.0,Akaki Kality,4.0,125.0,38.76162967755072,8.878099647196903,4,13,33,69,82,100,53.0,207.0,678.0,1438.0,2262.0,3466.0,15.721658669483254,12.12544200092115,7,15
40214.0,100.0,Akaki Kality,4.0,125.0,38.76162967755072,8.878099647196903,4,13,33,69,82,100,53.0,207.0,678.0,1438.0,2262.0,3466.0,15.721658669483254,12.12544200092115,7,15
55321.0,40.0,Akaki Kality,4.0,125.0,38.76162967755072,8.878099647196903,4,13,33,69,82,100,53.0,207.0,678.0,1438.0,2262.0,3466.0,15.721658669483254,12.12544200092115,7,15
27716.0,100.0,Akaki Kality,4.0,125.0,38.76162967755072,8.878099647196903,4,13,33,69,82,100,53.0,207.0,678.0,1438.0,2262.0,3466.0,15.721658669483254,12.12544200092115,7,15
55162.0,75.0,Akaki Kality,4.0,184.0,38.76162967755072,8.878099647196903,4,13,33,69,82,100,53.0,207.0,678.0,1438.0,2262.0,3466.0,15.721658669483254,12.12544200092115,7,15
21800.0,100.0,Akaki Kality,4.0,184.0,38.76162967755072,8.878099647196903,4,13,33,69,82,100,53.0,207.0,678.0,1438.0,2262.0,3466.0,15.721658669483254,12.12544200092115,7,15
18900.0,100.0,Akaki Kality,4.0,184.0,38.76162967755072,8.878099647196903,4,13,33,69,82,100,53.0,207.0,678.0,1438.0,2262.0,3466.0,15.721658669483254,12.12544200092115,7,15
53012.0,80.0,Akaki Kality,4.0,178.0,38.76162967755072,8.878099647196903,4,13,33,69,82,100,53.0,207.0,678.0,1438.0,2262.0,3466.0,15.721658669483254,12.12544200092115,7,15
45500.0,100.0,Akaki Kality,4.0,178.0,38.76162967755072,8.878099647196903,4,13,33,69,82,100,53.0,207.0,678.0,1438.0,2262.0,3466.0,15.721658669483254,12.12544200092115,7,15
37127.0,75.0,Akaki Kality,4.0,178.0,38.76162967755072,8.878099647196903,4,13,33,69,82,100,53.0,207.0,678.0,1438.0,2262.0,3466.0,15.721658669483254,12.12544200092115,7,15
57210.0,50.0,Akaki Kality,1.0,282.0,38.79769047574577,8.871845782757074,0,8,37,73,108,121,181.0,567.0,1559.0,2513.0,3366.0,4271.0,17.12043187299996,12.094209608271989,4,21
37101.0,100.0,Akaki Kality,1.0,282.0,38.79769047574577,8.871845782757074,0,8,37,73,108,121,181.0,567.0,1559.0,2513.0,3366.0,4271.0,17.12043187299996,12.094209608271989,4,21
36000.0,100.0,Akaki Kality,1.0,282.0,38.79769047574577,8.871845782757074,0,8,37,73,108,121,181.0,567.0,1559.0,2513.0,3366.0,4271.0,17.12043187299996,12.094209608271989,4,21
61600.0,70.0,Akaki Kality,1.0,500.0,38.79769047574577,8.871845782757074,0,8,37,73,108,121,181.0,567.0,1559.0,2513.0,3366.0,4271.0,17.12043187299996,12.094209608271989,4,21
36000.0,100.0,Akaki Kality,1.0,500.0,38.79769047574577,8.871845782757074,0,8,37,73,108,121,181.0,567.0,1559.0,2513.0,3366.0,4271.0,17.12043187299996,12.094209608271989,4,21
35100.0,100.0,Akaki Kality,1.0,500.0,38.79769047574577,8.871845782757074,0,8,37,73,108,121,181.0,567.0,1559.0,2513.0,3366.0,4271.0,17.12043187299996,12.094209608271989,4,21
56600.0,67.0,Akaki Kality,1.0,500.0,38.79769047574577,8.871845782757074,0,8,37,73,108,121,181.0,567.0,1559.0,2513.0,3366.0,4271.0,17.12043187299996,12.094209608271989,4,21
52520.0,71.0,Akaki Kality,1.0,500.0,38.79769047574577,8.871845782757074,0,8,37,73,108,121,181.0,567.0,1559.0,2513.0,3366.0,4271.0,17.12043187299996,12.094209608271989,4,21
36666.0,100.0,Akaki Kality,1.0,500.0,38.79769047574577,8.871845782757074,0,8,37,73,108,121,181.0,567.0,1559.0,2513.0,3366.0,4271.0,17.12043187299996,12.094209608271989,4,21
52100.0,80.0,Akaki Kality,1.0,500.0,38.79769047574577,8.871845782757074,0,8,37,73,108,121,181.0,567.0,1559.0,2513.0,3366.0,4271.0,17.12043187299996,12.094209608271989,4,21
43333.0,100.0,Akaki Kality,1.0,500.0,38.79769047574577,8.871845782757074,0,8,37,73,108,121,181.0,567.0,1559.0,2513.0,3366.0,4271.0,17.12043187299996,12.094209608271989,4,21
45100.0,82.0,Akaki Kality,1.0,500.0,38.79769047574577,8.871845782757074,0,8,37,73,108,121,181.0,567.0,1559.0,2513.0,3366.0,4271.0,17.12043187299996,12.094209608271989,4,21
42320.0,100.0,Akaki Kality,1.0,500.0,38.79769047574577,8.871845782757074,0,8,37,73,108,121,181.0,567.0,1559.0,2513.0,3366.0,4271.0,17.12043187299996,12.094209608271989,4,21
60900.0,50.0,Akaki Kality,1.0,500.0,38.79769047574577,8.871845782757074,0,8,37,73,108,121,181.0,567.0,1559.0,2513.0,3366.0,4271.0,17.12043187299996,12.094209608271989,4,21
35100.0,100.0,Akaki Kality,1.0,500.0,38.79769047574577,8.871845782757074,0,8,37,73,108,121,181.0,567.0,1559.0,2513.0,3366.0,4271.0,17.12043187299996,12.094209608271989,4,21
33150.0,100.0,Akaki Kality,1.0,248.0,38.79769047574577,8.871845782757074,0,8,37,73,108,121,181.0,567.0,1559.0,2513.0,3366.0,4271.0,17.12043187299996,12.094209608271989,4,21
50500.0,100.0,Akaki Kality,1.0,248.0,38.79769047574577,8.871845782757074,0,8,37,73,108,121,181.0,567.0,1559.0,2513.0,3366.0,4271.0,17.12043187299996,12.094209608271989,4,21
30100.0,100.0,Akaki Kality,1.0,248.0,38.79769047574577,8.871845782757074,0,8,37,73,108,121,181.0,567.0,1559.0,2513.0,3366.0,4271.0,17.12043187299996,12.094209608271989,4,21
48160.0,72.0,Akaki Kality,1.0,500.0,38.79769047574577,8.871845782757074,0,8,37,73,108,121,181.0,567.0,1559.0,2513.0,3366.0,4271.0,17.12043187299996,12.094209608271989,4,21
35100.0,70.0,Akaki Kality,1.0,500.0,38.79769047574577,8.871845782757074,0,8,37,73,108,121,181.0,567.0,1559.0,2513.0,3366.0,4271.0,17.12043187299996,12.094209608271989,4,21
25001.0,100.0,Akaki Kality,1.0,500.0,38.79769047574577,8.871845782757074,0,8,37,73,108,121,181.0,567.0,1559.0,2513.0,3366.0,4271.0,17.12043187299996,12.094209608271989,4,21
26310.0,100.0,Addis Ketema,3.0,182.0,38.72228063505917,9.02296632280951,3,21,185,442,809,1202,190.0,663.0,2268.0,4833.0,8839.0,13500.0,3.344996615430097,9.682048550771121,14,33
33695.0,50.0,Addis Ketema,3.0,182.0,38.72228063505917,9.02296632280951,3,21,185,442,809,1202,190.0,663.0,2268.0,4833.0,8839.0,13500.0,3.344996615430097,9.682048550771121,14,33
16200.0,60.0,Addis Ketema,3.0,182.0,38.72228063505917,9.02296632280951,3,21,185,442,809,1202,190.0,663.0,2268.0,4833.0,8839.0,13500.0,3.344996615430097,9.682048550771121,14,33
30822.0,100.0,Addis Ketema,4.0,146.0,38.71866762076331,9.033243115388968,15,55,156,345,698,1017,176.0,637.0,2270.0,5174.0,9211.0,13021.0,4.03020758089821,10.615202502256254,14,30
32000.0,70.0,Addis Ketema,4.0,146.0,38.71866762076331,9.033243115388968,15,55,156,345,698,1017,176.0,637.0,2270.0,5174.0,9211.0,13021.0,4.03020758089821,10.615202502256254,14,30
21100.0,100.0,Addis Ketema,4.0,146.0,38.71866762076331,9.033243115388968,15,55,156,345,698,1017,176.0,637.0,2270.0,5174.0,9211.0,13021.0,4.03020758089821,10.615202502256254,14,30
65759.0,70.0,Nefas - Silk Lafto,1.0,441.0,38.71525280229387,8.937081370336346,0,1,41,132,204,284,72.0,474.0,1590.0,3313.0,5755.0,8450.0,10.005711746415352,10.4230046645541,0,16
50000.0,100.0,Nefas - Silk Lafto,1.0,441.0,38.71525280229387,8.937081370336346,0,1,41,132,204,284,72.0,474.0,1590.0,3313.0,5755.0,8450.0,10.005711746415352,10.4230046645541,0,16
47666.2,100.0,Nefas - Silk Lafto,1.0,441.0,38.71525280229387,8.937081370336346,0,1,41,132,204,284,72.0,474.0,1590.0,3313.0,5755.0,8450.0,10.005711746415352,10.4230046645541,0,16
47250.0,100.0,Nefas - Silk Lafto,1.0,466.0,38.71525280229387,8.937081370336346,0,1,41,132,204,284,72.0,474.0,1590.0,3313.0,5755.0,8450.0,10.005711746415352,10.4230046645541,0,16
45050.0,100.0,Nefas - Silk Lafto,1.0,466.0,38.71525280229387,8.937081370336346,0,1,41,132,204,284,72.0,474.0,1590.0,3313.0,5755.0,8450.0,10.005711746415352,10.4230046645541,0,16
37000.0,100.0,Nefas - Silk Lafto,1.0,466.0,38.71525280229387,8.937081370336346,0,1,41,132,204,284,72.0,474.0,1590.0,3313.0,5755.0,8450.0,10.005711746415352,10.4230046645541,0,16
60101.0,100.0,Nefas - Silk Lafto,1.0,436.0,38.71525280229387,8.937081370336346,0,1,41,132,204,284,72.0,474.0,1590.0,3313.0,5755.0,8450.0,10.005711746415352,10.4230046645541,0,16
50455.0,100.0,Nefas - Silk Lafto,1.0,436.0,38.71525280229387,8.937081370336346,0,1,41,132,204,284,72.0,474.0,1590.0,3313.0,5755.0,8450.0,10.005711746415352,10.4230046645541,0,16
73679.0,60.0,Nefas - Silk Lafto,1.0,436.0,38.71525280229387,8.937081370336346,0,1,41,132,204,284,72.0,474.0,1590.0,3313.0,5755.0,8450.0,10.005711746415352,10.4230046645541,0,16
62001.0,70.0,Nefas - Silk Lafto,1.0,749.0,38.71525280229387,8.937081370336346,0,1,41,132,204,284,72.0,474.0,1590.0,3313.0,5755.0,8450.0,10.005711746415352,10.4230046645541,0,16
46900.0,100.0,Nefas - Silk Lafto,1.0,749.0,38.71525280229387,8.937081370336346,0,1,41,132,204,284,72.0,474.0,1590.0,3313.0,5755.0,8450.0,10.005711746415352,10.4230046645541,0,16
45290.0,100.0,Nefas - Silk Lafto,1.0,749.0,38.71525280229387,8.937081370336346,0,1,41,132,204,284,72.0,474.0,1590.0,3313.0,5755.0,8450.0,10.005711746415352,10.4230046645541,0,16
65000.0,60.0,Nefas - Silk Lafto,1.0,310.0,38.71525280229387,8.937081370336346,0,1,41,132,204,284,72.0,474.0,1590.0,3313.0,5755.0,8450.0,10.005711746415352,10.4230046645541,0,16
46666.0,100.0,Nefas - Silk Lafto,1.0,310.0,38.71525280229387,8.937081370336346,0,1,41,132,204,284,72.0,474.0,1590.0,3313.0,5755.0,8450.0,10.005711746415352,10.4230046645541,0,16
65000.0,50.0,Nefas - Silk Lafto,1.0,310.0,38.71525280229387,8.937081370336346,0,1,41,132,204,284,72.0,474.0,1590.0,3313.0,5755.0,8450.0,10.005711746415352,10.4230046645541,0,16
50301.81,100.0,Nefas - Silk Lafto,1.0,497.0,38.71525280229387,8.937081370336346,0,1,41,132,204,284,72.0,474.0,1590.0,3313.0,5755.0,8450.0,10.005711746415352,10.4230046645541,0,16
50283.0,100.0,Nefas - Silk Lafto,1.0,497.0,38.71525280229387,8.937081370336346,0,1,41,132,204,284,72.0,474.0,1590.0,3313.0,5755.0,8450.0,10.005711746415352,10.4230046645541,0,16
50100.0,70.0,Nefas - Silk Lafto,1.0,497.0,38.71525280229387,8.937081370336346,0,1,41,132,204,284,72.0,474.0,1590.0,3313.0,5755.0,8450.0,10.005711746415352,10.4230046645541,0,16
56000.0,70.0,Nefas - Silk Lafto,1.0,368.0,38.71525280229387,8.937081370336346,0,1,41,132,204,284,72.0,474.0,1590.0,3313.0,5755.0,8450.0,10.005711746415352,10.4230046645541,0,16
35100.0,100.0,Nefas - Silk Lafto,1.0,368.0,38.71525280229387,8.937081370336346,0,1,41,132,204,284,72.0,474.0,1590.0,3313.0,5755.0,8450.0,10.005711746415352,10.4230046645541,0,16
33520.0,100.0,Nefas - Silk Lafto,1.0,368.0,38.71525280229387,8.937081370336346,0,1,41,132,204,284,72.0,474.0,1590.0,3313.0,5755.0,8450.0,10.005711746415352,10.4230046645541,0,16
46250.04,100.0,Nefas - Silk Lafto,1.0,362.0,38.71525280229387,8.937081370336346,0,1,41,132,204,284,72.0,474.0,1590.0,3313.0,5755.0,8450.0,10.005711746415352,10.4230046645541,0,16
42519.19,100.0,Nefas - Silk Lafto,1.0,362.0,38.71525280229387,8.937081370336346,0,1,41,132,204,284,72.0,474.0,1590.0,3313.0,5755.0,8450.0,10.005711746415352,10.4230046645541,0,16
46000.0,81.0,Nefas - Silk Lafto,1.0,362.0,38.71525280229387,8.937081370336346,0,1,41,132,204,284,72.0,474.0,1590.0,3313.0,5755.0,8450.0,10.005711746415352,10.4230046645541,0,16
38511.0,100.0,Nefas - Silk Lafto,1.0,416.0,38.71525280229387,8.937081370336346,0,1,41,132,204,284,72.0,474.0,1590.0,3313.0,5755.0,8450.0,10.005711746415352,10.4230046645541,0,16
55100.0,50.0,Nefas - Silk Lafto,1.0,416.0,38.71525280229387,8.937081370336346,0,1,41,132,204,284,72.0,474.0,1590.0,3313.0,5755.0,8450.0,10.005711746415352,10.4230046645541,0,16
36356.0,100.0,Nefas - Silk Lafto,1.0,416.0,38.71525280229387,8.937081370336346,0,1,41,132,204,284,72.0,474.0,1590.0,3313.0,5755.0,8450.0,10.005711746415352,10.4230046645541,0,16
35555.0,100.0,Nefas - Silk Lafto,1.0,368.0,38.71525280229387,8.937081370336346,0,1,41,132,204,284,72.0,474.0,1590.0,3313.0,5755.0,8450.0,10.005711746415352,10.4230046645541,0,16
51200.0,50.0,Nefas - Silk Lafto,1.0,368.0,38.71525280229387,8.937081370336346,0,1,41,132,204,284,72.0,474.0,1590.0,3313.0,5755.0,8450.0,10.005711746415352,10.4230046645541,0,16
31320.0,100.0,Nefas - Silk Lafto,1.0,368.0,38.71525280229387,8.937081370336346,0,1,41,132,204,284,72.0,474.0,1590.0,3313.0,5755.0,8450.0,10.005711746415352,10.4230046645541,0,16
45000.0,100.0,Nefas - Silk Lafto,1.0,250.0,38.71525280229387,8.937081370336346,0,1,41,132,204,284,72.0,474.0,1590.0,3313.0,5755.0,8450.0,10.005711746415352,10.4230046645541,0,16
41111.0,100.0,Nefas - Silk Lafto,1.0,250.0,38.71525280229387,8.937081370336346,0,1,41,132,204,284,72.0,474.0,1590.0,3313.0,5755.0,8450.0,10.005711746415352,10.4230046645541,0,16
40251.0,100.0,Nefas - Silk Lafto,1.0,250.0,38.71525280229387,8.937081370336346,0,1,41,132,204,284,72.0,474.0,1590.0,3313.0,5755.0,8450.0,10.005711746415352,10.4230046645541,0,16
43122.22,100.0,Nefas - Silk Lafto,1.0,250.0,38.71525280229387,8.937081370336346,0,1,41,132,204,284,72.0,474.0,1590.0,3313.0,5755.0,8450.0,10.005711746415352,10.4230046645541,0,16
42261.0,100.0,Nefas - Silk Lafto,1.0,250.0,38.71525280229387,8.937081370336346,0,1,41,132,204,284,72.0,474.0,1590.0,3313.0,5755.0,8450.0,10.005711746415352,10.4230046645541,0,16
41050.0,100.0,Nefas - Silk Lafto,1.0,250.0,38.71525280229387,8.937081370336346,0,1,41,132,204,284,72.0,474.0,1590.0,3313.0,5755.0,8450.0,10.005711746415352,10.4230046645541,0,16
42620.0,100.0,Nefas - Silk Lafto,1.0,250.0,38.71525280229387,8.937081370336346,0,1,41,132,204,284,72.0,474.0,1590.0,3313.0,5755.0,8450.0,10.005711746415352,10.4230046645541,0,16
42000.0,100.0,Nefas - Silk Lafto,1.0,250.0,38.71525280229387,8.937081370336346,0,1,41,132,204,284,72.0,474.0,1590.0,3313.0,5755.0,8450.0,10.005711746415352,10.4230046645541,0,16
40500.0,100.0,Nefas - Silk Lafto,1.0,250.0,38.71525280229387,8.937081370336346,0,1,41,132,204,284,72.0,474.0,1590.0,3313.0,5755.0,8450.0,10.005711746415352,10.4230046645541,0,16
48556.0,100.0,Nefas - Silk Lafto,1.0,250.0,38.71525280229387,8.937081370336346,0,1,41,132,204,284,72.0,474.0,1590.0,3313.0,5755.0,8450.0,10.005711746415352,10.4230046645541,0,16
42712.0,100.0,Nefas - Silk Lafto,1.0,250.0,38.71525280229387,8.937081370336346,0,1,41,132,204,284,72.0,474.0,1590.0,3313.0,5755.0,8450.0,10.005711746415352,10.4230046645541,0,16
42027.0,100.0,Nefas - Silk Lafto,1.0,250.0,38.71525280229387,8.937081370336346,0,1,41,132,204,284,72.0,474.0,1590.0,3313.0,5755.0,8450.0,10.005711746415352,10.4230046645541,0,16
42077.0,100.0,Nefas - Silk Lafto,1.0,250.0,38.71525280229387,8.937081370336346,0,1,41,132,204,284,72.0,474.0,1590.0,3313.0,5755.0,8450.0,10.005711746415352,10.4230046645541,0,16
41433.99,100.0,Nefas - Silk Lafto,1.0,250.0,38.71525280229387,8.937081370336346,0,1,41,132,204,284,72.0,474.0,1590.0,3313.0,5755.0,8450.0,10.005711746415352,10.4230046645541,0,16
35325.0,100.0,Nefas - Silk Lafto,1.0,250.0,38.71525280229387,8.937081370336346,0,1,41,132,204,284,72.0,474.0,1590.0,3313.0,5755.0,8450.0,10.005711746415352,10.4230046645541,0,16
46799.99,100.0,Nefas - Silk Lafto,1.0,308.0,38.71525280229387,8.937081370336346,0,1,41,132,204,284,72.0,474.0,1590.0,3313.0,5755.0,8450.0,10.005711746415352,10.4230046645541,0,16
39321.82,100.0,Nefas - Silk Lafto,1.0,308.0,38.71525280229387,8.937081370336346,0,1,41,132,204,284,72.0,474.0,1590.0,3313.0,5755.0,8450.0,10.005711746415352,10.4230046645541,0,16
35310.0,100.0,Nefas - Silk Lafto,1.0,308.0,38.71525280229387,8.937081370336346,0,1,41,132,204,284,72.0,474.0,1590.0,3313.0,5755.0,8450.0,10.005711746415352,10.4230046645541,0,16
92364.5,42.0,Nefas - Silk Lafto,1.0,406.0,38.71525280229387,8.937081370336346,0,1,41,132,204,284,72.0,474.0,1590.0,3313.0,5755.0,8450.0,10.005711746415352,10.4230046645541,0,16
51712.0,100.0,Nefas - Silk Lafto,1.0,406.0,38.71525280229387,8.937081370336346,0,1,41,132,204,284,72.0,474.0,1590.0,3313.0,5755.0,8450.0,10.005711746415352,10.4230046645541,0,16
69087.99,50.0,Nefas - Silk Lafto,1.0,406.0,38.71525280229387,8.937081370336346,0,1,41,132,204,284,72.0,474.0,1590.0,3313.0,5755.0,8450.0,10.005711746415352,10.4230046645541,0,16
51200.0,100.0,Nefas - Silk Lafto,1.0,150.0,38.71525280229387,8.937081370336346,0,1,41,132,204,284,72.0,474.0,1590.0,3313.0,5755.0,8450.0,10.005711746415352,10.4230046645541,0,16
46011.0,100.0,Nefas - Silk Lafto,1.0,150.0,38.71525280229387,8.937081370336346,0,1,41,132,204,284,72.0,474.0,1590.0,3313.0,5755.0,8450.0,10.005711746415352,10.4230046645541,0,16
44051.0,100.0,Nefas - Silk Lafto,1.0,150.0,38.71525280229387,8.937081370336346,0,1,41,132,204,284,72.0,474.0,1590.0,3313.0,5755.0,8450.0,10.005711746415352,10.4230046645541,0,16
46011.0,100.0,Nefas - Silk Lafto,1.0,150.0,38.71525280229387,8.937081370336346,0,1,41,132,204,284,72.0,474.0,1590.0,3313.0,5755.0,8450.0,10.005711746415352,10.4230046645541,0,16
37127.0,100.0,Nefas - Silk Lafto,1.0,150.0,38.71525280229387,8.937081370336346,0,1,41,132,204,284,72.0,474.0,1590.0,3313.0,5755.0,8450.0,10.005711746415352,10.4230046645541,0,16
40000.0,60.0,Nefas - Silk Lafto,1.0,150.0,38.71525280229387,8.937081370336346,0,1,41,132,204,284,72.0,474.0,1590.0,3313.0,5755.0,8450.0,10.005711746415352,10.4230046645541,0,16
51712.19,100.0,Nefas - Silk Lafto,1.0,150.0,38.71525280229387,8.937081370336346,0,1,41,132,204,284,72.0,474.0,1590.0,3313.0,5755.0,8450.0,10.005711746415352,10.4230046645541,0,16
47174.0,100.0,Nefas - Silk Lafto,1.0,150.0,38.71525280229387,8.937081370336346,0,1,41,132,204,284,72.0,474.0,1590.0,3313.0,5755.0,8450.0,10.005711746415352,10.4230046645541,0,16
47100.0,100.0,Nefas - Silk Lafto,1.0,150.0,38.71525280229387,8.937081370336346,0,1,41,132,204,284,72.0,474.0,1590.0,3313.0,5755.0,8450.0,10.005711746415352,10.4230046645541,0,16
85000.0,40.0,Nefas - Silk Lafto,1.0,150.0,38.71525280229387,8.937081370336346,0,1,41,132,204,284,72.0,474.0,1590.0,3313.0,5755.0,8450.0,10.005711746415352,10.4230046645541,0,16
47127.0,100.0,Nefas - Silk Lafto,1.0,150.0,38.71525280229387,8.937081370336346,0,1,41,132,204,284,72.0,474.0,1590.0,3313.0,5755.0,8450.0,10.005711746415352,10.4230046645541,0,16
41000.0,100.0,Nefas - Silk Lafto,1.0,150.0,38.71525280229387,8.937081370336346,0,1,41,132,204,284,72.0,474.0,1590.0,3313.0,5755.0,8450.0,10.005711746415352,10.4230046645541,0,16
53349.5,100.0,Nefas - Silk Lafto,1.0,150.0,38.71525280229387,8.937081370336346,0,1,41,132,204,284,72.0,474.0,1590.0,3313.0,5755.0,8450.0,10.005711746415352,10.4230046645541,0,16
51150.0,100.0,Nefas - Silk Lafto,1.0,150.0,38.71525280229387,8.937081370336346,0,1,41,132,204,284,72.0,474.0,1590.0,3313.0,5755.0,8450.0,10.005711746415352,10.4230046645541,0,16
47150.25,100.0,Nefas - Silk Lafto,1.0,150.0,38.71525280229387,8.937081370336346,0,1,41,132,204,284,72.0,474.0,1590.0,3313.0,5755.0,8450.0,10.005711746415352,10.4230046645541,0,16
56701.1,100.0,Nefas - Silk Lafto,1.0,150.0,38.71525280229387,8.937081370336346,0,1,41,132,204,284,72.0,474.0,1590.0,3313.0,5755.0,8450.0,10.005711746415352,10.4230046645541,0,16
51136.55,100.0,Nefas - Silk Lafto,1.0,150.0,38.71525280229387,8.937081370336346,0,1,41,132,204,284,72.0,474.0,1590.0,3313.0,5755.0,8450.0,10.005711746415352,10.4230046645541,0,16
50667.0,100.0,Nefas - Silk Lafto,1.0,150.0,38.71525280229387,8.937081370336346,0,1,41,132,204,284,72.0,474.0,1590.0,3313.0,5755.0,8450.0,10.005711746415352,10.4230046645541,0,16
43530.8,100.0,Nefas - Silk Lafto,1.0,150.0,38.71525280229387,8.937081370336346,0,1,41,132,204,284,72.0,474.0,1590.0,3313.0,5755.0,8450.0,10.005711746415352,10.4230046645541,0,16
42500.0,100.0,Nefas - Silk Lafto,1.0,150.0,38.71525280229387,8.937081370336346,0,1,41,132,204,284,72.0,474.0,1590.0,3313.0,5755.0,8450.0,10.005711746415352,10.4230046645541,0,16
41620.0,100.0,Nefas - Silk Lafto,1.0,150.0,38.71525280229387,8.937081370336346,0,1,41,132,204,284,72.0,474.0,1590.0,3313.0,5755.0,8450.0,10.005711746415352,10.4230046645541,0,16
46100.0,100.0,Nefas - Silk Lafto,1.0,154.0,38.71525280229387,8.937081370336346,0,1,41,132,204,284,72.0,474.0,1590.0,3313.0,5755.0,8450.0,10.005711746415352,10.4230046645541,0,16
40500.0,100.0,Nefas - Silk Lafto,1.0,154.0,38.71525280229387,8.937081370336346,0,1,41,132,204,284,72.0,474.0,1590.0,3313.0,5755.0,8450.0,10.005711746415352,10.4230046645541,0,16
36500.0,100.0,Nefas - Silk Lafto,1.0,154.0,38.71525280229387,8.937081370336346,0,1,41,132,204,284,72.0,474.0,1590.0,3313.0,5755.0,8450.0,10.005711746415352,10.4230046645541,0,16
65637.0,45.0,Nefas - Silk Lafto,1.0,259.0,38.71525280229387,8.937081370336346,0,1,41,132,204,284,72.0,474.0,1590.0,3313.0,5755.0,8450.0,10.005711746415352,10.4230046645541,0,16
38000.0,100.0,Nefas - Silk Lafto,1.0,259.0,38.71525280229387,8.937081370336346,0,1,41,132,204,284,72.0,474.0,1590.0,3313.0,5755.0,8450.0,10.005711746415352,10.4230046645541,0,16
36000.0,100.0,Nefas - Silk Lafto,1.0,259.0,38.71525280229387,8.937081370336346,0,1,41,132,204,284,72.0,474.0,1590.0,3313.0,5755.0,8450.0,10.005711746415352,10.4230046645541,0,16
47444.0,100.0,Nefas - Silk Lafto,1.0,150.0,38.71525280229387,8.937081370336346,0,1,41,132,204,284,72.0,474.0,1590.0,3313.0,5755.0,8450.0,10.005711746415352,10.4230046645541,0,16
61101.0,61.0,Nefas - Silk Lafto,1.0,150.0,38.71525280229387,8.937081370336346,0,1,41,132,204,284,72.0,474.0,1590.0,3313.0,5755.0,8450.0,10.005711746415352,10.4230046645541,0,16
32999.99,100.0,Nefas - Silk Lafto,1.0,150.0,38.71525280229387,8.937081370336346,0,1,41,132,204,284,72.0,474.0,1590.0,3313.0,5755.0,8450.0,10.005711746415352,10.4230046645541,0,16
52150.0,100.0,Nefas - Silk Lafto,1.0,150.0,38.71525280229387,8.937081370336346,0,1,41,132,204,284,72.0,474.0,1590.0,3313.0,5755.0,8450.0,10.005711746415352,10.4230046645541,0,16
42300.0,100.0,Nefas - Silk Lafto,1.0,150.0,38.71525280229387,8.937081370336346,0,1,41,132,204,284,72.0,474.0,1590.0,3313.0,5755.0,8450.0,10.005711746415352,10.4230046645541,0,16
36800.0,100.0,Nefas - Silk Lafto,1.0,150.0,38.71525280229387,8.937081370336346,0,1,41,132,204,284,72.0,474.0,1590.0,3313.0,5755.0,8450.0,10.005711746415352,10.4230046645541,0,16
52500.0,100.0,Nefas - Silk Lafto,1.0,150.0,38.71525280229387,8.937081370336346,0,1,41,132,204,284,72.0,474.0,1590.0,3313.0,5755.0,8450.0,10.005711746415352,10.4230046645541,0,16
51300.0,100.0,Nefas - Silk Lafto,1.0,150.0,38.71525280229387,8.937081370336346,0,1,41,132,204,284,72.0,474.0,1590.0,3313.0,5755.0,8450.0,10.005711746415352,10.4230046645541,0,16
51081.0,100.0,Nefas - Silk Lafto,1.0,150.0,38.71525280229387,8.937081370336346,0,1,41,132,204,284,72.0,474.0,1590.0,3313.0,5755.0,8450.0,10.005711746415352,10.4230046645541,0,16
46700.0,100.0,Nefas - Silk Lafto,1.0,150.0,38.71525280229387,8.937081370336346,0,1,41,132,204,284,72.0,474.0,1590.0,3313.0,5755.0,8450.0,10.005711746415352,10.4230046645541,0,16
46125.0,100.0,Nefas - Silk Lafto,1.0,150.0,38.71525280229387,8.937081370336346,0,1,41,132,204,284,72.0,474.0,1590.0,3313.0,5755.0,8450.0,10.005711746415352,10.4230046645541,0,16
38150.0,100.0,Nefas - Silk Lafto,1.0,150.0,38.71525280229387,8.937081370336346,0,1,41,132,204,284,72.0,474.0,1590.0,3313.0,5755.0,8450.0,10.005711746415352,10.4230046645541,0,16
54167.0,100.0,Nefas - Silk Lafto,1.0,150.0,38.71525280229387,8.937081370336346,0,1,41,132,204,284,72.0,474.0,1590.0,3313.0,5755.0,8450.0,10.005711746415352,10.4230046645541,0,16
43321.0,100.0,Nefas - Silk Lafto,1.0,150.0,38.71525280229387,8.937081370336346,0,1,41,132,204,284,72.0,474.0,1590.0,3313.0,5755.0,8450.0,10.005711746415352,10.4230046645541,0,16
62120.0,50.0,Nefas - Silk Lafto,1.0,150.0,38.71525280229387,8.937081370336346,0,1,41,132,204,284,72.0,474.0,1590.0,3313.0,5755.0,8450.0,10.005711746415352,10.4230046645541,0,16
52150.0,100.0,Nefas - Silk Lafto,1.0,150.0,38.71525280229387,8.937081370336346,0,1,41,132,204,284,72.0,474.0,1590.0,3313.0,5755.0,8450.0,10.005711746415352,10.4230046645541,0,16
37577.0,82.0,Nefas - Silk Lafto,1.0,150.0,38.71525280229387,8.937081370336346,0,1,41,132,204,284,72.0,474.0,1590.0,3313.0,5755.0,8450.0,10.005711746415352,10.4230046645541,0,16
27634.0,100.0,Nefas - Silk Lafto,1.0,150.0,38.71525280229387,8.937081370336346,0,1,41,132,204,284,72.0,474.0,1590.0,3313.0,5755.0,8450.0,10.005711746415352,10.4230046645541,0,16
54556.0,100.0,Nefas - Silk Lafto,1.0,150.0,38.71525280229387,8.937081370336346,0,1,41,132,204,284,72.0,474.0,1590.0,3313.0,5755.0,8450.0,10.005711746415352,10.4230046645541,0,16
45592.8,100.0,Nefas - Silk Lafto,1.0,150.0,38.71525280229387,8.937081370336346,0,1,41,132,204,284,72.0,474.0,1590.0,3313.0,5755.0,8450.0,10.005711746415352,10.4230046645541,0,16
45521.0,100.0,Nefas - Silk Lafto,1.0,150.0,38.71525280229387,8.937081370336346,0,1,41,132,204,284,72.0,474.0,1590.0,3313.0,5755.0,8450.0,10.005711746415352,10.4230046645541,0,16
51338.0,100.0,Nefas - Silk Lafto,1.0,150.0,38.71525280229387,8.937081370336346,0,1,41,132,204,284,72.0,474.0,1590.0,3313.0,5755.0,8450.0,10.005711746415352,10.4230046645541,0,16
56250.0,80.0,Nefas - Silk Lafto,1.0,150.0,38.71525280229387,8.937081370336346,0,1,41,132,204,284,72.0,474.0,1590.0,3313.0,5755.0,8450.0,10.005711746415352,10.4230046645541,0,16
37555.0,100.0,Nefas - Silk Lafto,1.0,150.0,38.71525280229387,8.937081370336346,0,1,41,132,204,284,72.0,474.0,1590.0,3313.0,5755.0,8450.0,10.005711746415352,10.4230046645541,0,16
45855.0,100.0,Nefas - Silk Lafto,1.0,150.0,38.71525280229387,8.937081370336346,0,1,41,132,204,284,72.0,474.0,1590.0,3313.0,5755.0,8450.0,10.005711746415352,10.4230046645541,0,16
41520.0,100.0,Nefas - Silk Lafto,1.0,150.0,38.71525280229387,8.937081370336346,0,1,41,132,204,284,72.0,474.0,1590.0,3313.0,5755.0,8450.0,10.005711746415352,10.4230046645541,0,16
41101.0,100.0,Nefas - Silk Lafto,1.0,150.0,38.71525280229387,8.937081370336346,0,1,41,132,204,284,72.0,474.0,1590.0,3313.0,5755.0,8450.0,10.005711746415352,10.4230046645541,0,16
49296.95,100.0,Nefas - Silk Lafto,1.0,150.0,38.71525280229387,8.937081370336346,0,1,41,132,204,284,72.0,474.0,1590.0,3313.0,5755.0,8450.0,10.005711746415352,10.4230046645541,0,16
70000.0,47.5,Nefas - Silk Lafto,1.0,150.0,38.71525280229387,8.937081370336346,0,1,41,132,204,284,72.0,474.0,1590.0,3313.0,5755.0,8450.0,10.005711746415352,10.4230046645541,0,16
39900.0,100.0,Nefas - Silk Lafto,1.0,150.0,38.71525280229387,8.937081370336346,0,1,41,132,204,284,72.0,474.0,1590.0,3313.0,5755.0,8450.0,10.005711746415352,10.4230046645541,0,16
52104.0,100.0,Nefas - Silk Lafto,1.0,150.0,38.71525280229387,8.937081370336346,0,1,41,132,204,284,72.0,474.0,1590.0,3313.0,5755.0,8450.0,10.005711746415352,10.4230046645541,0,16
51444.0,100.0,Nefas - Silk Lafto,1.0,150.0,38.71525280229387,8.937081370336346,0,1,41,132,204,284,72.0,474.0,1590.0,3313.0,5755.0,8450.0,10.005711746415352,10.4230046645541,0,16
42192.0,100.0,Nefas - Silk Lafto,1.0,150.0,38.71525280229387,8.937081370336346,0,1,41,132,204,284,72.0,474.0,1590.0,3313.0,5755.0,8450.0,10.005711746415352,10.4230046645541,0,16
46500.0,100.0,Nefas - Silk Lafto,1.0,150.0,38.71525280229387,8.937081370336346,0,1,41,132,204,284,72.0,474.0,1590.0,3313.0,5755.0,8450.0,10.005711746415352,10.4230046645541,0,16
43500.0,100.0,Nefas - Silk Lafto,1.0,150.0,38.71525280229387,8.937081370336346,0,1,41,132,204,284,72.0,474.0,1590.0,3313.0,5755.0,8450.0,10.005711746415352,10.4230046645541,0,16
43333.0,100.0,Nefas - Silk Lafto,1.0,150.0,38.71525280229387,8.937081370336346,0,1,41,132,204,284,72.0,474.0,1590.0,3313.0,5755.0,8450.0,10.005711746415352,10.4230046645541,0,16
42102.0,100.0,Nefas - Silk Lafto,1.0,150.0,38.71525280229387,8.937081370336346,0,1,41,132,204,284,72.0,474.0,1590.0,3313.0,5755.0,8450.0,10.005711746415352,10.4230046645541,0,16
41755.56,100.0,Nefas - Silk Lafto,1.0,150.0,38.71525280229387,8.937081370336346,0,1,41,132,204,284,72.0,474.0,1590.0,3313.0,5755.0,8450.0,10.005711746415352,10.4230046645541,0,16
41000.0,100.0,Nefas - Silk Lafto,1.0,150.0,38.71525280229387,8.937081370336346,0,1,41,132,204,284,72.0,474.0,1590.0,3313.0,5755.0,8450.0,10.005711746415352,10.4230046645541,0,16
48656.0,100.0,Nefas - Silk Lafto,1.0,145.0,38.71525280229387,8.937081370336346,0,1,41,132,204,284,72.0,474.0,1590.0,3313.0,5755.0,8450.0,10.005711746415352,10.4230046645541,0,16
48276.0,100.0,Nefas - Silk Lafto,1.0,145.0,38.71525280229387,8.937081370336346,0,1,41,132,204,284,72.0,474.0,1590.0,3313.0,5755.0,8450.0,10.005711746415352,10.4230046645541,0,16
48000.0,100.0,Nefas - Silk Lafto,1.0,145.0,38.71525280229387,8.937081370336346,0,1,41,132,204,284,72.0,474.0,1590.0,3313.0,5755.0,8450.0,10.005711746415352,10.4230046645541,0,16
52320.0,100.0,Nefas - Silk Lafto,1.0,156.0,38.71525280229387,8.937081370336346,0,1,41,132,204,284,72.0,474.0,1590.0,3313.0,5755.0,8450.0,10.005711746415352,10.4230046645541,0,16
48216.0,100.0,Nefas - Silk Lafto,1.0,156.0,38.71525280229387,8.937081370336346,0,1,41,132,204,284,72.0,474.0,1590.0,3313.0,5755.0,8450.0,10.005711746415352,10.4230046645541,0,16
42156.0,100.0,Nefas - Silk Lafto,1.0,156.0,38.71525280229387,8.937081370336346,0,1,41,132,204,284,72.0,474.0,1590.0,3313.0,5755.0,8450.0,10.005711746415352,10.4230046645541,0,16
47000.0,100.0,Nefas - Silk Lafto,1.0,214.0,38.71525280229387,8.937081370336346,0,1,41,132,204,284,72.0,474.0,1590.0,3313.0,5755.0,8450.0,10.005711746415352,10.4230046645541,0,16
46822.22,100.0,Nefas - Silk Lafto,1.0,214.0,38.71525280229387,8.937081370336346,0,1,41,132,204,284,72.0,474.0,1590.0,3313.0,5755.0,8450.0,10.005711746415352,10.4230046645541,0,16
46050.0,100.0,Nefas - Silk Lafto,1.0,214.0,38.71525280229387,8.937081370336346,0,1,41,132,204,284,72.0,474.0,1590.0,3313.0,5755.0,8450.0,10.005711746415352,10.4230046645541,0,16
102000.0,47.0,Nefas - Silk Lafto,1.0,150.0,38.71525280229387,8.937081370336346,0,1,41,132,204,284,72.0,474.0,1590.0,3313.0,5755.0,8450.0,10.005711746415352,10.4230046645541,0,16
52106.0,100.0,Nefas - Silk Lafto,1.0,150.0,38.71525280229387,8.937081370336346,0,1,41,132,204,284,72.0,474.0,1590.0,3313.0,5755.0,8450.0,10.005711746415352,10.4230046645541,0,16
51220.0,100.0,Nefas - Silk Lafto,1.0,150.0,38.71525280229387,8.937081370336346,0,1,41,132,204,284,72.0,474.0,1590.0,3313.0,5755.0,8450.0,10.005711746415352,10.4230046645541,0,16
50110.0,100.0,Nefas - Silk Lafto,1.0,146.0,38.71525280229387,8.937081370336346,0,1,41,132,204,284,72.0,474.0,1590.0,3313.0,5755.0,8450.0,10.005711746415352,10.4230046645541,0,16
46500.0,100.0,Nefas - Silk Lafto,1.0,146.0,38.71525280229387,8.937081370336346,0,1,41,132,204,284,72.0,474.0,1590.0,3313.0,5755.0,8450.0,10.005711746415352,10.4230046645541,0,16
43656.0,100.0,Nefas - Silk Lafto,1.0,146.0,38.71525280229387,8.937081370336346,0,1,41,132,204,284,72.0,474.0,1590.0,3313.0,5755.0,8450.0,10.005711746415352,10.4230046645541,0,16
52900.0,100.0,Nefas - Silk Lafto,1.0,261.0,38.71525280229387,8.937081370336346,0,1,41,132,204,284,72.0,474.0,1590.0,3313.0,5755.0,8450.0,10.005711746415352,10.4230046645541,0,16
45220.0,100.0,Nefas - Silk Lafto,1.0,261.0,38.71525280229387,8.937081370336346,0,1,41,132,204,284,72.0,474.0,1590.0,3313.0,5755.0,8450.0,10.005711746415352,10.4230046645541,0,16
42650.0,100.0,Nefas - Silk Lafto,1.0,261.0,38.71525280229387,8.937081370336346,0,1,41,132,204,284,72.0,474.0,1590.0,3313.0,5755.0,8450.0,10.005711746415352,10.4230046645541,0,16
55015.0,100.0,Nefas - Silk Lafto,1.0,164.0,38.71525280229387,8.937081370336346,0,1,41,132,204,284,72.0,474.0,1590.0,3313.0,5755.0,8450.0,10.005711746415352,10.4230046645541,0,16
51700.0,100.0,Nefas - Silk Lafto,1.0,164.0,38.71525280229387,8.937081370336346,0,1,41,132,204,284,72.0,474.0,1590.0,3313.0,5755.0,8450.0,10.005711746415352,10.4230046645541,0,16
45732.0,100.0,Nefas - Silk Lafto,1.0,164.0,38.71525280229387,8.937081370336346,0,1,41,132,204,284,72.0,474.0,1590.0,3313.0,5755.0,8450.0,10.005711746415352,10.4230046645541,0,16
41700.0,100.0,Nefas - Silk Lafto,1.0,250.0,38.71525280229387,8.937081370336346,0,1,41,132,204,284,72.0,474.0,1590.0,3313.0,5755.0,8450.0,10.005711746415352,10.4230046645541,0,16
65015.0,40.0,Nefas - Silk Lafto,1.0,250.0,38.71525280229387,8.937081370336346,0,1,41,132,204,284,72.0,474.0,1590.0,3313.0,5755.0,8450.0,10.005711746415352,10.4230046645541,0,16
37121.0,100.0,Nefas - Silk Lafto,1.0,250.0,38.71525280229387,8.937081370336346,0,1,41,132,204,284,72.0,474.0,1590.0,3313.0,5755.0,8450.0,10.005711746415352,10.4230046645541,0,16
41919.0,100.0,Nefas - Silk Lafto,1.0,250.0,38.71525280229387,8.937081370336346,0,1,41,132,204,284,72.0,474.0,1590.0,3313.0,5755.0,8450.0,10.005711746415352,10.4230046645541,0,16
45000.0,75.0,Nefas - Silk Lafto,1.0,250.0,38.71525280229387,8.937081370336346,0,1,41,132,204,284,72.0,474.0,1590.0,3313.0,5755.0,8450.0,10.005711746415352,10.4230046645541,0,16
36100.0,100.0,Nefas - Silk Lafto,1.0,250.0,38.71525280229387,8.937081370336346,0,1,41,132,204,284,72.0,474.0,1590.0,3313.0,5755.0,8450.0,10.005711746415352,10.4230046645541,0,16
43215.0,100.0,Nefas - Silk Lafto,1.0,250.0,38.71525280229387,8.937081370336346,0,1,41,132,204,284,72.0,474.0,1590.0,3313.0,5755.0,8450.0,10.005711746415352,10.4230046645541,0,16
41700.0,100.0,Nefas - Silk Lafto,1.0,250.0,38.71525280229387,8.937081370336346,0,1,41,132,204,284,72.0,474.0,1590.0,3313.0,5755.0,8450.0,10.005711746415352,10.4230046645541,0,16
44352.0,87.0,Nefas - Silk Lafto,1.0,250.0,38.71525280229387,8.937081370336346,0,1,41,132,204,284,72.0,474.0,1590.0,3313.0,5755.0,8450.0,10.005711746415352,10.4230046645541,0,16
61111.11,100.0,Nefas - Silk Lafto,1.0,250.0,38.71525280229387,8.937081370336346,0,1,41,132,204,284,72.0,474.0,1590.0,3313.0,5755.0,8450.0,10.005711746415352,10.4230046645541,0,16
46560.12,100.0,Nefas - Silk Lafto,1.0,250.0,38.71525280229387,8.937081370336346,0,1,41,132,204,284,72.0,474.0,1590.0,3313.0,5755.0,8450.0,10.005711746415352,10.4230046645541,0,16
42380.0,100.0,Nefas - Silk Lafto,1.0,250.0,38.71525280229387,8.937081370336346,0,1,41,132,204,284,72.0,474.0,1590.0,3313.0,5755.0,8450.0,10.005711746415352,10.4230046645541,0,16
55000.0,100.0,Nefas - Silk Lafto,1.0,250.0,38.71525280229387,8.937081370336346,0,1,41,132,204,284,72.0,474.0,1590.0,3313.0,5755.0,8450.0,10.005711746415352,10.4230046645541,0,16
45500.0,100.0,Nefas - Silk Lafto,1.0,250.0,38.71525280229387,8.937081370336346,0,1,41,132,204,284,72.0,474.0,1590.0,3313.0,5755.0,8450.0,10.005711746415352,10.4230046645541,0,16
44320.0,100.0,Nefas - Silk Lafto,1.0,250.0,38.71525280229387,8.937081370336346,0,1,41,132,204,284,72.0,474.0,1590.0,3313.0,5755.0,8450.0,10.005711746415352,10.4230046645541,0,16
40650.0,100.0,Nefas - Silk Lafto,1.0,202.0,38.71525280229387,8.937081370336346,0,1,41,132,204,284,72.0,474.0,1590.0,3313.0,5755.0,8450.0,10.005711746415352,10.4230046645541,0,16
40010.0,100.0,Nefas - Silk Lafto,1.0,202.0,38.71525280229387,8.937081370336346,0,1,41,132,204,284,72.0,474.0,1590.0,3313.0,5755.0,8450.0,10.005711746415352,10.4230046645541,0,16
37000.0,100.0,Nefas - Silk Lafto,1.0,202.0,38.71525280229387,8.937081370336346,0,1,41,132,204,284,72.0,474.0,1590.0,3313.0,5755.0,8450.0,10.005711746415352,10.4230046645541,0,16
46021.06,100.0,Nefas - Silk Lafto,1.0,175.0,38.71525280229387,8.937081370336346,0,1,41,132,204,284,72.0,474.0,1590.0,3313.0,5755.0,8450.0,10.005711746415352,10.4230046645541,0,16
48900.0,60.0,Nefas - Silk Lafto,1.0,175.0,38.71525280229387,8.937081370336346,0,1,41,132,204,284,72.0,474.0,1590.0,3313.0,5755.0,8450.0,10.005711746415352,10.4230046645541,0,16
35100.5,100.0,Nefas - Silk Lafto,1.0,175.0,38.71525280229387,8.937081370336346,0,1,41,132,204,284,72.0,474.0,1590.0,3313.0,5755.0,8450.0,10.005711746415352,10.4230046645541,0,16
43200.0,100.0,Nefas - Silk Lafto,1.0,175.0,38.71525280229387,8.937081370336346,0,1,41,132,204,284,72.0,474.0,1590.0,3313.0,5755.0,8450.0,10.005711746415352,10.4230046645541,0,16
41660.0,100.0,Nefas - Silk Lafto,1.0,175.0,38.71525280229387,8.937081370336346,0,1,41,132,204,284,72.0,474.0,1590.0,3313.0,5755.0,8450.0,10.005711746415352,10.4230046645541,0,16
40200.0,100.0,Nefas - Silk Lafto,1.0,175.0,38.71525280229387,8.937081370336346,0,1,41,132,204,284,72.0,474.0,1590.0,3313.0,5755.0,8450.0,10.005711746415352,10.4230046645541,0,16
48572.05,100.0,Nefas - Silk Lafto,1.0,175.0,38.71525280229387,8.937081370336346,0,1,41,132,204,284,72.0,474.0,1590.0,3313.0,5755.0,8450.0,10.005711746415352,10.4230046645541,0,16
42358.9,100.0,Nefas - Silk Lafto,1.0,175.0,38.71525280229387,8.937081370336346,0,1,41,132,204,284,72.0,474.0,1590.0,3313.0,5755.0,8450.0,10.005711746415352,10.4230046645541,0,16
42100.0,100.0,Nefas - Silk Lafto,1.0,175.0,38.71525280229387,8.937081370336346,0,1,41,132,204,284,72.0,474.0,1590.0,3313.0,5755.0,8450.0,10.005711746415352,10.4230046645541,0,16
51150.0,85.0,Nefas - Silk Lafto,1.0,175.0,38.71525280229387,8.937081370336346,0,1,41,132,204,284,72.0,474.0,1590.0,3313.0,5755.0,8450.0,10.005711746415352,10.4230046645541,0,16
45000.0,100.0,Nefas - Silk Lafto,1.0,175.0,38.71525280229387,8.937081370336346,0,1,41,132,204,284,72.0,474.0,1590.0,3313.0,5755.0,8450.0,10.005711746415352,10.4230046645541,0,16
43275.0,100.0,Nefas - Silk Lafto,1.0,175.0,38.71525280229387,8.937081370336346,0,1,41,132,204,284,72.0,474.0,1590.0,3313.0,5755.0,8450.0,10.005711746415352,10.4230046645541,0,16
49999.0,60.0,Nefas - Silk Lafto,1.0,175.0,38.71525280229387,8.937081370336346,0,1,41,132,204,284,72.0,474.0,1590.0,3313.0,5755.0,8450.0,10.005711746415352,10.4230046645541,0,16
53888.35,45.0,Nefas - Silk Lafto,1.0,175.0,38.71525280229387,8.937081370336346,0,1,41,132,204,284,72.0,474.0,1590.0,3313.0,5755.0,8450.0,10.005711746415352,10.4230046645541,0,16
37500.0,85.0,Nefas - Silk Lafto,1.0,175.0,38.71525280229387,8.937081370336346,0,1,41,132,204,284,72.0,474.0,1590.0,3313.0,5755.0,8450.0,10.005711746415352,10.4230046645541,0,16
45250.0,100.0,Nefas - Silk Lafto,1.0,175.0,38.71525280229387,8.937081370336346,0,1,41,132,204,284,72.0,474.0,1590.0,3313.0,5755.0,8450.0,10.005711746415352,10.4230046645541,0,16
37777.0,100.0,Nefas - Silk Lafto,1.0,175.0,38.71525280229387,8.937081370336346,0,1,41,132,204,284,72.0,474.0,1590.0,3313.0,5755.0,8450.0,10.005711746415352,10.4230046645541,0,16
48600.0,60.0,Nefas - Silk Lafto,1.0,175.0,38.71525280229387,8.937081370336346,0,1,41,132,204,284,72.0,474.0,1590.0,3313.0,5755.0,8450.0,10.005711746415352,10.4230046645541,0,16
51167.0,100.0,Nefas - Silk Lafto,1.0,175.0,38.71525280229387,8.937081370336346,0,1,41,132,204,284,72.0,474.0,1590.0,3313.0,5755.0,8450.0,10.005711746415352,10.4230046645541,0,16
43000.0,100.0,Nefas - Silk Lafto,1.0,175.0,38.71525280229387,8.937081370336346,0,1,41,132,204,284,72.0,474.0,1590.0,3313.0,5755.0,8450.0,10.005711746415352,10.4230046645541,0,16
39100.0,100.0,Nefas - Silk Lafto,1.0,175.0,38.71525280229387,8.937081370336346,0,1,41,132,204,284,72.0,474.0,1590.0,3313.0,5755.0,8450.0,10.005711746415352,10.4230046645541,0,16
69000.0,52.0,Nefas - Silk Lafto,1.0,175.0,38.71525280229387,8.937081370336346,0,1,41,132,204,284,72.0,474.0,1590.0,3313.0,5755.0,8450.0,10.005711746415352,10.4230046645541,0,16
44216.0,100.0,Nefas - Silk Lafto,1.0,175.0,38.71525280229387,8.937081370336346,0,1,41,132,204,284,72.0,474.0,1590.0,3313.0,5755.0,8450.0,10.005711746415352,10.4230046645541,0,16
42300.0,100.0,Nefas - Silk Lafto,1.0,175.0,38.71525280229387,8.937081370336346,0,1,41,132,204,284,72.0,474.0,1590.0,3313.0,5755.0,8450.0,10.005711746415352,10.4230046645541,0,16
53000.0,100.0,Nefas - Silk Lafto,1.0,175.0,38.71525280229387,8.937081370336346,0,1,41,132,204,284,72.0,474.0,1590.0,3313.0,5755.0,8450.0,10.005711746415352,10.4230046645541,0,16
44133.0,100.0,Nefas - Silk Lafto,1.0,175.0,38.71525280229387,8.937081370336346,0,1,41,132,204,284,72.0,474.0,1590.0,3313.0,5755.0,8450.0,10.005711746415352,10.4230046645541,0,16
40121.0,100.0,Nefas - Silk Lafto,1.0,175.0,38.71525280229387,8.937081370336346,0,1,41,132,204,284,72.0,474.0,1590.0,3313.0,5755.0,8450.0,10.005711746415352,10.4230046645541,0,16
37700.0,100.0,Nefas - Silk Lafto,1.0,255.0,38.71525280229387,8.937081370336346,0,1,41,132,204,284,72.0,474.0,1590.0,3313.0,5755.0,8450.0,10.005711746415352,10.4230046645541,0,16
52137.6,51.0,Nefas - Silk Lafto,1.0,255.0,38.71525280229387,8.937081370336346,0,1,41,132,204,284,72.0,474.0,1590.0,3313.0,5755.0,8450.0,10.005711746415352,10.4230046645541,0,16
34650.0,100.0,Nefas - Silk Lafto,1.0,255.0,38.71525280229387,8.937081370336346,0,1,41,132,204,284,72.0,474.0,1590.0,3313.0,5755.0,8450.0,10.005711746415352,10.4230046645541,0,16
75651.68,40.0,Nefas - Silk Lafto,1.0,267.0,38.71525280229387,8.937081370336346,0,1,41,132,204,284,72.0,474.0,1590.0,3313.0,5755.0,8450.0,10.005711746415352,10.4230046645541,0,16
40005.0,100.0,Nefas - Silk Lafto,1.0,267.0,38.71525280229387,8.937081370336346,0,1,41,132,204,284,72.0,474.0,1590.0,3313.0,5755.0,8450.0,10.005711746415352,10.4230046645541,0,16
39355.0,100.0,Nefas - Silk Lafto,1.0,267.0,38.71525280229387,8.937081370336346,0,1,41,132,204,284,72.0,474.0,1590.0,3313.0,5755.0,8450.0,10.005711746415352,10.4230046645541,0,16
47377.0,100.0,Nefas - Silk Lafto,1.0,175.0,38.71525280229387,8.937081370336346,0,1,41,132,204,284,72.0,474.0,1590.0,3313.0,5755.0,8450.0,10.005711746415352,10.4230046645541,0,16
45300.0,100.0,Nefas - Silk Lafto,1.0,175.0,38.71525280229387,8.937081370336346,0,1,41,132,204,284,72.0,474.0,1590.0,3313.0,5755.0,8450.0,10.005711746415352,10.4230046645541,0,16
37959.0,100.0,Nefas - Silk Lafto,1.0,175.0,38.71525280229387,8.937081370336346,0,1,41,132,204,284,72.0,474.0,1590.0,3313.0,5755.0,8450.0,10.005711746415352,10.4230046645541,0,16
48175.0,100.0,Nefas - Silk Lafto,1.0,175.0,38.71525280229387,8.937081370336346,0,1,41,132,204,284,72.0,474.0,1590.0,3313.0,5755.0,8450.0,10.005711746415352,10.4230046645541,0,16
46200.0,100.0,Nefas - Silk Lafto,1.0,175.0,38.71525280229387,8.937081370336346,0,1,41,132,204,284,72.0,474.0,1590.0,3313.0,5755.0,8450.0,10.005711746415352,10.4230046645541,0,16
42850.0,100.0,Nefas - Silk Lafto,1.0,175.0,38.71525280229387,8.937081370336346,0,1,41,132,204,284,72.0,474.0,1590.0,3313.0,5755.0,8450.0,10.005711746415352,10.4230046645541,0,16
41101.0,100.0,Nefas - Silk Lafto,1.0,175.0,38.71525280229387,8.937081370336346,0,1,41,132,204,284,72.0,474.0,1590.0,3313.0,5755.0,8450.0,10.005711746415352,10.4230046645541,0,16
40000.0,100.0,Nefas - Silk Lafto,1.0,175.0,38.71525280229387,8.937081370336346,0,1,41,132,204,284,72.0,474.0,1590.0,3313.0,5755.0,8450.0,10.005711746415352,10.4230046645541,0,16
37500.0,100.0,Nefas - Silk Lafto,1.0,175.0,38.71525280229387,8.937081370336346,0,1,41,132,204,284,72.0,474.0,1590.0,3313.0,5755.0,8450.0,10.005711746415352,10.4230046645541,0,16
41230.6,100.0,Nefas - Silk Lafto,1.0,175.0,38.71525280229387,8.937081370336346,0,1,41,132,204,284,72.0,474.0,1590.0,3313.0,5755.0,8450.0,10.005711746415352,10.4230046645541,0,16
40000.0,100.0,Nefas - Silk Lafto,1.0,175.0,38.71525280229387,8.937081370336346,0,1,41,132,204,284,72.0,474.0,1590.0,3313.0,5755.0,8450.0,10.005711746415352,10.4230046645541,0,16
38285.0,100.0,Nefas - Silk Lafto,1.0,175.0,38.71525280229387,8.937081370336346,0,1,41,132,204,284,72.0,474.0,1590.0,3313.0,5755.0,8450.0,10.005711746415352,10.4230046645541,0,16
43100.5,100.0,Nefas - Silk Lafto,1.0,175.0,38.71525280229387,8.937081370336346,0,1,41,132,204,284,72.0,474.0,1590.0,3313.0,5755.0,8450.0,10.005711746415352,10.4230046645541,0,16
42100.0,100.0,Nefas - Silk Lafto,1.0,175.0,38.71525280229387,8.937081370336346,0,1,41,132,204,284,72.0,474.0,1590.0,3313.0,5755.0,8450.0,10.005711746415352,10.4230046645541,0,16
41828.0,100.0,Nefas - Silk Lafto,1.0,175.0,38.71525280229387,8.937081370336346,0,1,41,132,204,284,72.0,474.0,1590.0,3313.0,5755.0,8450.0,10.005711746415352,10.4230046645541,0,16
41513.0,100.0,Nefas - Silk Lafto,1.0,175.0,38.71525280229387,8.937081370336346,0,1,41,132,204,284,72.0,474.0,1590.0,3313.0,5755.0,8450.0,10.005711746415352,10.4230046645541,0,16
41101.0,100.0,Nefas - Silk Lafto,1.0,175.0,38.71525280229387,8.937081370336346,0,1,41,132,204,284,72.0,474.0,1590.0,3313.0,5755.0,8450.0,10.005711746415352,10.4230046645541,0,16
35000.0,100.0,Nefas - Silk Lafto,1.0,175.0,38.71525280229387,8.937081370336346,0,1,41,132,204,284,72.0,474.0,1590.0,3313.0,5755.0,8450.0,10.005711746415352,10.4230046645541,0,16
43210.0,100.0,Nefas - Silk Lafto,1.0,175.0,38.71525280229387,8.937081370336346,0,1,41,132,204,284,72.0,474.0,1590.0,3313.0,5755.0,8450.0,10.005711746415352,10.4230046645541,0,16
41300.0,100.0,Nefas - Silk Lafto,1.0,175.0,38.71525280229387,8.937081370336346,0,1,41,132,204,284,72.0,474.0,1590.0,3313.0,5755.0,8450.0,10.005711746415352,10.4230046645541,0,16
41100.5,100.0,Nefas - Silk Lafto,1.0,175.0,38.71525280229387,8.937081370336346,0,1,41,132,204,284,72.0,474.0,1590.0,3313.0,5755.0,8450.0,10.005711746415352,10.4230046645541,0,16
62660.0,100.0,Nefas - Silk Lafto,1.0,175.0,38.71525280229387,8.937081370336346,0,1,41,132,204,284,72.0,474.0,1590.0,3313.0,5755.0,8450.0,10.005711746415352,10.4230046645541,0,16
47314.19,100.0,Nefas - Silk Lafto,1.0,175.0,38.71525280229387,8.937081370336346,0,1,41,132,204,284,72.0,474.0,1590.0,3313.0,5755.0,8450.0,10.005711746415352,10.4230046645541,0,16
42150.0,100.0,Nefas - Silk Lafto,1.0,175.0,38.71525280229387,8.937081370336346,0,1,41,132,204,284,72.0,474.0,1590.0,3313.0,5755.0,8450.0,10.005711746415352,10.4230046645541,0,16
41101.0,100.0,Nefas - Silk Lafto,1.0,175.0,38.71525280229387,8.937081370336346,0,1,41,132,204,284,72.0,474.0,1590.0,3313.0,5755.0,8450.0,10.005711746415352,10.4230046645541,0,16
41000.0,100.0,Nefas - Silk Lafto,1.0,175.0,38.71525280229387,8.937081370336346,0,1,41,132,204,284,72.0,474.0,1590.0,3313.0,5755.0,8450.0,10.005711746415352,10.4230046645541,0,16
38700.0,100.0,Nefas - Silk Lafto,1.0,175.0,38.71525280229387,8.937081370336346,0,1,41,132,204,284,72.0,474.0,1590.0,3313.0,5755.0,8450.0,10.005711746415352,10.4230046645541,0,16
48414.0,100.0,Nefas - Silk Lafto,1.0,176.0,38.71525280229387,8.937081370336346,0,1,41,132,204,284,72.0,474.0,1590.0,3313.0,5755.0,8450.0,10.005711746415352,10.4230046645541,0,16
42175.0,100.0,Nefas - Silk Lafto,1.0,176.0,38.71525280229387,8.937081370336346,0,1,41,132,204,284,72.0,474.0,1590.0,3313.0,5755.0,8450.0,10.005711746415352,10.4230046645541,0,16
41000.0,100.0,Nefas - Silk Lafto,1.0,176.0,38.71525280229387,8.937081370336346,0,1,41,132,204,284,72.0,474.0,1590.0,3313.0,5755.0,8450.0,10.005711746415352,10.4230046645541,0,16
53100.0,100.0,Nefas - Silk Lafto,1.0,227.0,38.71525280229387,8.937081370336346,0,1,41,132,204,284,72.0,474.0,1590.0,3313.0,5755.0,8450.0,10.005711746415352,10.4230046645541,0,16
49000.0,100.0,Nefas - Silk Lafto,1.0,227.0,38.71525280229387,8.937081370336346,0,1,41,132,204,284,72.0,474.0,1590.0,3313.0,5755.0,8450.0,10.005711746415352,10.4230046645541,0,16
45000.0,100.0,Nefas - Silk Lafto,1.0,227.0,38.71525280229387,8.937081370336346,0,1,41,132,204,284,72.0,474.0,1590.0,3313.0,5755.0,8450.0,10.005711746415352,10.4230046645541,0,16
45000.0,100.0,Nefas - Silk Lafto,1.0,150.0,38.71525280229387,8.937081370336346,0,1,41,132,204,284,72.0,474.0,1590.0,3313.0,5755.0,8450.0,10.005711746415352,10.4230046645541,0,16
35750.0,100.0,Nefas - Silk Lafto,1.0,150.0,38.71525280229387,8.937081370336346,0,1,41,132,204,284,72.0,474.0,1590.0,3313.0,5755.0,8450.0,10.005711746415352,10.4230046645541,0,16
25000.0,100.0,Nefas - Silk Lafto,1.0,150.0,38.71525280229387,8.937081370336346,0,1,41,132,204,284,72.0,474.0,1590.0,3313.0,5755.0,8450.0,10.005711746415352,10.4230046645541,0,16
45200.0,100.0,Nefas - Silk Lafto,1.0,150.0,38.71525280229387,8.937081370336346,0,1,41,132,204,284,72.0,474.0,1590.0,3313.0,5755.0,8450.0,10.005711746415352,10.4230046645541,0,16
36100.0,100.0,Nefas - Silk Lafto,1.0,150.0,38.71525280229387,8.937081370336346,0,1,41,132,204,284,72.0,474.0,1590.0,3313.0,5755.0,8450.0,10.005711746415352,10.4230046645541,0,16
38122.0,90.0,Nefas - Silk Lafto,1.0,150.0,38.71525280229387,8.937081370336346,0,1,41,132,204,284,72.0,474.0,1590.0,3313.0,5755.0,8450.0,10.005711746415352,10.4230046645541,0,16
32228.0,100.0,Nefas - Silk Lafto,1.0,150.0,38.71525280229387,8.937081370336346,0,1,41,132,204,284,72.0,474.0,1590.0,3313.0,5755.0,8450.0,10.005711746415352,10.4230046645541,0,16
31950.0,100.0,Nefas - Silk Lafto,1.0,150.0,38.71525280229387,8.937081370336346,0,1,41,132,204,284,72.0,474.0,1590.0,3313.0,5755.0,8450.0,10.005711746415352,10.4230046645541,0,16
37876.0,76.0,Nefas - Silk Lafto,1.0,150.0,38.71525280229387,8.937081370336346,0,1,41,132,204,284,72.0,474.0,1590.0,3313.0,5755.0,8450.0,10.005711746415352,10.4230046645541,0,16
36000.0,100.0,Nefas - Silk Lafto,1.0,150.0,38.71525280229387,8.937081370336346,0,1,41,132,204,284,72.0,474.0,1590.0,3313.0,5755.0,8450.0,10.005711746415352,10.4230046645541,0,16
33150.0,100.0,Nefas - Silk Lafto,1.0,150.0,38.71525280229387,8.937081370336346,0,1,41,132,204,284,72.0,474.0,1590.0,3313.0,5755.0,8450.0,10.005711746415352,10.4230046645541,0,16
24000.0,100.0,Nefas - Silk Lafto,1.0,150.0,38.71525280229387,8.937081370336346,0,1,41,132,204,284,72.0,474.0,1590.0,3313.0,5755.0,8450.0,10.005711746415352,10.4230046645541,0,16
81200.0,50.0,Nefas - Silk Lafto,1.0,150.0,38.71525280229387,8.937081370336346,0,1,41,132,204,284,72.0,474.0,1590.0,3313.0,5755.0,8450.0,10.005711746415352,10.4230046645541,0,16
44444.0,100.0,Nefas - Silk Lafto,1.0,150.0,38.71525280229387,8.937081370336346,0,1,41,132,204,284,72.0,474.0,1590.0,3313.0,5755.0,8450.0,10.005711746415352,10.4230046645541,0,16
41255.5,100.0,Nefas - Silk Lafto,1.0,150.0,38.71525280229387,8.937081370336346,0,1,41,132,204,284,72.0,474.0,1590.0,3313.0,5755.0,8450.0,10.005711746415352,10.4230046645541,0,16
50016.21,100.0,Nefas - Silk Lafto,1.0,150.0,38.71525280229387,8.937081370336346,0,1,41,132,204,284,72.0,474.0,1590.0,3313.0,5755.0,8450.0,10.005711746415352,10.4230046645541,0,16
35716.0,100.0,Nefas - Silk Lafto,1.0,150.0,38.71525280229387,8.937081370336346,0,1,41,132,204,284,72.0,474.0,1590.0,3313.0,5755.0,8450.0,10.005711746415352,10.4230046645541,0,16
32301.0,100.0,Nefas - Silk Lafto,1.0,150.0,38.71525280229387,8.937081370336346,0,1,41,132,204,284,72.0,474.0,1590.0,3313.0,5755.0,8450.0,10.005711746415352,10.4230046645541,0,16
44278.0,100.0,Nefas - Silk Lafto,1.0,150.0,38.71525280229387,8.937081370336346,0,1,41,132,204,284,72.0,474.0,1590.0,3313.0,5755.0,8450.0,10.005711746415352,10.4230046645541,0,16
43500.0,100.0,Nefas - Silk Lafto,1.0,150.0,38.71525280229387,8.937081370336346,0,1,41,132,204,284,72.0,474.0,1590.0,3313.0,5755.0,8450.0,10.005711746415352,10.4230046645541,0,16
35012.0,100.0,Nefas - Silk Lafto,1.0,150.0,38.71525280229387,8.937081370336346,0,1,41,132,204,284,72.0,474.0,1590.0,3313.0,5755.0,8450.0,10.005711746415352,10.4230046645541,0,16
45000.0,100.0,Nefas - Silk Lafto,1.0,232.0,38.71525280229387,8.937081370336346,0,1,41,132,204,284,72.0,474.0,1590.0,3313.0,5755.0,8450.0,10.005711746415352,10.4230046645541,0,16
44200.0,100.0,Nefas - Silk Lafto,1.0,232.0,38.71525280229387,8.937081370336346,0,1,41,132,204,284,72.0,474.0,1590.0,3313.0,5755.0,8450.0,10.005711746415352,10.4230046645541,0,16
36700.0,100.0,Nefas - Silk Lafto,1.0,232.0,38.71525280229387,8.937081370336346,0,1,41,132,204,284,72.0,474.0,1590.0,3313.0,5755.0,8450.0,10.005711746415352,10.4230046645541,0,16
52400.0,100.0,Nefas - Silk Lafto,1.0,125.0,38.71525280229387,8.937081370336346,0,1,41,132,204,284,72.0,474.0,1590.0,3313.0,5755.0,8450.0,10.005711746415352,10.4230046645541,0,16
65111.5,40.0,Nefas - Silk Lafto,1.0,125.0,38.71525280229387,8.937081370336346,0,1,41,132,204,284,72.0,474.0,1590.0,3313.0,5755.0,8450.0,10.005711746415352,10.4230046645541,0,16
32000.0,100.0,Nefas - Silk Lafto,1.0,125.0,38.71525280229387,8.937081370336346,0,1,41,132,204,284,72.0,474.0,1590.0,3313.0,5755.0,8450.0,10.005711746415352,10.4230046645541,0,16
51500.0,65.0,Nefas - Silk Lafto,1.0,150.0,38.71525280229387,8.937081370336346,0,1,41,132,204,284,72.0,474.0,1590.0,3313.0,5755.0,8450.0,10.005711746415352,10.4230046645541,0,16
47050.0,70.0,Nefas - Silk Lafto,1.0,150.0,38.71525280229387,8.937081370336346,0,1,41,132,204,284,72.0,474.0,1590.0,3313.0,5755.0,8450.0,10.005711746415352,10.4230046645541,0,16
41250.0,80.0,Nefas - Silk Lafto,1.0,150.0,38.71525280229387,8.937081370336346,0,1,41,132,204,284,72.0,474.0,1590.0,3313.0,5755.0,8450.0,10.005711746415352,10.4230046645541,0,16
51000.0,65.0,Nefas - Silk Lafto,1.0,150.0,38.71525280229387,8.937081370336346,0,1,41,132,204,284,72.0,474.0,1590.0,3313.0,5755.0,8450.0,10.005711746415352,10.4230046645541,0,16
38010.0,100.0,Nefas - Silk Lafto,1.0,150.0,38.71525280229387,8.937081370336346,0,1,41,132,204,284,72.0,474.0,1590.0,3313.0,5755.0,8450.0,10.005711746415352,10.4230046645541,0,16
36200.0,65.0,Nefas - Silk Lafto,1.0,150.0,38.71525280229387,8.937081370336346,0,1,41,132,204,284,72.0,474.0,1590.0,3313.0,5755.0,8450.0,10.005711746415352,10.4230046645541,0,16
43319.0,100.0,Nefas - Silk Lafto,1.0,150.0,38.71525280229387,8.937081370336346,0,1,41,132,204,284,72.0,474.0,1590.0,3313.0,5755.0,8450.0,10.005711746415352,10.4230046645541,0,16
36100.0,100.0,Nefas - Silk Lafto,1.0,150.0,38.71525280229387,8.937081370336346,0,1,41,132,204,284,72.0,474.0,1590.0,3313.0,5755.0,8450.0,10.005711746415352,10.4230046645541,0,16
35111.0,100.0,Nefas - Silk Lafto,1.0,150.0,38.71525280229387,8.937081370336346,0,1,41,132,204,284,72.0,474.0,1590.0,3313.0,5755.0,8450.0,10.005711746415352,10.4230046645541,0,16
45102.0,100.0,Nefas - Silk Lafto,1.0,150.0,38.71525280229387,8.937081370336346,0,1,41,132,204,284,72.0,474.0,1590.0,3313.0,5755.0,8450.0,10.005711746415352,10.4230046645541,0,16
41880.0,100.0,Nefas - Silk Lafto,1.0,150.0,38.71525280229387,8.937081370336346,0,1,41,132,204,284,72.0,474.0,1590.0,3313.0,5755.0,8450.0,10.005711746415352,10.4230046645541,0,16
41218.21,100.0,Nefas - Silk Lafto,1.0,150.0,38.71525280229387,8.937081370336346,0,1,41,132,204,284,72.0,474.0,1590.0,3313.0,5755.0,8450.0,10.005711746415352,10.4230046645541,0,16
39150.0,100.0,Nefas - Silk Lafto,1.0,150.0,38.71525280229387,8.937081370336346,0,1,41,132,204,284,72.0,474.0,1590.0,3313.0,5755.0,8450.0,10.005711746415352,10.4230046645541,0,16
33380.0,100.0,Nefas - Silk Lafto,1.0,150.0,38.71525280229387,8.937081370336346,0,1,41,132,204,284,72.0,474.0,1590.0,3313.0,5755.0,8450.0,10.005711746415352,10.4230046645541,0,16
25000.0,100.0,Nefas - Silk Lafto,1.0,150.0,38.71525280229387,8.937081370336346,0,1,41,132,204,284,72.0,474.0,1590.0,3313.0,5755.0,8450.0,10.005711746415352,10.4230046645541,0,16
41620.0,100.0,Nefas - Silk Lafto,1.0,150.0,38.71525280229387,8.937081370336346,0,1,41,132,204,284,72.0,474.0,1590.0,3313.0,5755.0,8450.0,10.005711746415352,10.4230046645541,0,16
61000.0,40.0,Nefas - Silk Lafto,1.0,150.0,38.71525280229387,8.937081370336346,0,1,41,132,204,284,72.0,474.0,1590.0,3313.0,5755.0,8450.0,10.005711746415352,10.4230046645541,0,16
47300.5,70.25,Nefas - Silk Lafto,1.0,150.0,38.71525280229387,8.937081370336346,0,1,41,132,204,284,72.0,474.0,1590.0,3313.0,5755.0,8450.0,10.005711746415352,10.4230046645541,0,16
76638.0,40.0,Nefas - Silk Lafto,1.0,150.0,38.71525280229387,8.937081370336346,0,1,41,132,204,284,72.0,474.0,1590.0,3313.0,5755.0,8450.0,10.005711746415352,10.4230046645541,0,16
42270.0,100.0,Nefas - Silk Lafto,1.0,150.0,38.71525280229387,8.937081370336346,0,1,41,132,204,284,72.0,474.0,1590.0,3313.0,5755.0,8450.0,10.005711746415352,10.4230046645541,0,16
40227.21,100.0,Nefas - Silk Lafto,1.0,150.0,38.71525280229387,8.937081370336346,0,1,41,132,204,284,72.0,474.0,1590.0,3313.0,5755.0,8450.0,10.005711746415352,10.4230046645541,0,16
48270.0,100.0,Nefas - Silk Lafto,1.0,150.0,38.71525280229387,8.937081370336346,0,1,41,132,204,284,72.0,474.0,1590.0,3313.0,5755.0,8450.0,10.005711746415352,10.4230046645541,0,16
43200.0,100.0,Nefas - Silk Lafto,1.0,150.0,38.71525280229387,8.937081370336346,0,1,41,132,204,284,72.0,474.0,1590.0,3313.0,5755.0,8450.0,10.005711746415352,10.4230046645541,0,16
37336.0,100.0,Nefas - Silk Lafto,1.0,150.0,38.71525280229387,8.937081370336346,0,1,41,132,204,284,72.0,474.0,1590.0,3313.0,5755.0,8450.0,10.005711746415352,10.4230046645541,0,16
43220.35,100.0,Nefas - Silk Lafto,1.0,177.0,38.71525280229387,8.937081370336346,0,1,41,132,204,284,72.0,474.0,1590.0,3313.0,5755.0,8450.0,10.005711746415352,10.4230046645541,0,16
36700.0,100.0,Nefas - Silk Lafto,1.0,177.0,38.71525280229387,8.937081370336346,0,1,41,132,204,284,72.0,474.0,1590.0,3313.0,5755.0,8450.0,10.005711746415352,10.4230046645541,0,16
52000.0,52.0,Nefas - Silk Lafto,1.0,177.0,38.71525280229387,8.937081370336346,0,1,41,132,204,284,72.0,474.0,1590.0,3313.0,5755.0,8450.0,10.005711746415352,10.4230046645541,0,16
50552.0,100.0,Nefas - Silk Lafto,1.0,222.0,38.71525280229387,8.937081370336346,0,1,41,132,204,284,72.0,474.0,1590.0,3313.0,5755.0,8450.0,10.005711746415352,10.4230046645541,0,16
45000.0,100.0,Nefas - Silk Lafto,1.0,222.0,38.71525280229387,8.937081370336346,0,1,41,132,204,284,72.0,474.0,1590.0,3313.0,5755.0,8450.0,10.005711746415352,10.4230046645541,0,16
36112.0,70.0,Nefas - Silk Lafto,1.0,222.0,38.71525280229387,8.937081370336346,0,1,41,132,204,284,72.0,474.0,1590.0,3313.0,5755.0,8450.0,10.005711746415352,10.4230046645541,0,16
43114.0,65.0,Nefas - Silk Lafto,1.0,150.0,38.71525280229387,8.937081370336346,0,1,41,132,204,284,72.0,474.0,1590.0,3313.0,5755.0,8450.0,10.005711746415352,10.4230046645541,0,16
46000.0,50.0,Nefas - Silk Lafto,1.0,150.0,38.71525280229387,8.937081370336346,0,1,41,132,204,284,72.0,474.0,1590.0,3313.0,5755.0,8450.0,10.005711746415352,10.4230046645541,0,16
36000.0,80.0,Nefas - Silk Lafto,1.0,150.0,38.71525280229387,8.937081370336346,0,1,41,132,204,284,72.0,474.0,1590.0,3313.0,5755.0,8450.0,10.005711746415352,10.4230046645541,0,16
45755.0,100.0,Nefas - Silk Lafto,1.0,150.0,38.71525280229387,8.937081370336346,0,1,41,132,204,284,72.0,474.0,1590.0,3313.0,5755.0,8450.0,10.005711746415352,10.4230046645541,0,16
27654.0,100.0,Nefas - Silk Lafto,1.0,150.0,38.71525280229387,8.937081370336346,0,1,41,132,204,284,72.0,474.0,1590.0,3313.0,5755.0,8450.0,10.005711746415352,10.4230046645541,0,16
36000.0,60.0,Nefas - Silk Lafto,1.0,150.0,38.71525280229387,8.937081370336346,0,1,41,132,204,284,72.0,474.0,1590.0,3313.0,5755.0,8450.0,10.005711746415352,10.4230046645541,0,16
21000.0,100.0,Nefas - Silk Lafto,1.0,150.0,38.71525280229387,8.937081370336346,0,1,41,132,204,284,72.0,474.0,1590.0,3313.0,5755.0,8450.0,10.005711746415352,10.4230046645541,0,16
20000.0,100.0,Nefas - Silk Lafto,1.0,150.0,38.71525280229387,8.937081370336346,0,1,41,132,204,284,72.0,474.0,1590.0,3313.0,5755.0,8450.0,10.005711746415352,10.4230046645541,0,16
16500.0,100.0,Nefas - Silk Lafto,1.0,150.0,38.71525280229387,8.937081370336346,0,1,41,132,204,284,72.0,474.0,1590.0,3313.0,5755.0,8450.0,10.005711746415352,10.4230046645541,0,16
55000.0,100.0,Nefas - Silk Lafto,1.0,150.0,38.71525280229387,8.937081370336346,0,1,41,132,204,284,72.0,474.0,1590.0,3313.0,5755.0,8450.0,10.005711746415352,10.4230046645541,0,16
46200.0,100.0,Nefas - Silk Lafto,1.0,150.0,38.71525280229387,8.937081370336346,0,1,41,132,204,284,72.0,474.0,1590.0,3313.0,5755.0,8450.0,10.005711746415352,10.4230046645541,0,16
41100.0,100.0,Nefas - Silk Lafto,1.0,150.0,38.71525280229387,8.937081370336346,0,1,41,132,204,284,72.0,474.0,1590.0,3313.0,5755.0,8450.0,10.005711746415352,10.4230046645541,0,16
41873.93,100.0,Nefas - Silk Lafto,1.0,150.0,38.71525280229387,8.937081370336346,0,1,41,132,204,284,72.0,474.0,1590.0,3313.0,5755.0,8450.0,10.005711746415352,10.4230046645541,0,16
60000.0,40.0,Nefas - Silk Lafto,1.0,150.0,38.71525280229387,8.937081370336346,0,1,41,132,204,284,72.0,474.0,1590.0,3313.0,5755.0,8450.0,10.005711746415352,10.4230046645541,0,16
32254.0,100.0,Nefas - Silk Lafto,1.0,150.0,38.71525280229387,8.937081370336346,0,1,41,132,204,284,72.0,474.0,1590.0,3313.0,5755.0,8450.0,10.005711746415352,10.4230046645541,0,16
46555.0,100.0,Nefas - Silk Lafto,1.0,150.0,38.71525280229387,8.937081370336346,0,1,41,132,204,284,72.0,474.0,1590.0,3313.0,5755.0,8450.0,10.005711746415352,10.4230046645541,0,16
32127.0,100.0,Nefas - Silk Lafto,1.0,150.0,38.71525280229387,8.937081370336346,0,1,41,132,204,284,72.0,474.0,1590.0,3313.0,5755.0,8450.0,10.005711746415352,10.4230046645541,0,16
30040.0,100.0,Nefas - Silk Lafto,1.0,150.0,38.71525280229387,8.937081370336346,0,1,41,132,204,284,72.0,474.0,1590.0,3313.0,5755.0,8450.0,10.005711746415352,10.4230046645541,0,16
55959.0,70.0,Nefas - Silk Lafto,1.0,211.0,38.71525280229387,8.937081370336346,0,1,41,132,204,284,72.0,474.0,1590.0,3313.0,5755.0,8450.0,10.005711746415352,10.4230046645541,0,16
41000.0,100.0,Nefas - Silk Lafto,1.0,211.0,38.71525280229387,8.937081370336346,0,1,41,132,204,284,72.0,474.0,1590.0,3313.0,5755.0,8450.0,10.005711746415352,10.4230046645541,0,16
39700.0,100.0,Nefas - Silk Lafto,1.0,211.0,38.71525280229387,8.937081370336346,0,1,41,132,204,284,72.0,474.0,1590.0,3313.0,5755.0,8450.0,10.005711746415352,10.4230046645541,0,16
47000.0,100.0,Nefas - Silk Lafto,1.0,144.0,38.71525280229387,8.937081370336346,0,1,41,132,204,284,72.0,474.0,1590.0,3313.0,5755.0,8450.0,10.005711746415352,10.4230046645541,0,16
38000.0,100.0,Nefas - Silk Lafto,1.0,144.0,38.71525280229387,8.937081370336346,0,1,41,132,204,284,72.0,474.0,1590.0,3313.0,5755.0,8450.0,10.005711746415352,10.4230046645541,0,16
32000.0,100.0,Nefas - Silk Lafto,1.0,144.0,38.71525280229387,8.937081370336346,0,1,41,132,204,284,72.0,474.0,1590.0,3313.0,5755.0,8450.0,10.005711746415352,10.4230046645541,0,16
51300.0,100.0,Nefas - Silk Lafto,1.0,122.0,38.71525280229387,8.937081370336346,0,1,41,132,204,284,72.0,474.0,1590.0,3313.0,5755.0,8450.0,10.005711746415352,10.4230046645541,0,16
51112.0,100.0,Nefas - Silk Lafto,1.0,122.0,38.71525280229387,8.937081370336346,0,1,41,132,204,284,72.0,474.0,1590.0,3313.0,5755.0,8450.0,10.005711746415352,10.4230046645541,0,16
64216.0,60.0,Nefas - Silk Lafto,1.0,122.0,38.71525280229387,8.937081370336346,0,1,41,132,204,284,72.0,474.0,1590.0,3313.0,5755.0,8450.0,10.005711746415352,10.4230046645541,0,16
39955.0,100.0,Nefas - Silk Lafto,1.0,150.0,38.71525280229387,8.937081370336346,0,1,41,132,204,284,72.0,474.0,1590.0,3313.0,5755.0,8450.0,10.005711746415352,10.4230046645541,0,16
42214.0,70.0,Nefas - Silk Lafto,1.0,150.0,38.71525280229387,8.937081370336346,0,1,41,132,204,284,72.0,474.0,1590.0,3313.0,5755.0,8450.0,10.005711746415352,10.4230046645541,0,16
41100.0,51.0,Nefas - Silk Lafto,1.0,150.0,38.71525280229387,8.937081370336346,0,1,41,132,204,284,72.0,474.0,1590.0,3313.0,5755.0,8450.0,10.005711746415352,10.4230046645541,0,16
45755.0,100.0,Nefas - Silk Lafto,1.0,150.0,38.71525280229387,8.937081370336346,0,1,41,132,204,284,72.0,474.0,1590.0,3313.0,5755.0,8450.0,10.005711746415352,10.4230046645541,0,16
41804.0,100.0,Nefas - Silk Lafto,1.0,150.0,38.71525280229387,8.937081370336346,0,1,41,132,204,284,72.0,474.0,1590.0,3313.0,5755.0,8450.0,10.005711746415352,10.4230046645541,0,16
48180.0,80.0,Nefas - Silk Lafto,1.0,150.0,38.71525280229387,8.937081370336346,0,1,41,132,204,284,72.0,474.0,1590.0,3313.0,5755.0,8450.0,10.005711746415352,10.4230046645541,0,16
51200.0,100.0,Nefas - Silk Lafto,1.0,150.0,38.71525280229387,8.937081370336346,0,1,41,132,204,284,72.0,474.0,1590.0,3313.0,5755.0,8450.0,10.005711746415352,10.4230046645541,0,16
36787.0,100.0,Nefas - Silk Lafto,1.0,150.0,38.71525280229387,8.937081370336346,0,1,41,132,204,284,72.0,474.0,1590.0,3313.0,5755.0,8450.0,10.005711746415352,10.4230046645541,0,16
42214.0,70.0,Nefas - Silk Lafto,1.0,150.0,38.71525280229387,8.937081370336346,0,1,41,132,204,284,72.0,474.0,1590.0,3313.0,5755.0,8450.0,10.005711746415352,10.4230046645541,0,16
59100.0,91.0,Nefas - Silk Lafto,1.0,150.0,38.71525280229387,8.937081370336346,0,1,41,132,204,284,72.0,474.0,1590.0,3313.0,5755.0,8450.0,10.005711746415352,10.4230046645541,0,16
40119.0,100.0,Nefas - Silk Lafto,1.0,150.0,38.71525280229387,8.937081370336346,0,1,41,132,204,284,72.0,474.0,1590.0,3313.0,5755.0,8450.0,10.005711746415352,10.4230046645541,0,16
48150.0,50.0,Nefas - Silk Lafto,1.0,150.0,38.71525280229387,8.937081370336346,0,1,41,132,204,284,72.0,474.0,1590.0,3313.0,5755.0,8450.0,10.005711746415352,10.4230046645541,0,16
45810.0,81.0,Nefas - Silk Lafto,1.0,150.0,38.71525280229387,8.937081370336346,0,1,41,132,204,284,72.0,474.0,1590.0,3313.0,5755.0,8450.0,10.005711746415352,10.4230046645541,0,16
26611.0,100.0,Nefas - Silk Lafto,1.0,150.0,38.71525280229387,8.937081370336346,0,1,41,132,204,284,72.0,474.0,1590.0,3313.0,5755.0,8450.0,10.005711746415352,10.4230046645541,0,16
28000.0,40.0,Nefas - Silk Lafto,1.0,150.0,38.71525280229387,8.937081370336346,0,1,41,132,204,284,72.0,474.0,1590.0,3313.0,5755.0,8450.0,10.005711746415352,10.4230046645541,0,16
45000.0,100.0,Nefas - Silk Lafto,1.0,150.0,38.71525280229387,8.937081370336346,0,1,41,132,204,284,72.0,474.0,1590.0,3313.0,5755.0,8450.0,10.005711746415352,10.4230046645541,0,16
51121.0,50.0,Nefas - Silk Lafto,1.0,150.0,38.71525280229387,8.937081370336346,0,1,41,132,204,284,72.0,474.0,1590.0,3313.0,5755.0,8450.0,10.005711746415352,10.4230046645541,0,16
31119.0,100.0,Nefas - Silk Lafto,1.0,150.0,38.71525280229387,8.937081370336346,0,1,41,132,204,284,72.0,474.0,1590.0,3313.0,5755.0,8450.0,10.005711746415352,10.4230046645541,0,16
66483.0,100.0,Nefas - Silk Lafto,1.0,150.0,38.71525280229387,8.937081370336346,0,1,41,132,204,284,72.0,474.0,1590.0,3313.0,5755.0,8450.0,10.005711746415352,10.4230046645541,0,16
50000.0,90.0,Nefas - Silk Lafto,1.0,150.0,38.71525280229387,8.937081370336346,0,1,41,132,204,284,72.0,474.0,1590.0,3313.0,5755.0,8450.0,10.005711746415352,10.4230046645541,0,16
44200.0,100.0,Nefas - Silk Lafto,1.0,150.0,38.71525280229387,8.937081370336346,0,1,41,132,204,284,72.0,474.0,1590.0,3313.0,5755.0,8450.0,10.005711746415352,10.4230046645541,0,16
59959.0,90.0,Nefas - Silk Lafto,1.0,156.0,38.71525280229387,8.937081370336346,0,1,41,132,204,284,72.0,474.0,1590.0,3313.0,5755.0,8450.0,10.005711746415352,10.4230046645541,0,16
42667.0,100.0,Nefas - Silk Lafto,1.0,156.0,38.71525280229387,8.937081370336346,0,1,41,132,204,284,72.0,474.0,1590.0,3313.0,5755.0,8450.0,10.005711746415352,10.4230046645541,0,16
41665.0,100.0,Nefas - Silk Lafto,1.0,156.0,38.71525280229387,8.937081370336346,0,1,41,132,204,284,72.0,474.0,1590.0,3313.0,5755.0,8450.0,10.005711746415352,10.4230046645541,0,16
48205.0,100.0,Kirkos,8.0,963.0,38.76926045628582,9.014535142559252,43,130,600,1204,1602,1869,112.0,501.0,2047.0,4545.0,7530.0,10794.0,1.912338686305085,5.0122859740604015,2,47
31321.0,100.0,Kirkos,8.0,963.0,38.76926045628582,9.014535142559252,43,130,600,1204,1602,1869,112.0,501.0,2047.0,4545.0,7530.0,10794.0,1.912338686305085,5.0122859740604015,2,47
42177.0,56.0,Kirkos,8.0,963.0,38.76926045628582,9.014535142559252,43,130,600,1204,1602,1869,112.0,501.0,2047.0,4545.0,7530.0,10794.0,1.912338686305085,5.0122859740604015,2,47
94200.0,100.0,Kirkos,8.0,1094.0,38.76926045628582,9.014535142559252,43,130,600,1204,1602,1869,112.0,501.0,2047.0,4545.0,7530.0,10794.0,1.912338686305085,5.0122859740604015,2,47
77110.0,100.0,Kirkos,8.0,1094.0,38.76926045628582,9.014535142559252,43,130,600,1204,1602,1869,112.0,501.0,2047.0,4545.0,7530.0,10794.0,1.912338686305085,5.0122859740604015,2,47
101355.0,50.0,Kirkos,8.0,1094.0,38.76926045628582,9.014535142559252,43,130,600,1204,1602,1869,112.0,501.0,2047.0,4545.0,7530.0,10794.0,1.912338686305085,5.0122859740604015,2,47
86700.0,100.0,Kirkos,8.0,1274.0,38.76926045628582,9.014535142559252,43,130,600,1204,1602,1869,112.0,501.0,2047.0,4545.0,7530.0,10794.0,1.912338686305085,5.0122859740604015,2,47
58500.0,100.0,Kirkos,8.0,1274.0,38.76926045628582,9.014535142559252,43,130,600,1204,1602,1869,112.0,501.0,2047.0,4545.0,7530.0,10794.0,1.912338686305085,5.0122859740604015,2,47
65200.0,70.0,Kirkos,8.0,1274.0,38.76926045628582,9.014535142559252,43,130,600,1204,1602,1869,112.0,501.0,2047.0,4545.0,7530.0,10794.0,1.912338686305085,5.0122859740604015,2,47
102150.0,93.0,Kirkos,8.0,780.0,38.76926045628582,9.014535142559252,43,130,600,1204,1602,1869,112.0,501.0,2047.0,4545.0,7530.0,10794.0,1.912338686305085,5.0122859740604015,2,47
78100.0,100.0,Kirkos,8.0,780.0,38.76926045628582,9.014535142559252,43,130,600,1204,1602,1869,112.0,501.0,2047.0,4545.0,7530.0,10794.0,1.912338686305085,5.0122859740604015,2,47
53513.0,100.0,Kirkos,8.0,780.0,38.76926045628582,9.014535142559252,43,130,600,1204,1602,1869,112.0,501.0,2047.0,4545.0,7530.0,10794.0,1.912338686305085,5.0122859740604015,2,47
92455.0,55.0,Kirkos,8.0,649.0,38.76926045628582,9.014535142559252,43,130,600,1204,1602,1869,112.0,501.0,2047.0,4545.0,7530.0,10794.0,1.912338686305085,5.0122859740604015,2,47
62428.62,100.0,Kirkos,8.0,649.0,38.76926045628582,9.014535142559252,43,130,600,1204,1602,1869,112.0,501.0,2047.0,4545.0,7530.0,10794.0,1.912338686305085,5.0122859740604015,2,47
51300.0,100.0,Kirkos,8.0,649.0,38.76926045628582,9.014535142559252,43,130,600,1204,1602,1869,112.0,501.0,2047.0,4545.0,7530.0,10794.0,1.912338686305085,5.0122859740604015,2,47
218000.0,40.0,Kirkos,8.0,615.0,38.76926045628582,9.014535142559252,43,130,600,1204,1602,1869,112.0,501.0,2047.0,4545.0,7530.0,10794.0,1.912338686305085,5.0122859740604015,2,47
120899.0,100.0,Kirkos,8.0,615.0,38.76926045628582,9.014535142559252,43,130,600,1204,1602,1869,112.0,501.0,2047.0,4545.0,7530.0,10794.0,1.912338686305085,5.0122859740604015,2,47
110100.0,100.0,Kirkos,8.0,615.0,38.76926045628582,9.014535142559252,43,130,600,1204,1602,1869,112.0,501.0,2047.0,4545.0,7530.0,10794.0,1.912338686305085,5.0122859740604015,2,47
265000.0,45.0,Kirkos,8.0,609.0,38.76926045628582,9.014535142559252,43,130,600,1204,1602,1869,112.0,501.0,2047.0,4545.0,7530.0,10794.0,1.912338686305085,5.0122859740604015,2,47
115021.29,100.0,Kirkos,8.0,609.0,38.76926045628582,9.014535142559252,43,130,600,1204,1602,1869,112.0,501.0,2047.0,4545.0,7530.0,10794.0,1.912338686305085,5.0122859740604015,2,47
102024.0,100.0,Kirkos,8.0,609.0,38.76926045628582,9.014535142559252,43,130,600,1204,1602,1869,112.0,501.0,2047.0,4545.0,7530.0,10794.0,1.912338686305085,5.0122859740604015,2,47
67250.0,100.0,Kirkos,8.0,1487.0,38.76926045628582,9.014535142559252,43,130,600,1204,1602,1869,112.0,501.0,2047.0,4545.0,7530.0,10794.0,1.912338686305085,5.0122859740604015,2,47
87000.0,40.0,Kirkos,8.0,1487.0,38.76926045628582,9.014535142559252,43,130,600,1204,1602,1869,112.0,501.0,2047.0,4545.0,7530.0,10794.0,1.912338686305085,5.0122859740604015,2,47
50354.0,100.0,Kirkos,8.0,1487.0,38.76926045628582,9.014535142559252,43,130,600,1204,1602,1869,112.0,501.0,2047.0,4545.0,7530.0,10794.0,1.912338686305085,5.0122859740604015,2,47
30150.0,100.0,Kolfe Keranyo,5.0,299.0,38.70133998874034,8.99109133083579,0,20,69,157,325,630,137.0,567.0,2418.0,4865.0,8440.0,12430.0,6.429452086460782,10.82203097494198,12,28
33855.0,70.0,Kolfe Keranyo,5.0,299.0,38.70133998874034,8.99109133083579,0,20,69,157,325,630,137.0,567.0,2418.0,4865.0,8440.0,12430.0,6.429452086460782,10.82203097494198,12,28
33444.8,70.0,Kolfe Keranyo,5.0,299.0,38.70133998874034,8.99109133083579,0,20,69,157,325,630,137.0,567.0,2418.0,4865.0,8440.0,12430.0,6.429452086460782,10.82203097494198,12,28
37123.0,100.0,Kolfe Keranyo,5.0,539.0,38.70133998874034,8.99109133083579,0,20,69,157,325,630,137.0,567.0,2418.0,4865.0,8440.0,12430.0,6.429452086460782,10.82203097494198,12,28
41050.0,70.0,Kolfe Keranyo,5.0,539.0,38.70133998874034,8.99109133083579,0,20,69,157,325,630,137.0,567.0,2418.0,4865.0,8440.0,12430.0,6.429452086460782,10.82203097494198,12,28
30500.0,100.0,Kolfe Keranyo,5.0,539.0,38.70133998874034,8.99109133083579,0,20,69,157,325,630,137.0,567.0,2418.0,4865.0,8440.0,12430.0,6.429452086460782,10.82203097494198,12,28
31652.0,100.0,Kolfe Keranyo,5.0,579.0,38.70133998874034,8.99109133083579,0,20,69,157,325,630,137.0,567.0,2418.0,4865.0,8440.0,12430.0,6.429452086460782,10.82203097494198,12,28
26116.0,100.0,Kolfe Keranyo,5.0,579.0,38.70133998874034,8.99109133083579,0,20,69,157,325,630,137.0,567.0,2418.0,4865.0,8440.0,12430.0,6.429452086460782,10.82203097494198,12,28
25000.0,100.0,Kolfe Keranyo,5.0,579.0,38.70133998874034,8.99109133083579,0,20,69,157,325,630,137.0,567.0,2418.0,4865.0,8440.0,12430.0,6.429452086460782,10.82203097494198,12,28
83799.0,100.0,Kolfe Keranyo,6.0,180.0,38.702288591201686,9.003911166640634,1,12,56,156,354,641,201.0,689.0,2324.0,4794.0,8577.0,12643.0,5.770447782112387,10.965369101485656,12,25
75100.0,100.0,Kolfe Keranyo,6.0,180.0,38.702288591201686,9.003911166640634,1,12,56,156,354,641,201.0,689.0,2324.0,4794.0,8577.0,12643.0,5.770447782112387,10.965369101485656,12,25
72255.05,100.0,Kolfe Keranyo,6.0,180.0,38.702288591201686,9.003911166640634,1,12,56,156,354,641,201.0,689.0,2324.0,4794.0,8577.0,12643.0,5.770447782112387,10.965369101485656,12,25
72271.0,100.0,Kolfe Keranyo,6.0,155.0,38.702288591201686,9.003911166640634,1,12,56,156,354,641,201.0,689.0,2324.0,4794.0,8577.0,12643.0,5.770447782112387,10.965369101485656,12,25
71112.0,100.0,Kolfe Keranyo,6.0,155.0,38.702288591201686,9.003911166640634,1,12,56,156,354,641,201.0,689.0,2324.0,4794.0,8577.0,12643.0,5.770447782112387,10.965369101485656,12,25
67100.0,100.0,Kolfe Keranyo,6.0,155.0,38.702288591201686,9.003911166640634,1,12,56,156,354,641,201.0,689.0,2324.0,4794.0,8577.0,12643.0,5.770447782112387,10.965369101485656,12,25
47832.23,100.0,Kolfe Keranyo,6.0,314.0,38.702288591201686,9.003911166640634,1,12,56,156,354,641,201.0,689.0,2324.0,4794.0,8577.0,12643.0,5.770447782112387,10.965369101485656,12,25
45100.0,100.0,Kolfe Keranyo,6.0,314.0,38.702288591201686,9.003911166640634,1,12,56,156,354,641,201.0,689.0,2324.0,4794.0,8577.0,12643.0,5.770447782112387,10.965369101485656,12,25
62000.0,55.0,Kolfe Keranyo,6.0,314.0,38.702288591201686,9.003911166640634,1,12,56,156,354,641,201.0,689.0,2324.0,4794.0,8577.0,12643.0,5.770447782112387,10.965369101485656,12,25
11800.0,100.0,Kolfe Keranyo,3.0,379.0,38.66448576228889,8.981861901777028,0,1,13,47,93,110,150.0,547.0,1683.0,3362.0,5418.0,7718.0,10.520148786680146,14.807531542598372,10,6
16000.0,50.0,Kolfe Keranyo,3.0,379.0,38.66448576228889,8.981861901777028,0,1,13,47,93,110,150.0,547.0,1683.0,3362.0,5418.0,7718.0,10.520148786680146,14.807531542598372,10,6
15850.0,50.0,Kolfe Keranyo,3.0,379.0,38.66448576228889,8.981861901777028,0,1,13,47,93,110,150.0,547.0,1683.0,3362.0,5418.0,7718.0,10.520148786680146,14.807531542598372,10,6
34550.0,50.0,Kolfe Keranyo,3.0,169.0,38.66448576228889,8.981861901777028,0,1,13,47,93,110,150.0,547.0,1683.0,3362.0,5418.0,7718.0,10.520148786680146,14.807531542598372,10,6
20500.0,100.0,Kolfe Keranyo,3.0,169.0,38.66448576228889,8.981861901777028,0,1,13,47,93,110,150.0,547.0,1683.0,3362.0,5418.0,7718.0,10.520148786680146,14.807531542598372,10,6
31000.0,45.0,Kolfe Keranyo,3.0,169.0,38.66448576228889,8.981861901777028,0,1,13,47,93,110,150.0,547.0,1683.0,3362.0,5418.0,7718.0,10.520148786680146,14.807531542598372,10,6
35005.99,100.0,Kolfe Keranyo,3.0,372.0,38.66448576228889,8.981861901777028,0,1,13,47,93,110,150.0,547.0,1683.0,3362.0,5418.0,7718.0,10.520148786680146,14.807531542598372,10,6
32795.0,100.0,Kolfe Keranyo,3.0,372.0,38.66448576228889,8.981861901777028,0,1,13,47,93,110,150.0,547.0,1683.0,3362.0,5418.0,7718.0,10.520148786680146,14.807531542598372,10,6
29100.0,100.0,Kolfe Keranyo,3.0,372.0,38.66448576228889,8.981861901777028,0,1,13,47,93,110,150.0,547.0,1683.0,3362.0,5418.0,7718.0,10.520148786680146,14.807531542598372,10,6
53150.0,100.0,Kolfe Keranyo,3.0,123.0,38.66448576228889,8.981861901777028,0,1,13,47,93,110,150.0,547.0,1683.0,3362.0,5418.0,7718.0,10.520148786680146,14.807531542598372,10,6
41285.4,100.0,Kolfe Keranyo,3.0,123.0,38.66448576228889,8.981861901777028,0,1,13,47,93,110,150.0,547.0,1683.0,3362.0,5418.0,7718.0,10.520148786680146,14.807531542598372,10,6
33333.43,100.0,Kolfe Keranyo,3.0,123.0,38.66448576228889,8.981861901777028,0,1,13,47,93,110,150.0,547.0,1683.0,3362.0,5418.0,7718.0,10.520148786680146,14.807531542598372,10,6
72155.0,100.0,Kolfe Keranyo,7.0,161.0,38.682952902214105,9.007266440069444,5,20,41,73,143,268,301.0,980.0,2790.0,4678.0,7413.0,10417.0,7.752207159766048,13.117666611593126,3,20
70100.0,100.0,Kolfe Keranyo,7.0,161.0,38.682952902214105,9.007266440069444,5,20,41,73,143,268,301.0,980.0,2790.0,4678.0,7413.0,10417.0,7.752207159766048,13.117666611593126,3,20
70050.0,100.0,Kolfe Keranyo,7.0,161.0,38.682952902214105,9.007266440069444,5,20,41,73,143,268,301.0,980.0,2790.0,4678.0,7413.0,10417.0,7.752207159766048,13.117666611593126,3,20
69111.0,100.0,Kolfe Keranyo,7.0,162.0,38.682952902214105,9.007266440069444,5,20,41,73,143,268,301.0,980.0,2790.0,4678.0,7413.0,10417.0,7.752207159766048,13.117666611593126,3,20
65100.0,100.0,Kolfe Keranyo,7.0,162.0,38.682952902214105,9.007266440069444,5,20,41,73,143,268,301.0,980.0,2790.0,4678.0,7413.0,10417.0,7.752207159766048,13.117666611593126,3,20
56076.0,100.0,Kolfe Keranyo,7.0,162.0,38.682952902214105,9.007266440069444,5,20,41,73,143,268,301.0,980.0,2790.0,4678.0,7413.0,10417.0,7.752207159766048,13.117666611593126,3,20
36667.0,100.0,Kolfe Keranyo,5.0,411.0,38.70133998874034,8.99109133083579,0,20,69,157,325,630,137.0,567.0,2418.0,4865.0,8440.0,12430.0,6.429452086460782,10.82203097494198,12,28
35925.99,100.0,Kolfe Keranyo,5.0,411.0,38.70133998874034,8.99109133083579,0,20,69,157,325,630,137.0,567.0,2418.0,4865.0,8440.0,12430.0,6.429452086460782,10.82203097494198,12,28
32112.5,100.0,Kolfe Keranyo,5.0,411.0,38.70133998874034,8.99109133083579,0,20,69,157,325,630,137.0,567.0,2418.0,4865.0,8440.0,12430.0,6.429452086460782,10.82203097494198,12,28
51099.68,60.0,Kolfe Keranyo,5.0,371.0,38.70133998874034,8.99109133083579,0,20,69,157,325,630,137.0,567.0,2418.0,4865.0,8440.0,12430.0,6.429452086460782,10.82203097494198,12,28
33500.0,100.0,Kolfe Keranyo,5.0,371.0,38.70133998874034,8.99109133083579,0,20,69,157,325,630,137.0,567.0,2418.0,4865.0,8440.0,12430.0,6.429452086460782,10.82203097494198,12,28
32121.0,100.0,Kolfe Keranyo,5.0,371.0,38.70133998874034,8.99109133083579,0,20,69,157,325,630,137.0,567.0,2418.0,4865.0,8440.0,12430.0,6.429452086460782,10.82203097494198,12,28
35749.0,100.0,Kolfe Keranyo,5.0,493.0,38.70133998874034,8.99109133083579,0,20,69,157,325,630,137.0,567.0,2418.0,4865.0,8440.0,12430.0,6.429452086460782,10.82203097494198,12,28
32300.0,100.0,Kolfe Keranyo,5.0,493.0,38.70133998874034,8.99109133083579,0,20,69,157,325,630,137.0,567.0,2418.0,4865.0,8440.0,12430.0,6.429452086460782,10.82203097494198,12,28
36000.0,50.0,Kolfe Keranyo,5.0,493.0,38.70133998874034,8.99109133083579,0,20,69,157,325,630,137.0,567.0,2418.0,4865.0,8440.0,12430.0,6.429452086460782,10.82203097494198,12,28
35150.0,100.0,Kolfe Keranyo,11.0,239.0,38.69151415483088,9.03730402006131,1,5,22,67,199,365,175.0,594.0,1835.0,4269.0,7526.0,11036.0,6.993307106017576,13.411908044571168,3,15
33472.8,100.0,Kolfe Keranyo,11.0,239.0,38.69151415483088,9.03730402006131,1,5,22,67,199,365,175.0,594.0,1835.0,4269.0,7526.0,11036.0,6.993307106017576,13.411908044571168,3,15
27060.0,70.0,Kolfe Keranyo,11.0,239.0,38.69151415483088,9.03730402006131,1,5,22,67,199,365,175.0,594.0,1835.0,4269.0,7526.0,11036.0,6.993307106017576,13.411908044571168,3,15
35100.0,50.0,Kolfe Keranyo,2.0,363.0,38.68585867806747,8.966409373406625,0,4,51,76,167,291,102.0,308.0,1770.0,3953.0,6685.0,10117.0,9.38224769815396,12.559228651494386,10,17
15000.0,100.0,Kolfe Keranyo,2.0,363.0,38.68585867806747,8.966409373406625,0,4,51,76,167,291,102.0,308.0,1770.0,3953.0,6685.0,10117.0,9.38224769815396,12.559228651494386,10,17
25000.0,40.0,Kolfe Keranyo,2.0,363.0,38.68585867806747,8.966409373406625,0,4,51,76,167,291,102.0,308.0,1770.0,3953.0,6685.0,10117.0,9.38224769815396,12.559228651494386,10,17
73426.05,100.0,Kolfe Keranyo,5.0,117.0,38.70133998874034,8.99109133083579,0,20,69,157,325,630,137.0,567.0,2418.0,4865.0,8440.0,12430.0,6.429452086460782,10.82203097494198,12,28
70200.0,100.0,Kolfe Keranyo,5.0,117.0,38.70133998874034,8.99109133083579,0,20,69,157,325,630,137.0,567.0,2418.0,4865.0,8440.0,12430.0,6.429452086460782,10.82203097494198,12,28
58000.0,100.0,Kolfe Keranyo,5.0,117.0,38.70133998874034,8.99109133083579,0,20,69,157,325,630,137.0,567.0,2418.0,4865.0,8440.0,12430.0,6.429452086460782,10.82203097494198,12,28
68100.0,52.0,Kolfe Keranyo,5.0,183.0,38.70133998874034,8.99109133083579,0,20,69,157,325,630,137.0,567.0,2418.0,4865.0,8440.0,12430.0,6.429452086460782,10.82203097494198,12,28
42590.28,100.0,Kolfe Keranyo,5.0,183.0,38.70133998874034,8.99109133083579,0,20,69,157,325,630,137.0,567.0,2418.0,4865.0,8440.0,12430.0,6.429452086460782,10.82203097494198,12,28
40500.0,50.0,Kolfe Keranyo,5.0,183.0,38.70133998874034,8.99109133083579,0,20,69,157,325,630,137.0,567.0,2418.0,4865.0,8440.0,12430.0,6.429452086460782,10.82203097494198,12,28
60119.0,100.0,Kolfe Keranyo,7.0,106.0,38.682952902214105,9.007266440069444,5,20,41,73,143,268,301.0,980.0,2790.0,4678.0,7413.0,10417.0,7.752207159766048,13.117666611593126,3,20
50235.85,100.0,Kolfe Keranyo,7.0,106.0,38.682952902214105,9.007266440069444,5,20,41,73,143,268,301.0,980.0,2790.0,4678.0,7413.0,10417.0,7.752207159766048,13.117666611593126,3,20
50100.0,100.0,Kolfe Keranyo,7.0,106.0,38.682952902214105,9.007266440069444,5,20,41,73,143,268,301.0,980.0,2790.0,4678.0,7413.0,10417.0,7.752207159766048,13.117666611593126,3,20
110000.0,65.0,Gulele,9.0,119.0,38.727334504102615,9.052577147288106,17,52,146,342,605,923,160.0,687.0,2394.0,4680.0,7085.0,9952.0,4.627252723136542,11.24803484834284,6,27
71119.0,100.0,Gulele,9.0,119.0,38.727334504102615,9.052577147288106,17,52,146,342,605,923,160.0,687.0,2394.0,4680.0,7085.0,9952.0,4.627252723136542,11.24803484834284,6,27
71010.0,100.0,Gulele,9.0,119.0,38.727334504102615,9.052577147288106,17,52,146,342,605,923,160.0,687.0,2394.0,4680.0,7085.0,9952.0,4.627252723136542,11.24803484834284,6,27
54016.0,60.0,Gulele,8.0,149.0,38.73134628238545,9.066191460917656,7,21,70,160,463,635,297.0,771.0,1863.0,3347.0,5551.0,8068.0,5.718299245570437,12.094214865615722,6,28
33112.12,100.0,Gulele,8.0,149.0,38.73134628238545,9.066191460917656,7,21,70,160,463,635,297.0,771.0,1863.0,3347.0,5551.0,8068.0,5.718299245570437,12.094214865615722,6,28
25500.0,100.0,Gulele,8.0,149.0,38.73134628238545,9.066191460917656,7,21,70,160,463,635,297.0,771.0,1863.0,3347.0,5551.0,8068.0,5.718299245570437,12.094214865615722,6,28
71100.0,80.0,Gulele,8.0,81.0,38.73134628238545,9.066191460917656,7,21,70,160,463,635,297.0,771.0,1863.0,3347.0,5551.0,8068.0,5.718299245570437,12.094214865615722,6,28
75019.0,50.0,Gulele,8.0,81.0,38.73134628238545,9.066191460917656,7,21,70,160,463,635,297.0,771.0,1863.0,3347.0,5551.0,8068.0,5.718299245570437,12.094214865615722,6,28
44027.0,100.0,Gulele,8.0,81.0,38.73134628238545,9.066191460917656,7,21,70,160,463,635,297.0,771.0,1863.0,3347.0,5551.0,8068.0,5.718299245570437,12.094214865615722,6,28
41100.0,100.0,Yeka,10.0,384.0,38.81551144932411,9.05976397126058,0,0,2,12,79,355,47.0,101.0,427.0,1076.0,2480.0,4902.0,8.259820379531071,8.980864821038413,8,2
40027.0,100.0,Yeka,10.0,384.0,38.81551144932411,9.05976397126058,0,0,2,12,79,355,47.0,101.0,427.0,1076.0,2480.0,4902.0,8.259820379531071,8.980864821038413,8,2
53220.0,61.0,Yeka,10.0,384.0,38.81551144932411,9.05976397126058,0,0,2,12,79,355,47.0,101.0,427.0,1076.0,2480.0,4902.0,8.259820379531071,8.980864821038413,8,2
60110.0,100.0,Yeka,8.0,739.0,38.79147005819739,9.020790152983842,34,126,321,754,1165,1598,185.0,623.0,1949.0,3836.0,6627.0,10133.0,4.283337231277954,4.550924360695854,5,40
99998.0,40.0,Yeka,8.0,739.0,38.79147005819739,9.020790152983842,34,126,321,754,1165,1598,185.0,623.0,1949.0,3836.0,6627.0,10133.0,4.283337231277954,4.550924360695854,5,40
55500.0,100.0,Yeka,8.0,739.0,38.79147005819739,9.020790152983842,34,126,321,754,1165,1598,185.0,623.0,1949.0,3836.0,6627.0,10133.0,4.283337231277954,4.550924360695854,5,40
51110.0,100.0,Yeka,8.0,591.0,38.79147005819739,9.020790152983842,34,126,321,754,1165,1598,185.0,623.0,1949.0,3836.0,6627.0,10133.0,4.283337231277954,4.550924360695854,5,40
62000.0,62.0,Yeka,8.0,591.0,38.79147005819739,9.020790152983842,34,126,321,754,1165,1598,185.0,623.0,1949.0,3836.0,6627.0,10133.0,4.283337231277954,4.550924360695854,5,40
45420.15,100.0,Yeka,8.0,591.0,38.79147005819739,9.020790152983842,34,126,321,754,1165,1598,185.0,623.0,1949.0,3836.0,6627.0,10133.0,4.283337231277954,4.550924360695854,5,40
61000.0,100.0,Yeka,8.0,594.0,38.79147005819739,9.020790152983842,34,126,321,754,1165,1598,185.0,623.0,1949.0,3836.0,6627.0,10133.0,4.283337231277954,4.550924360695854,5,40
51600.0,100.0,Yeka,8.0,594.0,38.79147005819739,9.020790152983842,34,126,321,754,1165,1598,185.0,623.0,1949.0,3836.0,6627.0,10133.0,4.283337231277954,4.550924360695854,5,40
49000.0,100.0,Yeka,8.0,594.0,38.79147005819739,9.020790152983842,34,126,321,754,1165,1598,185.0,623.0,1949.0,3836.0,6627.0,10133.0,4.283337231277954,4.550924360695854,5,40
65916.0,75.0,Yeka,8.0,622.0,38.79147005819739,9.020790152983842,34,126,321,754,1165,1598,185.0,623.0,1949.0,3836.0,6627.0,10133.0,4.283337231277954,4.550924360695854,5,40
42500.0,100.0,Yeka,8.0,622.0,38.79147005819739,9.020790152983842,34,126,321,754,1165,1598,185.0,623.0,1949.0,3836.0,6627.0,10133.0,4.283337231277954,4.550924360695854,5,40
40200.0,100.0,Yeka,8.0,622.0,38.79147005819739,9.020790152983842,34,126,321,754,1165,1598,185.0,623.0,1949.0,3836.0,6627.0,10133.0,4.283337231277954,4.550924360695854,5,40
50600.0,100.0,Yeka,8.0,596.0,38.79147005819739,9.020790152983842,34,126,321,754,1165,1598,185.0,623.0,1949.0,3836.0,6627.0,10133.0,4.283337231277954,4.550924360695854,5,40
36100.0,100.0,Yeka,8.0,596.0,38.79147005819739,9.020790152983842,34,126,321,754,1165,1598,185.0,623.0,1949.0,3836.0,6627.0,10133.0,4.283337231277954,4.550924360695854,5,40
53000.0,50.0,Yeka,8.0,596.0,38.79147005819739,9.020790152983842,34,126,321,754,1165,1598,185.0,623.0,1949.0,3836.0,6627.0,10133.0,4.283337231277954,4.550924360695854,5,40
51000.0,100.0,Yeka,5.0,1273.0,38.79868382957799,9.03445539174537,0,6,134,335,765,1243,44.0,170.0,1126.0,3240.0,5774.0,8898.0,5.34796401718226,5.988828661880962,5,28
80000.0,40.0,Yeka,5.0,1273.0,38.79868382957799,9.03445539174537,0,6,134,335,765,1243,44.0,170.0,1126.0,3240.0,5774.0,8898.0,5.34796401718226,5.988828661880962,5,28
23566.38,100.0,Yeka,5.0,1273.0,38.79868382957799,9.03445539174537,0,6,134,335,765,1243,44.0,170.0,1126.0,3240.0,5774.0,8898.0,5.34796401718226,5.988828661880962,5,28
23525.0,60.0,Yeka,5.0,1798.0,38.79868382957799,9.03445539174537,0,6,134,335,765,1243,44.0,170.0,1126.0,3240.0,5774.0,8898.0,5.34796401718226,5.988828661880962,5,28
24189.66,40.0,Yeka,5.0,1798.0,38.79868382957799,9.03445539174537,0,6,134,335,765,1243,44.0,170.0,1126.0,3240.0,5774.0,8898.0,5.34796401718226,5.988828661880962,5,28
16000.0,40.0,Yeka,5.0,1798.0,38.79868382957799,9.03445539174537,0,6,134,335,765,1243,44.0,170.0,1126.0,3240.0,5774.0,8898.0,5.34796401718226,5.988828661880962,5,28
109999.0,100.0,Yeka,9.0,2515.0,38.81945709608729,9.027805099951848,3,27,95,262,563,888,94.0,396.0,1544.0,3493.0,6175.0,9091.0,7.41514140723133,5.6966949075095865,5,32
47000.0,100.0,Yeka,9.0,2515.0,38.81945709608729,9.027805099951848,3,27,95,262,563,888,94.0,396.0,1544.0,3493.0,6175.0,9091.0,7.41514140723133,5.6966949075095865,5,32
83000.0,40.0,Yeka,9.0,2515.0,38.81945709608729,9.027805099951848,3,27,95,262,563,888,94.0,396.0,1544.0,3493.0,6175.0,9091.0,7.41514140723133,5.6966949075095865,5,32
81000.0,40.0,Yeka,9.0,2493.0,38.81945709608729,9.027805099951848,3,27,95,262,563,888,94.0,396.0,1544.0,3493.0,6175.0,9091.0,7.41514140723133,5.6966949075095865,5,32
47000.0,100.0,Yeka,9.0,2493.0,38.81945709608729,9.027805099951848,3,27,95,262,563,888,94.0,396.0,1544.0,3493.0,6175.0,9091.0,7.41514140723133,5.6966949075095865,5,32
75000.0,40.0,Yeka,9.0,2493.0,38.81945709608729,9.027805099951848,3,27,95,262,563,888,94.0,396.0,1544.0,3493.0,6175.0,9091.0,7.41514140723133,5.6966949075095865,5,32
86000.0,42.0,Yeka,9.0,2510.0,38.81945709608729,9.027805099951848,3,27,95,262,563,888,94.0,396.0,1544.0,3493.0,6175.0,9091.0,7.41514140723133,5.6966949075095865,5,32
84000.0,40.0,Yeka,9.0,2510.0,38.81945709608729,9.027805099951848,3,27,95,262,563,888,94.0,396.0,1544.0,3493.0,6175.0,9091.0,7.41514140723133,5.6966949075095865,5,32
49000.0,100.0,Yeka,9.0,2510.0,38.81945709608729,9.027805099951848,3,27,95,262,563,888,94.0,396.0,1544.0,3493.0,6175.0,9091.0,7.41514140723133,5.6966949075095865,5,32
67000.0,70.0,Yeka,9.0,2503.0,38.81945709608729,9.027805099951848,3,27,95,262,563,888,94.0,396.0,1544.0,3493.0,6175.0,9091.0,7.41514140723133,5.6966949075095865,5,32
81000.0,40.0,Yeka,9.0,2503.0,38.81945709608729,9.027805099951848,3,27,95,262,563,888,94.0,396.0,1544.0,3493.0,6175.0,9091.0,7.41514140723133,5.6966949075095865,5,32
45000.0,100.0,Yeka,9.0,2503.0,38.81945709608729,9.027805099951848,3,27,95,262,563,888,94.0,396.0,1544.0,3493.0,6175.0,9091.0,7.41514140723133,5.6966949075095865,5,32
82000.0,40.0,Yeka,9.0,1696.0,38.81945709608729,9.027805099951848,3,27,95,262,563,888,94.0,396.0,1544.0,3493.0,6175.0,9091.0,7.41514140723133,5.6966949075095865,5,32
27100.0,100.0,Yeka,9.0,1696.0,38.81945709608729,9.027805099951848,3,27,95,262,563,888,94.0,396.0,1544.0,3493.0,6175.0,9091.0,7.41514140723133,5.6966949075095865,5,32
25112.0,100.0,Yeka,9.0,1696.0,38.81945709608729,9.027805099951848,3,27,95,262,563,888,94.0,396.0,1544.0,3493.0,6175.0,9091.0,7.41514140723133,5.6966949075095865,5,32
63111.0,100.0,Yeka,7.0,1615.0,38.781542148255646,9.022844108010592,35,118,391,832,1393,1728,147.0,619.0,1939.0,3710.0,6920.0,10665.0,3.2150327347303422,5.086102699410202,5,43
55150.0,52.0,Yeka,7.0,1615.0,38.781542148255646,9.022844108010592,35,118,391,832,1393,1728,147.0,619.0,1939.0,3710.0,6920.0,10665.0,3.2150327347303422,5.086102699410202,5,43
37777.0,50.0,Yeka,7.0,1615.0,38.781542148255646,9.022844108010592,35,118,391,832,1393,1728,147.0,619.0,1939.0,3710.0,6920.0,10665.0,3.2150327347303422,5.086102699410202,5,43
21550.0,100.0,Akaki Kality,9.0,586.0,38.82570107346104,8.890751016621174,0,0,16,25,32,50,47.0,145.0,661.0,1572.0,2332.0,3051.0,16.390488571348776,10.403139734210335,11,14
18100.0,100.0,Akaki Kality,9.0,586.0,38.82570107346104,8.890751016621174,0,0,16,25,32,50,47.0,145.0,661.0,1572.0,2332.0,3051.0,16.390488571348776,10.403139734210335,11,14
21312.55,100.0,Akaki Kality,9.0,586.0,38.82570107346104,8.890751016621174,0,0,16,25,32,50,47.0,145.0,661.0,1572.0,2332.0,3051.0,16.390488571348776,10.403139734210335,11,14
18500.0,100.0,Akaki Kality,9.0,511.0,38.82570107346104,8.890751016621174,0,0,16,25,32,50,47.0,145.0,661.0,1572.0,2332.0,3051.0,16.390488571348776,10.403139734210335,11,14
26000.0,100.0,Akaki Kality,9.0,511.0,38.82570107346104,8.890751016621174,0,0,16,25,32,50,47.0,145.0,661.0,1572.0,2332.0,3051.0,16.390488571348776,10.403139734210335,11,14
25125.75,100.0,Akaki Kality,9.0,511.0,38.82570107346104,8.890751016621174,0,0,16,25,32,50,47.0,145.0,661.0,1572.0,2332.0,3051.0,16.390488571348776,10.403139734210335,11,14
46100.0,100.0,Akaki Kality,4.0,132.0,38.76162967755072,8.878099647196903,4,13,33,69,82,100,53.0,207.0,678.0,1438.0,2262.0,3466.0,15.721658669483254,12.12544200092115,7,15
31529.0,100.0,Akaki Kality,4.0,132.0,38.76162967755072,8.878099647196903,4,13,33,69,82,100,53.0,207.0,678.0,1438.0,2262.0,3466.0,15.721658669483254,12.12544200092115,7,15
36519.12,100.0,Akaki Kality,4.0,132.0,38.76162967755072,8.878099647196903,4,13,33,69,82,100,53.0,207.0,678.0,1438.0,2262.0,3466.0,15.721658669483254,12.12544200092115,7,15
42107.07,100.0,Akaki Kality,4.0,132.0,38.76162967755072,8.878099647196903,4,13,33,69,82,100,53.0,207.0,678.0,1438.0,2262.0,3466.0,15.721658669483254,12.12544200092115,7,15
29385.0,100.0,Akaki Kality,4.0,132.0,38.76162967755072,8.878099647196903,4,13,33,69,82,100,53.0,207.0,678.0,1438.0,2262.0,3466.0,15.721658669483254,12.12544200092115,7,15
27160.0,100.0,Akaki Kality,4.0,132.0,38.76162967755072,8.878099647196903,4,13,33,69,82,100,53.0,207.0,678.0,1438.0,2262.0,3466.0,15.721658669483254,12.12544200092115,7,15
42111.0,100.0,Akaki Kality,4.0,173.0,38.76162967755072,8.878099647196903,4,13,33,69,82,100,53.0,207.0,678.0,1438.0,2262.0,3466.0,15.721658669483254,12.12544200092115,7,15
26026.26,100.0,Akaki Kality,4.0,173.0,38.76162967755072,8.878099647196903,4,13,33,69,82,100,53.0,207.0,678.0,1438.0,2262.0,3466.0,15.721658669483254,12.12544200092115,7,15
25456.25,100.0,Akaki Kality,4.0,173.0,38.76162967755072,8.878099647196903,4,13,33,69,82,100,53.0,207.0,678.0,1438.0,2262.0,3466.0,15.721658669483254,12.12544200092115,7,15
44700.0,100.0,Akaki Kality,4.0,170.0,38.76162967755072,8.878099647196903,4,13,33,69,82,100,53.0,207.0,678.0,1438.0,2262.0,3466.0,15.721658669483254,12.12544200092115,7,15
21150.0,100.0,Akaki Kality,4.0,170.0,38.76162967755072,8.878099647196903,4,13,33,69,82,100,53.0,207.0,678.0,1438.0,2262.0,3466.0,15.721658669483254,12.12544200092115,7,15
17286.0,100.0,Akaki Kality,4.0,170.0,38.76162967755072,8.878099647196903,4,13,33,69,82,100,53.0,207.0,678.0,1438.0,2262.0,3466.0,15.721658669483254,12.12544200092115,7,15
17621.0,100.0,Akaki Kality,4.0,609.0,38.76162967755072,8.878099647196903,4,13,33,69,82,100,53.0,207.0,678.0,1438.0,2262.0,3466.0,15.721658669483254,12.12544200092115,7,15
16100.0,100.0,Akaki Kality,4.0,609.0,38.76162967755072,8.878099647196903,4,13,33,69,82,100,53.0,207.0,678.0,1438.0,2262.0,3466.0,15.721658669483254,12.12544200092115,7,15
8550.0,100.0,Akaki Kality,4.0,609.0,38.76162967755072,8.878099647196903,4,13,33,69,82,100,53.0,207.0,678.0,1438.0,2262.0,3466.0,15.721658669483254,12.12544200092115,7,15
17321.0,100.0,Akaki Kality,4.0,803.0,38.76162967755072,8.878099647196903,4,13,33,69,82,100,53.0,207.0,678.0,1438.0,2262.0,3466.0,15.721658669483254,12.12544200092115,7,15
12880.0,100.0,Akaki Kality,4.0,803.0,38.76162967755072,8.878099647196903,4,13,33,69,82,100,53.0,207.0,678.0,1438.0,2262.0,3466.0,15.721658669483254,12.12544200092115,7,15
12100.0,100.0,Akaki Kality,4.0,803.0,38.76162967755072,8.878099647196903,4,13,33,69,82,100,53.0,207.0,678.0,1438.0,2262.0,3466.0,15.721658669483254,12.12544200092115,7,15
27000.0,100.0,Akaki Kality,4.0,667.0,38.76162967755072,8.878099647196903,4,13,33,69,82,100,53.0,207.0,678.0,1438.0,2262.0,3466.0,15.721658669483254,12.12544200092115,7,15
15657.0,100.0,Akaki Kality,4.0,667.0,38.76162967755072,8.878099647196903,4,13,33,69,82,100,53.0,207.0,678.0,1438.0,2262.0,3466.0,15.721658669483254,12.12544200092115,7,15
13000.0,100.0,Akaki Kality,4.0,667.0,38.76162967755072,8.878099647196903,4,13,33,69,82,100,53.0,207.0,678.0,1438.0,2262.0,3466.0,15.721658669483254,12.12544200092115,7,15
28333.0,100.0,Akaki Kality,4.0,714.0,38.76162967755072,8.878099647196903,4,13,33,69,82,100,53.0,207.0,678.0,1438.0,2262.0,3466.0,15.721658669483254,12.12544200092115,7,15
16629.0,100.0,Akaki Kality,4.0,714.0,38.76162967755072,8.878099647196903,4,13,33,69,82,100,53.0,207.0,678.0,1438.0,2262.0,3466.0,15.721658669483254,12.12544200092115,7,15
8000.0,100.0,Akaki Kality,4.0,714.0,38.76162967755072,8.878099647196903,4,13,33,69,82,100,53.0,207.0,678.0,1438.0,2262.0,3466.0,15.721658669483254,12.12544200092115,7,15
29008.25,100.0,Akaki Kality,4.0,606.0,38.76162967755072,8.878099647196903,4,13,33,69,82,100,53.0,207.0,678.0,1438.0,2262.0,3466.0,15.721658669483254,12.12544200092115,7,15
26733.0,100.0,Akaki Kality,4.0,606.0,38.76162967755072,8.878099647196903,4,13,33,69,82,100,53.0,207.0,678.0,1438.0,2262.0,3466.0,15.721658669483254,12.12544200092115,7,15
21550.0,100.0,Akaki Kality,4.0,606.0,38.76162967755072,8.878099647196903,4,13,33,69,82,100,53.0,207.0,678.0,1438.0,2262.0,3466.0,15.721658669483254,12.12544200092115,7,15
23200.0,100.0,Akaki Kality,1.0,540.0,38.79769047574577,8.871845782757074,0,8,37,73,108,121,181.0,567.0,1559.0,2513.0,3366.0,4271.0,17.12043187299996,12.094209608271989,4,21
16000.0,100.0,Akaki Kality,1.0,540.0,38.79769047574577,8.871845782757074,0,8,37,73,108,121,181.0,567.0,1559.0,2513.0,3366.0,4271.0,17.12043187299996,12.094209608271989,4,21
10088.0,100.0,Akaki Kality,1.0,540.0,38.79769047574577,8.871845782757074,0,8,37,73,108,121,181.0,567.0,1559.0,2513.0,3366.0,4271.0,17.12043187299996,12.094209608271989,4,21
30160.0,100.0,Akaki Kality,1.0,473.0,38.79769047574577,8.871845782757074,0,8,37,73,108,121,181.0,567.0,1559.0,2513.0,3366.0,4271.0,17.12043187299996,12.094209608271989,4,21
18777.0,100.0,Akaki Kality,1.0,473.0,38.79769047574577,8.871845782757074,0,8,37,73,108,121,181.0,567.0,1559.0,2513.0,3366.0,4271.0,17.12043187299996,12.094209608271989,4,21
18300.0,100.0,Akaki Kality,1.0,473.0,38.79769047574577,8.871845782757074,0,8,37,73,108,121,181.0,567.0,1559.0,2513.0,3366.0,4271.0,17.12043187299996,12.094209608271989,4,21
23226.0,100.0,Akaki Kality,1.0,412.0,38.79769047574577,8.871845782757074,0,8,37,73,108,121,181.0,567.0,1559.0,2513.0,3366.0,4271.0,17.12043187299996,12.094209608271989,4,21
29500.0,100.0,Akaki Kality,1.0,412.0,38.79769047574577,8.871845782757074,0,8,37,73,108,121,181.0,567.0,1559.0,2513.0,3366.0,4271.0,17.12043187299996,12.094209608271989,4,21
10990.62,100.0,Akaki Kality,1.0,412.0,38.79769047574577,8.871845782757074,0,8,37,73,108,121,181.0,567.0,1559.0,2513.0,3366.0,4271.0,17.12043187299996,12.094209608271989,4,21
42251.21,100.0,Akaki Kality,1.0,154.0,38.79769047574577,8.871845782757074,0,8,37,73,108,121,181.0,567.0,1559.0,2513.0,3366.0,4271.0,17.12043187299996,12.094209608271989,4,21
33333.33,100.0,Akaki Kality,1.0,154.0,38.79769047574577,8.871845782757074,0,8,37,73,108,121,181.0,567.0,1559.0,2513.0,3366.0,4271.0,17.12043187299996,12.094209608271989,4,21
37121.0,100.0,Akaki Kality,1.0,154.0,38.79769047574577,8.871845782757074,0,8,37,73,108,121,181.0,567.0,1559.0,2513.0,3366.0,4271.0,17.12043187299996,12.094209608271989,4,21
45621.19,100.0,Akaki Kality,1.0,127.0,38.79769047574577,8.871845782757074,0,8,37,73,108,121,181.0,567.0,1559.0,2513.0,3366.0,4271.0,17.12043187299996,12.094209608271989,4,21
32283.46,100.0,Akaki Kality,1.0,127.0,38.79769047574577,8.871845782757074,0,8,37,73,108,121,181.0,567.0,1559.0,2513.0,3366.0,4271.0,17.12043187299996,12.094209608271989,4,21
45012.0,100.0,Akaki Kality,1.0,127.0,38.79769047574577,8.871845782757074,0,8,37,73,108,121,181.0,567.0,1559.0,2513.0,3366.0,4271.0,17.12043187299996,12.094209608271989,4,21
31520.0,100.0,Akaki Kality,4.0,217.0,38.76162967755072,8.878099647196903,4,13,33,69,82,100,53.0,207.0,678.0,1438.0,2262.0,3466.0,15.721658669483254,12.12544200092115,7,15
21510.0,100.0,Akaki Kality,4.0,217.0,38.76162967755072,8.878099647196903,4,13,33,69,82,100,53.0,207.0,678.0,1438.0,2262.0,3466.0,15.721658669483254,12.12544200092115,7,15
21200.0,100.0,Akaki Kality,4.0,217.0,38.76162967755072,8.878099647196903,4,13,33,69,82,100,53.0,207.0,678.0,1438.0,2262.0,3466.0,15.721658669483254,12.12544200092115,7,15
25699.0,100.0,Akaki Kality,4.0,1309.0,38.76162967755072,8.878099647196903,4,13,33,69,82,100,53.0,207.0,678.0,1438.0,2262.0,3466.0,15.721658669483254,12.12544200092115,7,15
9950.5,100.0,Akaki Kality,4.0,1309.0,38.76162967755072,8.878099647196903,4,13,33,69,82,100,53.0,207.0,678.0,1438.0,2262.0,3466.0,15.721658669483254,12.12544200092115,7,15
9629.0,100.0,Akaki Kality,4.0,1309.0,38.76162967755072,8.878099647196903,4,13,33,69,82,100,53.0,207.0,678.0,1438.0,2262.0,3466.0,15.721658669483254,12.12544200092115,7,15
26301.0,100.0,Akaki Kality,4.0,1309.0,38.76162967755072,8.878099647196903,4,13,33,69,82,100,53.0,207.0,678.0,1438.0,2262.0,3466.0,15.721658669483254,12.12544200092115,7,15
13233.0,100.0,Akaki Kality,4.0,1225.0,38.76162967755072,8.878099647196903,4,13,33,69,82,100,53.0,207.0,678.0,1438.0,2262.0,3466.0,15.721658669483254,12.12544200092115,7,15
11493.83,100.0,Akaki Kality,4.0,1225.0,38.76162967755072,8.878099647196903,4,13,33,69,82,100,53.0,207.0,678.0,1438.0,2262.0,3466.0,15.721658669483254,12.12544200092115,7,15
25215.0,100.0,Akaki Kality,4.0,244.0,38.76162967755072,8.878099647196903,4,13,33,69,82,100,53.0,207.0,678.0,1438.0,2262.0,3466.0,15.721658669483254,12.12544200092115,7,15
25000.0,100.0,Akaki Kality,4.0,244.0,38.76162967755072,8.878099647196903,4,13,33,69,82,100,53.0,207.0,678.0,1438.0,2262.0,3466.0,15.721658669483254,12.12544200092115,7,15
41113.0,100.0,Akaki Kality,4.0,244.0,38.76162967755072,8.878099647196903,4,13,33,69,82,100,53.0,207.0,678.0,1438.0,2262.0,3466.0,15.721658669483254,12.12544200092115,7,15
27659.0,100.0,Akaki Kality,4.0,250.0,38.76162967755072,8.878099647196903,4,13,33,69,82,100,53.0,207.0,678.0,1438.0,2262.0,3466.0,15.721658669483254,12.12544200092115,7,15
20100.0,100.0,Akaki Kality,4.0,250.0,38.76162967755072,8.878099647196903,4,13,33,69,82,100,53.0,207.0,678.0,1438.0,2262.0,3466.0,15.721658669483254,12.12544200092115,7,15
10000.0,100.0,Akaki Kality,4.0,250.0,38.76162967755072,8.878099647196903,4,13,33,69,82,100,53.0,207.0,678.0,1438.0,2262.0,3466.0,15.721658669483254,12.12544200092115,7,15
27621.0,100.0,Akaki Kality,4.0,350.0,38.76162967755072,8.878099647196903,4,13,33,69,82,100,53.0,207.0,678.0,1438.0,2262.0,3466.0,15.721658669483254,12.12544200092115,7,15
25511.0,100.0,Akaki Kality,4.0,350.0,38.76162967755072,8.878099647196903,4,13,33,69,82,100,53.0,207.0,678.0,1438.0,2262.0,3466.0,15.721658669483254,12.12544200092115,7,15
25000.0,100.0,Akaki Kality,4.0,350.0,38.76162967755072,8.878099647196903,4,13,33,69,82,100,53.0,207.0,678.0,1438.0,2262.0,3466.0,15.721658669483254,12.12544200092115,7,15
26775.0,100.0,Akaki Kality,4.0,350.0,38.76162967755072,8.878099647196903,4,13,33,69,82,100,53.0,207.0,678.0,1438.0,2262.0,3466.0,15.721658669483254,12.12544200092115,7,15
17000.0,100.0,Akaki Kality,4.0,350.0,38.76162967755072,8.878099647196903,4,13,33,69,82,100,53.0,207.0,678.0,1438.0,2262.0,3466.0,15.721658669483254,12.12544200092115,7,15
12910.0,100.0,Akaki Kality,4.0,350.0,38.76162967755072,8.878099647196903,4,13,33,69,82,100,53.0,207.0,678.0,1438.0,2262.0,3466.0,15.721658669483254,12.12544200092115,7,15
26109.0,100.0,Akaki Kality,2.0,1728.0,38.80014513086449,8.84933284654248,0,2,11,28,59,77,10.0,113.0,827.0,1898.0,2690.0,3367.0,19.600027975680334,14.596536746406308,9,7
18619.0,100.0,Akaki Kality,2.0,1728.0,38.80014513086449,8.84933284654248,0,2,11,28,59,77,10.0,113.0,827.0,1898.0,2690.0,3367.0,19.600027975680334,14.596536746406308,9,7
14557.0,100.0,Akaki Kality,2.0,1728.0,38.80014513086449,8.84933284654248,0,2,11,28,59,77,10.0,113.0,827.0,1898.0,2690.0,3367.0,19.600027975680334,14.596536746406308,9,7
21557.0,100.0,Akaki Kality,2.0,958.0,38.80014513086449,8.84933284654248,0,2,11,28,59,77,10.0,113.0,827.0,1898.0,2690.0,3367.0,19.600027975680334,14.596536746406308,9,7
20799.0,100.0,Akaki Kality,2.0,958.0,38.80014513086449,8.84933284654248,0,2,11,28,59,77,10.0,113.0,827.0,1898.0,2690.0,3367.0,19.600027975680334,14.596536746406308,9,7
17021.0,100.0,Akaki Kality,2.0,958.0,38.80014513086449,8.84933284654248,0,2,11,28,59,77,10.0,113.0,827.0,1898.0,2690.0,3367.0,19.600027975680334,14.596536746406308,9,7
25000.0,100.0,Akaki Kality,2.0,199.0,38.80014513086449,8.84933284654248,0,2,11,28,59,77,10.0,113.0,827.0,1898.0,2690.0,3367.0,19.600027975680334,14.596536746406308,9,7
28550.0,100.0,Akaki Kality,2.0,199.0,38.80014513086449,8.84933284654248,0,2,11,28,59,77,10.0,113.0,827.0,1898.0,2690.0,3367.0,19.600027975680334,14.596536746406308,9,7
20200.0,100.0,Akaki Kality,2.0,199.0,38.80014513086449,8.84933284654248,0,2,11,28,59,77,10.0,113.0,827.0,1898.0,2690.0,3367.0,19.600027975680334,14.596536746406308,9,7
19800.0,100.0,Akaki Kality,2.0,202.0,38.80014513086449,8.84933284654248,0,2,11,28,59,77,10.0,113.0,827.0,1898.0,2690.0,3367.0,19.600027975680334,14.596536746406308,9,7
26177.77,100.0,Akaki Kality,2.0,202.0,38.80014513086449,8.84933284654248,0,2,11,28,59,77,10.0,113.0,827.0,1898.0,2690.0,3367.0,19.600027975680334,14.596536746406308,9,7
28000.0,100.0,Akaki Kality,2.0,202.0,38.80014513086449,8.84933284654248,0,2,11,28,59,77,10.0,113.0,827.0,1898.0,2690.0,3367.0,19.600027975680334,14.596536746406308,9,7
22621.0,100.0,Akaki Kality,2.0,204.0,38.80014513086449,8.84933284654248,0,2,11,28,59,77,10.0,113.0,827.0,1898.0,2690.0,3367.0,19.600027975680334,14.596536746406308,9,7
22000.0,100.0,Akaki Kality,2.0,204.0,38.80014513086449,8.84933284654248,0,2,11,28,59,77,10.0,113.0,827.0,1898.0,2690.0,3367.0,19.600027975680334,14.596536746406308,9,7
17000.0,100.0,Akaki Kality,2.0,204.0,38.80014513086449,8.84933284654248,0,2,11,28,59,77,10.0,113.0,827.0,1898.0,2690.0,3367.0,19.600027975680334,14.596536746406308,9,7
30299.0,100.0,Akaki Kality,2.0,260.0,38.80014513086449,8.84933284654248,0,2,11,28,59,77,10.0,113.0,827.0,1898.0,2690.0,3367.0,19.600027975680334,14.596536746406308,9,7
24700.0,100.0,Akaki Kality,2.0,260.0,38.80014513086449,8.84933284654248,0,2,11,28,59,77,10.0,113.0,827.0,1898.0,2690.0,3367.0,19.600027975680334,14.596536746406308,9,7
34000.0,100.0,Akaki Kality,2.0,260.0,38.80014513086449,8.84933284654248,0,2,11,28,59,77,10.0,113.0,827.0,1898.0,2690.0,3367.0,19.600027975680334,14.596536746406308,9,7
45121.19,100.0,Akaki Kality,2.0,148.0,38.80014513086449,8.84933284654248,0,2,11,28,59,77,10.0,113.0,827.0,1898.0,2690.0,3367.0,19.600027975680334,14.596536746406308,9,7
41550.0,100.0,Akaki Kality,2.0,148.0,38.80014513086449,8.84933284654248,0,2,11,28,59,77,10.0,113.0,827.0,1898.0,2690.0,3367.0,19.600027975680334,14.596536746406308,9,7
35100.0,100.0,Akaki Kality,2.0,148.0,38.80014513086449,8.84933284654248,0,2,11,28,59,77,10.0,113.0,827.0,1898.0,2690.0,3367.0,19.600027975680334,14.596536746406308,9,7
45600.0,100.0,Akaki Kality,2.0,147.0,38.80014513086449,8.84933284654248,0,2,11,28,59,77,10.0,113.0,827.0,1898.0,2690.0,3367.0,19.600027975680334,14.596536746406308,9,7
45083.5,100.0,Akaki Kality,2.0,147.0,38.80014513086449,8.84933284654248,0,2,11,28,59,77,10.0,113.0,827.0,1898.0,2690.0,3367.0,19.600027975680334,14.596536746406308,9,7
49110.0,100.0,Akaki Kality,2.0,147.0,38.80014513086449,8.84933284654248,0,2,11,28,59,77,10.0,113.0,827.0,1898.0,2690.0,3367.0,19.600027975680334,14.596536746406308,9,7
33520.0,100.0,Akaki Kality,2.0,145.0,38.80014513086449,8.84933284654248,0,2,11,28,59,77,10.0,113.0,827.0,1898.0,2690.0,3367.0,19.600027975680334,14.596536746406308,9,7
31513.0,100.0,Akaki Kality,2.0,145.0,38.80014513086449,8.84933284654248,0,2,11,28,59,77,10.0,113.0,827.0,1898.0,2690.0,3367.0,19.600027975680334,14.596536746406308,9,7
31500.0,100.0,Akaki Kality,2.0,145.0,38.80014513086449,8.84933284654248,0,2,11,28,59,77,10.0,113.0,827.0,1898.0,2690.0,3367.0,19.600027975680334,14.596536746406308,9,7
33621.0,100.0,Akaki Kality,2.0,142.0,38.80014513086449,8.84933284654248,0,2,11,28,59,77,10.0,113.0,827.0,1898.0,2690.0,3367.0,19.600027975680334,14.596536746406308,9,7
28212.0,100.0,Akaki Kality,2.0,142.0,38.80014513086449,8.84933284654248,0,2,11,28,59,77,10.0,113.0,827.0,1898.0,2690.0,3367.0,19.600027975680334,14.596536746406308,9,7
27988.0,100.0,Akaki Kality,2.0,142.0,38.80014513086449,8.84933284654248,0,2,11,28,59,77,10.0,113.0,827.0,1898.0,2690.0,3367.0,19.600027975680334,14.596536746406308,9,7
38735.0,100.0,Akaki Kality,2.0,142.0,38.80014513086449,8.84933284654248,0,2,11,28,59,77,10.0,113.0,827.0,1898.0,2690.0,3367.0,19.600027975680334,14.596536746406308,9,7
35629.0,100.0,Akaki Kality,2.0,142.0,38.80014513086449,8.84933284654248,0,2,11,28,59,77,10.0,113.0,827.0,1898.0,2690.0,3367.0,19.600027975680334,14.596536746406308,9,7
31160.0,100.0,Akaki Kality,2.0,142.0,38.80014513086449,8.84933284654248,0,2,11,28,59,77,10.0,113.0,827.0,1898.0,2690.0,3367.0,19.600027975680334,14.596536746406308,9,7
25725.33,100.0,Akaki Kality,2.0,549.0,38.80014513086449,8.84933284654248,0,2,11,28,59,77,10.0,113.0,827.0,1898.0,2690.0,3367.0,19.600027975680334,14.596536746406308,9,7
21000.0,100.0,Akaki Kality,2.0,549.0,38.80014513086449,8.84933284654248,0,2,11,28,59,77,10.0,113.0,827.0,1898.0,2690.0,3367.0,19.600027975680334,14.596536746406308,9,7
15331.87,100.0,Akaki Kality,2.0,549.0,38.80014513086449,8.84933284654248,0,2,11,28,59,77,10.0,113.0,827.0,1898.0,2690.0,3367.0,19.600027975680334,14.596536746406308,9,7
21110.0,100.0,Akaki Kality,2.0,533.0,38.80014513086449,8.84933284654248,0,2,11,28,59,77,10.0,113.0,827.0,1898.0,2690.0,3367.0,19.600027975680334,14.596536746406308,9,7
14619.0,100.0,Akaki Kality,2.0,533.0,38.80014513086449,8.84933284654248,0,2,11,28,59,77,10.0,113.0,827.0,1898.0,2690.0,3367.0,19.600027975680334,14.596536746406308,9,7
21150.0,100.0,Akaki Kality,2.0,533.0,38.80014513086449,8.84933284654248,0,2,11,28,59,77,10.0,113.0,827.0,1898.0,2690.0,3367.0,19.600027975680334,14.596536746406308,9,7
28127.0,100.0,Akaki Kality,2.0,1439.0,38.80014513086449,8.84933284654248,0,2,11,28,59,77,10.0,113.0,827.0,1898.0,2690.0,3367.0,19.600027975680334,14.596536746406308,9,7
16621.0,100.0,Akaki Kality,2.0,1439.0,38.80014513086449,8.84933284654248,0,2,11,28,59,77,10.0,113.0,827.0,1898.0,2690.0,3367.0,19.600027975680334,14.596536746406308,9,7
14100.98,100.0,Akaki Kality,2.0,1439.0,38.80014513086449,8.84933284654248,0,2,11,28,59,77,10.0,113.0,827.0,1898.0,2690.0,3367.0,19.600027975680334,14.596536746406308,9,7
14100.98,100.0,Akaki Kality,2.0,1337.0,38.80014513086449,8.84933284654248,0,2,11,28,59,77,10.0,113.0,827.0,1898.0,2690.0,3367.0,19.600027975680334,14.596536746406308,9,7
17000.0,100.0,Akaki Kality,2.0,1337.0,38.80014513086449,8.84933284654248,0,2,11,28,59,77,10.0,113.0,827.0,1898.0,2690.0,3367.0,19.600027975680334,14.596536746406308,9,7
11594.0,100.0,Akaki Kality,2.0,1337.0,38.80014513086449,8.84933284654248,0,2,11,28,59,77,10.0,113.0,827.0,1898.0,2690.0,3367.0,19.600027975680334,14.596536746406308,9,7
25021.0,100.0,Akaki Kality,2.0,145.0,38.80014513086449,8.84933284654248,0,2,11,28,59,77,10.0,113.0,827.0,1898.0,2690.0,3367.0,19.600027975680334,14.596536746406308,9,7
20170.0,100.0,Akaki Kality,2.0,145.0,38.80014513086449,8.84933284654248,0,2,11,28,59,77,10.0,113.0,827.0,1898.0,2690.0,3367.0,19.600027975680334,14.596536746406308,9,7
14023.0,100.0,Akaki Kality,2.0,145.0,38.80014513086449,8.84933284654248,0,2,11,28,59,77,10.0,113.0,827.0,1898.0,2690.0,3367.0,19.600027975680334,14.596536746406308,9,7
32999.0,100.0,Akaki Kality,2.0,145.0,38.80014513086449,8.84933284654248,0,2,11,28,59,77,10.0,113.0,827.0,1898.0,2690.0,3367.0,19.600027975680334,14.596536746406308,9,7
27100.0,100.0,Akaki Kality,2.0,145.0,38.80014513086449,8.84933284654248,0,2,11,28,59,77,10.0,113.0,827.0,1898.0,2690.0,3367.0,19.600027975680334,14.596536746406308,9,7
21030.0,100.0,Akaki Kality,2.0,145.0,38.80014513086449,8.84933284654248,0,2,11,28,59,77,10.0,113.0,827.0,1898.0,2690.0,3367.0,19.600027975680334,14.596536746406308,9,7
40271.25,100.0,Akaki Kality,2.0,144.0,38.80014513086449,8.84933284654248,0,2,11,28,59,77,10.0,113.0,827.0,1898.0,2690.0,3367.0,19.600027975680334,14.596536746406308,9,7
28675.0,100.0,Akaki Kality,2.0,144.0,38.80014513086449,8.84933284654248,0,2,11,28,59,77,10.0,113.0,827.0,1898.0,2690.0,3367.0,19.600027975680334,14.596536746406308,9,7
28645.0,100.0,Akaki Kality,2.0,144.0,38.80014513086449,8.84933284654248,0,2,11,28,59,77,10.0,113.0,827.0,1898.0,2690.0,3367.0,19.600027975680334,14.596536746406308,9,7
28888.0,100.0,Akaki Kality,2.0,148.0,38.80014513086449,8.84933284654248,0,2,11,28,59,77,10.0,113.0,827.0,1898.0,2690.0,3367.0,19.600027975680334,14.596536746406308,9,7
27150.0,100.0,Akaki Kality,2.0,148.0,38.80014513086449,8.84933284654248,0,2,11,28,59,77,10.0,113.0,827.0,1898.0,2690.0,3367.0,19.600027975680334,14.596536746406308,9,7
35653.0,100.0,Akaki Kality,2.0,148.0,38.80014513086449,8.84933284654248,0,2,11,28,59,77,10.0,113.0,827.0,1898.0,2690.0,3367.0,19.600027975680334,14.596536746406308,9,7
32298.99,100.0,Akaki Kality,2.0,144.0,38.80014513086449,8.84933284654248,0,2,11,28,59,77,10.0,113.0,827.0,1898.0,2690.0,3367.0,19.600027975680334,14.596536746406308,9,7
31500.0,100.0,Akaki Kality,2.0,144.0,38.80014513086449,8.84933284654248,0,2,11,28,59,77,10.0,113.0,827.0,1898.0,2690.0,3367.0,19.600027975680334,14.596536746406308,9,7
27800.99,100.0,Akaki Kality,2.0,144.0,38.80014513086449,8.84933284654248,0,2,11,28,59,77,10.0,113.0,827.0,1898.0,2690.0,3367.0,19.600027975680334,14.596536746406308,9,7
37511.0,100.0,Akaki Kality,2.0,148.0,38.80014513086449,8.84933284654248,0,2,11,28,59,77,10.0,113.0,827.0,1898.0,2690.0,3367.0,19.600027975680334,14.596536746406308,9,7
37290.0,100.0,Akaki Kality,2.0,148.0,38.80014513086449,8.84933284654248,0,2,11,28,59,77,10.0,113.0,827.0,1898.0,2690.0,3367.0,19.600027975680334,14.596536746406308,9,7
30558.0,100.0,Akaki Kality,2.0,148.0,38.80014513086449,8.84933284654248,0,2,11,28,59,77,10.0,113.0,827.0,1898.0,2690.0,3367.0,19.600027975680334,14.596536746406308,9,7
28210.0,100.0,Akaki Kality,2.0,144.0,38.80014513086449,8.84933284654248,0,2,11,28,59,77,10.0,113.0,827.0,1898.0,2690.0,3367.0,19.600027975680334,14.596536746406308,9,7
27100.0,100.0,Akaki Kality,2.0,144.0,38.80014513086449,8.84933284654248,0,2,11,28,59,77,10.0,113.0,827.0,1898.0,2690.0,3367.0,19.600027975680334,14.596536746406308,9,7
31112.5,100.0,Akaki Kality,2.0,144.0,38.80014513086449,8.84933284654248,0,2,11,28,59,77,10.0,113.0,827.0,1898.0,2690.0,3367.0,19.600027975680334,14.596536746406308,9,7
29100.0,100.0,Akaki Kality,2.0,148.0,38.80014513086449,8.84933284654248,0,2,11,28,59,77,10.0,113.0,827.0,1898.0,2690.0,3367.0,19.600027975680334,14.596536746406308,9,7
23755.0,100.0,Akaki Kality,2.0,148.0,38.80014513086449,8.84933284654248,0,2,11,28,59,77,10.0,113.0,827.0,1898.0,2690.0,3367.0,19.600027975680334,14.596536746406308,9,7
21216.0,100.0,Akaki Kality,2.0,148.0,38.80014513086449,8.84933284654248,0,2,11,28,59,77,10.0,113.0,827.0,1898.0,2690.0,3367.0,19.600027975680334,14.596536746406308,9,7
51115.0,100.0,Akaki Kality,8.0,125.0,38.78234356596863,8.894001187595702,2,15,63,90,113,137,111.0,302.0,1078.0,2203.0,3577.0,5027.0,14.302189201851867,9.80783104484501,1,17
27253.21,100.0,Akaki Kality,8.0,125.0,38.78234356596863,8.894001187595702,2,15,63,90,113,137,111.0,302.0,1078.0,2203.0,3577.0,5027.0,14.302189201851867,9.80783104484501,1,17
23250.0,100.0,Akaki Kality,8.0,125.0,38.78234356596863,8.894001187595702,2,15,63,90,113,137,111.0,302.0,1078.0,2203.0,3577.0,5027.0,14.302189201851867,9.80783104484501,1,17
28000.0,100.0,Akaki Kality,8.0,125.0,38.78234356596863,8.894001187595702,2,15,63,90,113,137,111.0,302.0,1078.0,2203.0,3577.0,5027.0,14.302189201851867,9.80783104484501,1,17
27444.0,100.0,Akaki Kality,8.0,125.0,38.78234356596863,8.894001187595702,2,15,63,90,113,137,111.0,302.0,1078.0,2203.0,3577.0,5027.0,14.302189201851867,9.80783104484501,1,17
40000.0,100.0,Akaki Kality,8.0,125.0,38.78234356596863,8.894001187595702,2,15,63,90,113,137,111.0,302.0,1078.0,2203.0,3577.0,5027.0,14.302189201851867,9.80783104484501,1,17
37280.0,100.0,Akaki Kality,8.0,125.0,38.78234356596863,8.894001187595702,2,15,63,90,113,137,111.0,302.0,1078.0,2203.0,3577.0,5027.0,14.302189201851867,9.80783104484501,1,17
22300.0,100.0,Akaki Kality,8.0,125.0,38.78234356596863,8.894001187595702,2,15,63,90,113,137,111.0,302.0,1078.0,2203.0,3577.0,5027.0,14.302189201851867,9.80783104484501,1,17
25602.0,100.0,Akaki Kality,8.0,125.0,38.78234356596863,8.894001187595702,2,15,63,90,113,137,111.0,302.0,1078.0,2203.0,3577.0,5027.0,14.302189201851867,9.80783104484501,1,17
40125.0,100.0,Akaki Kality,8.0,125.0,38.78234356596863,8.894001187595702,2,15,63,90,113,137,111.0,302.0,1078.0,2203.0,3577.0,5027.0,14.302189201851867,9.80783104484501,1,17
35555.0,100.0,Akaki Kality,8.0,125.0,38.78234356596863,8.894001187595702,2,15,63,90,113,137,111.0,302.0,1078.0,2203.0,3577.0,5027.0,14.302189201851867,9.80783104484501,1,17
21000.0,100.0,Akaki Kality,8.0,125.0,38.78234356596863,8.894001187595702,2,15,63,90,113,137,111.0,302.0,1078.0,2203.0,3577.0,5027.0,14.302189201851867,9.80783104484501,1,17
24364.0,100.0,Akaki Kality,8.0,125.0,38.78234356596863,8.894001187595702,2,15,63,90,113,137,111.0,302.0,1078.0,2203.0,3577.0,5027.0,14.302189201851867,9.80783104484501,1,17
21021.0,100.0,Akaki Kality,8.0,125.0,38.78234356596863,8.894001187595702,2,15,63,90,113,137,111.0,302.0,1078.0,2203.0,3577.0,5027.0,14.302189201851867,9.80783104484501,1,17
21000.0,100.0,Akaki Kality,8.0,125.0,38.78234356596863,8.894001187595702,2,15,63,90,113,137,111.0,302.0,1078.0,2203.0,3577.0,5027.0,14.302189201851867,9.80783104484501,1,17
25000.0,100.0,Akaki Kality,8.0,125.0,38.78234356596863,8.894001187595702,2,15,63,90,113,137,111.0,302.0,1078.0,2203.0,3577.0,5027.0,14.302189201851867,9.80783104484501,1,17
22199.0,100.0,Akaki Kality,8.0,125.0,38.78234356596863,8.894001187595702,2,15,63,90,113,137,111.0,302.0,1078.0,2203.0,3577.0,5027.0,14.302189201851867,9.80783104484501,1,17
21000.0,100.0,Akaki Kality,8.0,125.0,38.78234356596863,8.894001187595702,2,15,63,90,113,137,111.0,302.0,1078.0,2203.0,3577.0,5027.0,14.302189201851867,9.80783104484501,1,17
38554.23,100.0,Akaki Kality,8.0,125.0,38.78234356596863,8.894001187595702,2,15,63,90,113,137,111.0,302.0,1078.0,2203.0,3577.0,5027.0,14.302189201851867,9.80783104484501,1,17
26100.0,100.0,Akaki Kality,8.0,125.0,38.78234356596863,8.894001187595702,2,15,63,90,113,137,111.0,302.0,1078.0,2203.0,3577.0,5027.0,14.302189201851867,9.80783104484501,1,17
25685.0,100.0,Akaki Kality,8.0,125.0,38.78234356596863,8.894001187595702,2,15,63,90,113,137,111.0,302.0,1078.0,2203.0,3577.0,5027.0,14.302189201851867,9.80783104484501,1,17
26156.99,100.0,Akaki Kality,8.0,125.0,38.78234356596863,8.894001187595702,2,15,63,90,113,137,111.0,302.0,1078.0,2203.0,3577.0,5027.0,14.302189201851867,9.80783104484501,1,17
21612.0,100.0,Akaki Kality,8.0,125.0,38.78234356596863,8.894001187595702,2,15,63,90,113,137,111.0,302.0,1078.0,2203.0,3577.0,5027.0,14.302189201851867,9.80783104484501,1,17
15000.0,100.0,Akaki Kality,8.0,125.0,38.78234356596863,8.894001187595702,2,15,63,90,113,137,111.0,302.0,1078.0,2203.0,3577.0,5027.0,14.302189201851867,9.80783104484501,1,17
45000.0,100.0,Akaki Kality,8.0,125.0,38.78234356596863,8.894001187595702,2,15,63,90,113,137,111.0,302.0,1078.0,2203.0,3577.0,5027.0,14.302189201851867,9.80783104484501,1,17
18400.0,100.0,Akaki Kality,8.0,125.0,38.78234356596863,8.894001187595702,2,15,63,90,113,137,111.0,302.0,1078.0,2203.0,3577.0,5027.0,14.302189201851867,9.80783104484501,1,17
16121.0,100.0,Akaki Kality,8.0,125.0,38.78234356596863,8.894001187595702,2,15,63,90,113,137,111.0,302.0,1078.0,2203.0,3577.0,5027.0,14.302189201851867,9.80783104484501,1,17
31800.0,100.0,Akaki Kality,8.0,125.0,38.78234356596863,8.894001187595702,2,15,63,90,113,137,111.0,302.0,1078.0,2203.0,3577.0,5027.0,14.302189201851867,9.80783104484501,1,17
41116.0,100.0,Akaki Kality,8.0,125.0,38.78234356596863,8.894001187595702,2,15,63,90,113,137,111.0,302.0,1078.0,2203.0,3577.0,5027.0,14.302189201851867,9.80783104484501,1,17
25100.0,100.0,Akaki Kality,8.0,125.0,38.78234356596863,8.894001187595702,2,15,63,90,113,137,111.0,302.0,1078.0,2203.0,3577.0,5027.0,14.302189201851867,9.80783104484501,1,17
48120.0,100.0,Akaki Kality,8.0,125.0,38.78234356596863,8.894001187595702,2,15,63,90,113,137,111.0,302.0,1078.0,2203.0,3577.0,5027.0,14.302189201851867,9.80783104484501,1,17
25512.0,100.0,Akaki Kality,8.0,125.0,38.78234356596863,8.894001187595702,2,15,63,90,113,137,111.0,302.0,1078.0,2203.0,3577.0,5027.0,14.302189201851867,9.80783104484501,1,17
21200.0,100.0,Akaki Kality,8.0,125.0,38.78234356596863,8.894001187595702,2,15,63,90,113,137,111.0,302.0,1078.0,2203.0,3577.0,5027.0,14.302189201851867,9.80783104484501,1,17
39800.0,100.0,Akaki Kality,8.0,125.0,38.78234356596863,8.894001187595702,2,15,63,90,113,137,111.0,302.0,1078.0,2203.0,3577.0,5027.0,14.302189201851867,9.80783104484501,1,17
29100.0,100.0,Akaki Kality,8.0,125.0,38.78234356596863,8.894001187595702,2,15,63,90,113,137,111.0,302.0,1078.0,2203.0,3577.0,5027.0,14.302189201851867,9.80783104484501,1,17
22205.0,100.0,Akaki Kality,8.0,125.0,38.78234356596863,8.894001187595702,2,15,63,90,113,137,111.0,302.0,1078.0,2203.0,3577.0,5027.0,14.302189201851867,9.80783104484501,1,17
24550.0,100.0,Akaki Kality,8.0,125.0,38.78234356596863,8.894001187595702,2,15,63,90,113,137,111.0,302.0,1078.0,2203.0,3577.0,5027.0,14.302189201851867,9.80783104484501,1,17
22689.0,100.0,Akaki Kality,8.0,125.0,38.78234356596863,8.894001187595702,2,15,63,90,113,137,111.0,302.0,1078.0,2203.0,3577.0,5027.0,14.302189201851867,9.80783104484501,1,17
32500.0,40.0,Akaki Kality,8.0,125.0,38.78234356596863,8.894001187595702,2,15,63,90,113,137,111.0,302.0,1078.0,2203.0,3577.0,5027.0,14.302189201851867,9.80783104484501,1,17
30101.0,100.0,Akaki Kality,8.0,125.0,38.78234356596863,8.894001187595702,2,15,63,90,113,137,111.0,302.0,1078.0,2203.0,3577.0,5027.0,14.302189201851867,9.80783104484501,1,17
24000.0,100.0,Akaki Kality,8.0,125.0,38.78234356596863,8.894001187595702,2,15,63,90,113,137,111.0,302.0,1078.0,2203.0,3577.0,5027.0,14.302189201851867,9.80783104484501,1,17
15125.0,100.0,Akaki Kality,8.0,125.0,38.78234356596863,8.894001187595702,2,15,63,90,113,137,111.0,302.0,1078.0,2203.0,3577.0,5027.0,14.302189201851867,9.80783104484501,1,17
32255.0,100.0,Akaki Kality,8.0,186.0,38.78234356596863,8.894001187595702,2,15,63,90,113,137,111.0,302.0,1078.0,2203.0,3577.0,5027.0,14.302189201851867,9.80783104484501,1,17
26888.0,100.0,Akaki Kality,8.0,186.0,38.78234356596863,8.894001187595702,2,15,63,90,113,137,111.0,302.0,1078.0,2203.0,3577.0,5027.0,14.302189201851867,9.80783104484501,1,17
36565.0,60.0,Akaki Kality,8.0,186.0,38.78234356596863,8.894001187595702,2,15,63,90,113,137,111.0,302.0,1078.0,2203.0,3577.0,5027.0,14.302189201851867,9.80783104484501,1,17
43500.0,55.0,Akaki Kality,8.0,153.0,38.78234356596863,8.894001187595702,2,15,63,90,113,137,111.0,302.0,1078.0,2203.0,3577.0,5027.0,14.302189201851867,9.80783104484501,1,17
16990.9,100.0,Akaki Kality,8.0,153.0,38.78234356596863,8.894001187595702,2,15,63,90,113,137,111.0,302.0,1078.0,2203.0,3577.0,5027.0,14.302189201851867,9.80783104484501,1,17
16878.0,100.0,Akaki Kality,8.0,153.0,38.78234356596863,8.894001187595702,2,15,63,90,113,137,111.0,302.0,1078.0,2203.0,3577.0,5027.0,14.302189201851867,9.80783104484501,1,17
20051.0,100.0,Akaki Kality,8.0,227.0,38.78234356596863,8.894001187595702,2,15,63,90,113,137,111.0,302.0,1078.0,2203.0,3577.0,5027.0,14.302189201851867,9.80783104484501,1,17
21137.0,60.0,Akaki Kality,8.0,227.0,38.78234356596863,8.894001187595702,2,15,63,90,113,137,111.0,302.0,1078.0,2203.0,3577.0,5027.0,14.302189201851867,9.80783104484501,1,17
15500.0,100.0,Akaki Kality,8.0,227.0,38.78234356596863,8.894001187595702,2,15,63,90,113,137,111.0,302.0,1078.0,2203.0,3577.0,5027.0,14.302189201851867,9.80783104484501,1,17
18100.0,61.0,Akaki Kality,8.0,567.0,38.78234356596863,8.894001187595702,2,15,63,90,113,137,111.0,302.0,1078.0,2203.0,3577.0,5027.0,14.302189201851867,9.80783104484501,1,17
16000.0,70.0,Akaki Kality,8.0,567.0,38.78234356596863,8.894001187595702,2,15,63,90,113,137,111.0,302.0,1078.0,2203.0,3577.0,5027.0,14.302189201851867,9.80783104484501,1,17
12350.0,100.0,Akaki Kality,8.0,567.0,38.78234356596863,8.894001187595702,2,15,63,90,113,137,111.0,302.0,1078.0,2203.0,3577.0,5027.0,14.302189201851867,9.80783104484501,1,17
18779.0,100.0,Akaki Kality,8.0,500.0,38.78234356596863,8.894001187595702,2,15,63,90,113,137,111.0,302.0,1078.0,2203.0,3577.0,5027.0,14.302189201851867,9.80783104484501,1,17
16700.0,100.0,Akaki Kality,8.0,500.0,38.78234356596863,8.894001187595702,2,15,63,90,113,137,111.0,302.0,1078.0,2203.0,3577.0,5027.0,14.302189201851867,9.80783104484501,1,17
20111.0,45.0,Akaki Kality,8.0,500.0,38.78234356596863,8.894001187595702,2,15,63,90,113,137,111.0,302.0,1078.0,2203.0,3577.0,5027.0,14.302189201851867,9.80783104484501,1,17
29050.0,100.0,Akaki Kality,8.0,245.0,38.78234356596863,8.894001187595702,2,15,63,90,113,137,111.0,302.0,1078.0,2203.0,3577.0,5027.0,14.302189201851867,9.80783104484501,1,17
20461.0,100.0,Akaki Kality,8.0,245.0,38.78234356596863,8.894001187595702,2,15,63,90,113,137,111.0,302.0,1078.0,2203.0,3577.0,5027.0,14.302189201851867,9.80783104484501,1,17
19500.0,100.0,Akaki Kality,8.0,245.0,38.78234356596863,8.894001187595702,2,15,63,90,113,137,111.0,302.0,1078.0,2203.0,3577.0,5027.0,14.302189201851867,9.80783104484501,1,17
26723.0,100.0,Akaki Kality,1.0,311.0,38.79769047574577,8.871845782757074,0,8,37,73,108,121,181.0,567.0,1559.0,2513.0,3366.0,4271.0,17.12043187299996,12.094209608271989,4,21
16689.0,100.0,Akaki Kality,1.0,311.0,38.79769047574577,8.871845782757074,0,8,37,73,108,121,181.0,567.0,1559.0,2513.0,3366.0,4271.0,17.12043187299996,12.094209608271989,4,21
16088.0,100.0,Akaki Kality,1.0,311.0,38.79769047574577,8.871845782757074,0,8,37,73,108,121,181.0,567.0,1559.0,2513.0,3366.0,4271.0,17.12043187299996,12.094209608271989,4,21
61000.0,100.0,Akaki Kality,1.0,240.0,38.79769047574577,8.871845782757074,0,8,37,73,108,121,181.0,567.0,1559.0,2513.0,3366.0,4271.0,17.12043187299996,12.094209608271989,4,21
39145.0,100.0,Akaki Kality,1.0,240.0,38.79769047574577,8.871845782757074,0,8,37,73,108,121,181.0,567.0,1559.0,2513.0,3366.0,4271.0,17.12043187299996,12.094209608271989,4,21
31390.0,100.0,Akaki Kality,1.0,240.0,38.79769047574577,8.871845782757074,0,8,37,73,108,121,181.0,567.0,1559.0,2513.0,3366.0,4271.0,17.12043187299996,12.094209608271989,4,21
31124.0,100.0,Akaki Kality,1.0,280.0,38.79769047574577,8.871845782757074,0,8,37,73,108,121,181.0,567.0,1559.0,2513.0,3366.0,4271.0,17.12043187299996,12.094209608271989,4,21
29001.0,100.0,Akaki Kality,1.0,280.0,38.79769047574577,8.871845782757074,0,8,37,73,108,121,181.0,567.0,1559.0,2513.0,3366.0,4271.0,17.12043187299996,12.094209608271989,4,21
34100.0,81.0,Akaki Kality,1.0,280.0,38.79769047574577,8.871845782757074,0,8,37,73,108,121,181.0,567.0,1559.0,2513.0,3366.0,4271.0,17.12043187299996,12.094209608271989,4,21
23233.0,100.0,Akaki Kality,1.0,583.0,38.79769047574577,8.871845782757074,0,8,37,73,108,121,181.0,567.0,1559.0,2513.0,3366.0,4271.0,17.12043187299996,12.094209608271989,4,21
16210.0,100.0,Akaki Kality,1.0,583.0,38.79769047574577,8.871845782757074,0,8,37,73,108,121,181.0,567.0,1559.0,2513.0,3366.0,4271.0,17.12043187299996,12.094209608271989,4,21
13740.0,100.0,Akaki Kality,1.0,583.0,38.79769047574577,8.871845782757074,0,8,37,73,108,121,181.0,567.0,1559.0,2513.0,3366.0,4271.0,17.12043187299996,12.094209608271989,4,21
21321.0,100.0,Akaki Kality,1.0,590.0,38.79769047574577,8.871845782757074,0,8,37,73,108,121,181.0,567.0,1559.0,2513.0,3366.0,4271.0,17.12043187299996,12.094209608271989,4,21
17100.0,100.0,Akaki Kality,1.0,590.0,38.79769047574577,8.871845782757074,0,8,37,73,108,121,181.0,567.0,1559.0,2513.0,3366.0,4271.0,17.12043187299996,12.094209608271989,4,21
13300.0,100.0,Akaki Kality,1.0,590.0,38.79769047574577,8.871845782757074,0,8,37,73,108,121,181.0,567.0,1559.0,2513.0,3366.0,4271.0,17.12043187299996,12.094209608271989,4,21
18100.0,100.0,Akaki Kality,1.0,539.0,38.79769047574577,8.871845782757074,0,8,37,73,108,121,181.0,567.0,1559.0,2513.0,3366.0,4271.0,17.12043187299996,12.094209608271989,4,21
15000.0,100.0,Akaki Kality,1.0,539.0,38.79769047574577,8.871845782757074,0,8,37,73,108,121,181.0,567.0,1559.0,2513.0,3366.0,4271.0,17.12043187299996,12.094209608271989,4,21
14842.31,60.0,Akaki Kality,1.0,539.0,38.79769047574577,8.871845782757074,0,8,37,73,108,121,181.0,567.0,1559.0,2513.0,3366.0,4271.0,17.12043187299996,12.094209608271989,4,21
25200.0,100.0,Akaki Kality,1.0,492.0,38.79769047574577,8.871845782757074,0,8,37,73,108,121,181.0,567.0,1559.0,2513.0,3366.0,4271.0,17.12043187299996,12.094209608271989,4,21
23221.0,100.0,Akaki Kality,1.0,492.0,38.79769047574577,8.871845782757074,0,8,37,73,108,121,181.0,567.0,1559.0,2513.0,3366.0,4271.0,17.12043187299996,12.094209608271989,4,21
22560.97,100.0,Akaki Kality,1.0,492.0,38.79769047574577,8.871845782757074,0,8,37,73,108,121,181.0,567.0,1559.0,2513.0,3366.0,4271.0,17.12043187299996,12.094209608271989,4,21
25000.0,100.0,Akaki Kality,1.0,590.0,38.79769047574577,8.871845782757074,0,8,37,73,108,121,181.0,567.0,1559.0,2513.0,3366.0,4271.0,17.12043187299996,12.094209608271989,4,21
23221.0,100.0,Akaki Kality,1.0,590.0,38.79769047574577,8.871845782757074,0,8,37,73,108,121,181.0,567.0,1559.0,2513.0,3366.0,4271.0,17.12043187299996,12.094209608271989,4,21
19210.0,100.0,Akaki Kality,1.0,590.0,38.79769047574577,8.871845782757074,0,8,37,73,108,121,181.0,567.0,1559.0,2513.0,3366.0,4271.0,17.12043187299996,12.094209608271989,4,21
22600.0,100.0,Akaki Kality,1.0,431.0,38.79769047574577,8.871845782757074,0,8,37,73,108,121,181.0,567.0,1559.0,2513.0,3366.0,4271.0,17.12043187299996,12.094209608271989,4,21
19145.0,100.0,Akaki Kality,1.0,431.0,38.79769047574577,8.871845782757074,0,8,37,73,108,121,181.0,567.0,1559.0,2513.0,3366.0,4271.0,17.12043187299996,12.094209608271989,4,21
18601.8,100.0,Akaki Kality,1.0,431.0,38.79769047574577,8.871845782757074,0,8,37,73,108,121,181.0,567.0,1559.0,2513.0,3366.0,4271.0,17.12043187299996,12.094209608271989,4,21
27120.0,100.0,Akaki Kality,1.0,554.0,38.79769047574577,8.871845782757074,0,8,37,73,108,121,181.0,567.0,1559.0,2513.0,3366.0,4271.0,17.12043187299996,12.094209608271989,4,21
23360.0,100.0,Akaki Kality,1.0,554.0,38.79769047574577,8.871845782757074,0,8,37,73,108,121,181.0,567.0,1559.0,2513.0,3366.0,4271.0,17.12043187299996,12.094209608271989,4,21
25025.0,80.0,Akaki Kality,1.0,554.0,38.79769047574577,8.871845782757074,0,8,37,73,108,121,181.0,567.0,1559.0,2513.0,3366.0,4271.0,17.12043187299996,12.094209608271989,4,21
69369.36,40.0,Akaki Kality,1.0,100.0,38.79769047574577,8.871845782757074,0,8,37,73,108,121,181.0,567.0,1559.0,2513.0,3366.0,4271.0,17.12043187299996,12.094209608271989,4,21
41221.0,100.0,Akaki Kality,1.0,100.0,38.79769047574577,8.871845782757074,0,8,37,73,108,121,181.0,567.0,1559.0,2513.0,3366.0,4271.0,17.12043187299996,12.094209608271989,4,21
38000.0,100.0,Akaki Kality,1.0,100.0,38.79769047574577,8.871845782757074,0,8,37,73,108,121,181.0,567.0,1559.0,2513.0,3366.0,4271.0,17.12043187299996,12.094209608271989,4,21
65048.59,70.0,Akaki Kality,1.0,103.0,38.79769047574577,8.871845782757074,0,8,37,73,108,121,181.0,567.0,1559.0,2513.0,3366.0,4271.0,17.12043187299996,12.094209608271989,4,21
45166.0,100.0,Akaki Kality,1.0,103.0,38.79769047574577,8.871845782757074,0,8,37,73,108,121,181.0,567.0,1559.0,2513.0,3366.0,4271.0,17.12043187299996,12.094209608271989,4,21
70100.0,45.0,Akaki Kality,1.0,103.0,38.79769047574577,8.871845782757074,0,8,37,73,108,121,181.0,567.0,1559.0,2513.0,3366.0,4271.0,17.12043187299996,12.094209608271989,4,21
35155.65,100.0,Akaki Kality,1.0,150.0,38.79769047574577,8.871845782757074,0,8,37,73,108,121,181.0,567.0,1559.0,2513.0,3366.0,4271.0,17.12043187299996,12.094209608271989,4,21
32479.0,100.0,Akaki Kality,1.0,150.0,38.79769047574577,8.871845782757074,0,8,37,73,108,121,181.0,567.0,1559.0,2513.0,3366.0,4271.0,17.12043187299996,12.094209608271989,4,21
28150.0,85.0,Akaki Kality,1.0,150.0,38.79769047574577,8.871845782757074,0,8,37,73,108,121,181.0,567.0,1559.0,2513.0,3366.0,4271.0,17.12043187299996,12.094209608271989,4,21
25529.0,100.0,Akaki Kality,1.0,150.0,38.79769047574577,8.871845782757074,0,8,37,73,108,121,181.0,567.0,1559.0,2513.0,3366.0,4271.0,17.12043187299996,12.094209608271989,4,21
27210.76,56.0,Akaki Kality,1.0,150.0,38.79769047574577,8.871845782757074,0,8,37,73,108,121,181.0,567.0,1559.0,2513.0,3366.0,4271.0,17.12043187299996,12.094209608271989,4,21
16711.0,100.0,Akaki Kality,1.0,150.0,38.79769047574577,8.871845782757074,0,8,37,73,108,121,181.0,567.0,1559.0,2513.0,3366.0,4271.0,17.12043187299996,12.094209608271989,4,21
43505.0,70.0,Akaki Kality,1.0,150.0,38.79769047574577,8.871845782757074,0,8,37,73,108,121,181.0,567.0,1559.0,2513.0,3366.0,4271.0,17.12043187299996,12.094209608271989,4,21
27629.0,100.0,Akaki Kality,1.0,150.0,38.79769047574577,8.871845782757074,0,8,37,73,108,121,181.0,567.0,1559.0,2513.0,3366.0,4271.0,17.12043187299996,12.094209608271989,4,21
26806.66,100.0,Akaki Kality,1.0,150.0,38.79769047574577,8.871845782757074,0,8,37,73,108,121,181.0,567.0,1559.0,2513.0,3366.0,4271.0,17.12043187299996,12.094209608271989,4,21
30677.0,100.0,Akaki Kality,1.0,150.0,38.79769047574577,8.871845782757074,0,8,37,73,108,121,181.0,567.0,1559.0,2513.0,3366.0,4271.0,17.12043187299996,12.094209608271989,4,21
28121.0,100.0,Akaki Kality,1.0,150.0,38.79769047574577,8.871845782757074,0,8,37,73,108,121,181.0,567.0,1559.0,2513.0,3366.0,4271.0,17.12043187299996,12.094209608271989,4,21
27350.0,100.0,Akaki Kality,1.0,150.0,38.79769047574577,8.871845782757074,0,8,37,73,108,121,181.0,567.0,1559.0,2513.0,3366.0,4271.0,17.12043187299996,12.094209608271989,4,21
35000.0,80.0,Akaki Kality,1.0,150.0,38.79769047574577,8.871845782757074,0,8,37,73,108,121,181.0,567.0,1559.0,2513.0,3366.0,4271.0,17.12043187299996,12.094209608271989,4,21
26846.66,100.0,Akaki Kality,1.0,150.0,38.79769047574577,8.871845782757074,0,8,37,73,108,121,181.0,567.0,1559.0,2513.0,3366.0,4271.0,17.12043187299996,12.094209608271989,4,21
24250.0,100.0,Akaki Kality,1.0,150.0,38.79769047574577,8.871845782757074,0,8,37,73,108,121,181.0,567.0,1559.0,2513.0,3366.0,4271.0,17.12043187299996,12.094209608271989,4,21
47000.0,65.0,Akaki Kality,1.0,152.0,38.79769047574577,8.871845782757074,0,8,37,73,108,121,181.0,567.0,1559.0,2513.0,3366.0,4271.0,17.12043187299996,12.094209608271989,4,21
27769.73,100.0,Akaki Kality,1.0,152.0,38.79769047574577,8.871845782757074,0,8,37,73,108,121,181.0,567.0,1559.0,2513.0,3366.0,4271.0,17.12043187299996,12.094209608271989,4,21
25121.0,100.0,Akaki Kality,1.0,152.0,38.79769047574577,8.871845782757074,0,8,37,73,108,121,181.0,567.0,1559.0,2513.0,3366.0,4271.0,17.12043187299996,12.094209608271989,4,21
36312.9,100.0,Akaki Kality,1.0,179.0,38.79769047574577,8.871845782757074,0,8,37,73,108,121,181.0,567.0,1559.0,2513.0,3366.0,4271.0,17.12043187299996,12.094209608271989,4,21
27850.0,100.0,Akaki Kality,1.0,179.0,38.79769047574577,8.871845782757074,0,8,37,73,108,121,181.0,567.0,1559.0,2513.0,3366.0,4271.0,17.12043187299996,12.094209608271989,4,21
27629.0,100.0,Akaki Kality,1.0,179.0,38.79769047574577,8.871845782757074,0,8,37,73,108,121,181.0,567.0,1559.0,2513.0,3366.0,4271.0,17.12043187299996,12.094209608271989,4,21
41000.0,100.0,Akaki Kality,1.0,127.0,38.79769047574577,8.871845782757074,0,8,37,73,108,121,181.0,567.0,1559.0,2513.0,3366.0,4271.0,17.12043187299996,12.094209608271989,4,21
34345.0,100.0,Akaki Kality,1.0,127.0,38.79769047574577,8.871845782757074,0,8,37,73,108,121,181.0,567.0,1559.0,2513.0,3366.0,4271.0,17.12043187299996,12.094209608271989,4,21
32050.0,100.0,Akaki Kality,1.0,127.0,38.79769047574577,8.871845782757074,0,8,37,73,108,121,181.0,567.0,1559.0,2513.0,3366.0,4271.0,17.12043187299996,12.094209608271989,4,21
65100.0,40.0,Akaki Kality,1.0,129.0,38.79769047574577,8.871845782757074,0,8,37,73,108,121,181.0,567.0,1559.0,2513.0,3366.0,4271.0,17.12043187299996,12.094209608271989,4,21
28016.0,100.0,Akaki Kality,1.0,129.0,38.79769047574577,8.871845782757074,0,8,37,73,108,121,181.0,567.0,1559.0,2513.0,3366.0,4271.0,17.12043187299996,12.094209608271989,4,21
41192.89,60.0,Akaki Kality,1.0,129.0,38.79769047574577,8.871845782757074,0,8,37,73,108,121,181.0,567.0,1559.0,2513.0,3366.0,4271.0,17.12043187299996,12.094209608271989,4,21
31000.0,100.0,Akaki Kality,1.0,130.0,38.79769047574577,8.871845782757074,0,8,37,73,108,121,181.0,567.0,1559.0,2513.0,3366.0,4271.0,17.12043187299996,12.094209608271989,4,21
40100.0,48.0,Akaki Kality,1.0,130.0,38.79769047574577,8.871845782757074,0,8,37,73,108,121,181.0,567.0,1559.0,2513.0,3366.0,4271.0,17.12043187299996,12.094209608271989,4,21
25163.0,100.0,Akaki Kality,1.0,130.0,38.79769047574577,8.871845782757074,0,8,37,73,108,121,181.0,567.0,1559.0,2513.0,3366.0,4271.0,17.12043187299996,12.094209608271989,4,21
27600.0,100.0,Akaki Kality,1.0,132.0,38.79769047574577,8.871845782757074,0,8,37,73,108,121,181.0,567.0,1559.0,2513.0,3366.0,4271.0,17.12043187299996,12.094209608271989,4,21
31000.0,50.0,Akaki Kality,1.0,132.0,38.79769047574577,8.871845782757074,0,8,37,73,108,121,181.0,567.0,1559.0,2513.0,3366.0,4271.0,17.12043187299996,12.094209608271989,4,21
21276.5,40.0,Akaki Kality,1.0,132.0,38.79769047574577,8.871845782757074,0,8,37,73,108,121,181.0,567.0,1559.0,2513.0,3366.0,4271.0,17.12043187299996,12.094209608271989,4,21
36100.0,100.0,Akaki Kality,1.0,133.0,38.79769047574577,8.871845782757074,0,8,37,73,108,121,181.0,567.0,1559.0,2513.0,3366.0,4271.0,17.12043187299996,12.094209608271989,4,21
35000.0,60.0,Akaki Kality,1.0,133.0,38.79769047574577,8.871845782757074,0,8,37,73,108,121,181.0,567.0,1559.0,2513.0,3366.0,4271.0,17.12043187299996,12.094209608271989,4,21
23330.0,100.0,Akaki Kality,1.0,133.0,38.79769047574577,8.871845782757074,0,8,37,73,108,121,181.0,567.0,1559.0,2513.0,3366.0,4271.0,17.12043187299996,12.094209608271989,4,21
33830.0,100.0,Akaki Kality,1.0,134.0,38.79769047574577,8.871845782757074,0,8,37,73,108,121,181.0,567.0,1559.0,2513.0,3366.0,4271.0,17.12043187299996,12.094209608271989,4,21
41300.0,70.0,Akaki Kality,1.0,134.0,38.79769047574577,8.871845782757074,0,8,37,73,108,121,181.0,567.0,1559.0,2513.0,3366.0,4271.0,17.12043187299996,12.094209608271989,4,21
31685.0,100.0,Akaki Kality,1.0,134.0,38.79769047574577,8.871845782757074,0,8,37,73,108,121,181.0,567.0,1559.0,2513.0,3366.0,4271.0,17.12043187299996,12.094209608271989,4,21
38000.0,100.0,Akaki Kality,1.0,136.0,38.79769047574577,8.871845782757074,0,8,37,73,108,121,181.0,567.0,1559.0,2513.0,3366.0,4271.0,17.12043187299996,12.094209608271989,4,21
51619.0,60.0,Akaki Kality,1.0,136.0,38.79769047574577,8.871845782757074,0,8,37,73,108,121,181.0,567.0,1559.0,2513.0,3366.0,4271.0,17.12043187299996,12.094209608271989,4,21
27777.0,100.0,Akaki Kality,1.0,136.0,38.79769047574577,8.871845782757074,0,8,37,73,108,121,181.0,567.0,1559.0,2513.0,3366.0,4271.0,17.12043187299996,12.094209608271989,4,21
47000.0,65.0,Akaki Kality,1.0,136.0,38.79769047574577,8.871845782757074,0,8,37,73,108,121,181.0,567.0,1559.0,2513.0,3366.0,4271.0,17.12043187299996,12.094209608271989,4,21
36501.0,85.0,Akaki Kality,1.0,137.0,38.79769047574577,8.871845782757074,0,8,37,73,108,121,181.0,567.0,1559.0,2513.0,3366.0,4271.0,17.12043187299996,12.094209608271989,4,21
26199.9,85.0,Akaki Kality,1.0,137.0,38.79769047574577,8.871845782757074,0,8,37,73,108,121,181.0,567.0,1559.0,2513.0,3366.0,4271.0,17.12043187299996,12.094209608271989,4,21
32301.0,100.0,Akaki Kality,1.0,278.0,38.79769047574577,8.871845782757074,0,8,37,73,108,121,181.0,567.0,1559.0,2513.0,3366.0,4271.0,17.12043187299996,12.094209608271989,4,21
27099.94,100.0,Akaki Kality,1.0,278.0,38.79769047574577,8.871845782757074,0,8,37,73,108,121,181.0,567.0,1559.0,2513.0,3366.0,4271.0,17.12043187299996,12.094209608271989,4,21
19889.0,100.0,Akaki Kality,1.0,278.0,38.79769047574577,8.871845782757074,0,8,37,73,108,121,181.0,567.0,1559.0,2513.0,3366.0,4271.0,17.12043187299996,12.094209608271989,4,21
27109.8,100.0,Akaki Kality,1.0,278.0,38.79769047574577,8.871845782757074,0,8,37,73,108,121,181.0,567.0,1559.0,2513.0,3366.0,4271.0,17.12043187299996,12.094209608271989,4,21
38019.21,40.0,Akaki Kality,1.0,278.0,38.79769047574577,8.871845782757074,0,8,37,73,108,121,181.0,567.0,1559.0,2513.0,3366.0,4271.0,17.12043187299996,12.094209608271989,4,21
22151.78,100.0,Akaki Kality,1.0,278.0,38.79769047574577,8.871845782757074,0,8,37,73,108,121,181.0,567.0,1559.0,2513.0,3366.0,4271.0,17.12043187299996,12.094209608271989,4,21
48110.0,71.0,Akaki Kality,1.0,141.0,38.79769047574577,8.871845782757074,0,8,37,73,108,121,181.0,567.0,1559.0,2513.0,3366.0,4271.0,17.12043187299996,12.094209608271989,4,21
27227.0,100.0,Akaki Kality,1.0,141.0,38.79769047574577,8.871845782757074,0,8,37,73,108,121,181.0,567.0,1559.0,2513.0,3366.0,4271.0,17.12043187299996,12.094209608271989,4,21
25531.92,100.0,Akaki Kality,1.0,141.0,38.79769047574577,8.871845782757074,0,8,37,73,108,121,181.0,567.0,1559.0,2513.0,3366.0,4271.0,17.12043187299996,12.094209608271989,4,21
41100.0,100.0,Akaki Kality,1.0,141.0,38.79769047574577,8.871845782757074,0,8,37,73,108,121,181.0,567.0,1559.0,2513.0,3366.0,4271.0,17.12043187299996,12.094209608271989,4,21
37387.34,77.0,Akaki Kality,1.0,141.0,38.79769047574577,8.871845782757074,0,8,37,73,108,121,181.0,567.0,1559.0,2513.0,3366.0,4271.0,17.12043187299996,12.094209608271989,4,21
36171.0,75.0,Akaki Kality,1.0,141.0,38.79769047574577,8.871845782757074,0,8,37,73,108,121,181.0,567.0,1559.0,2513.0,3366.0,4271.0,17.12043187299996,12.094209608271989,4,21
43151.0,100.0,Akaki Kality,1.0,141.0,38.79769047574577,8.871845782757074,0,8,37,73,108,121,181.0,567.0,1559.0,2513.0,3366.0,4271.0,17.12043187299996,12.094209608271989,4,21
39785.0,100.0,Akaki Kality,1.0,141.0,38.79769047574577,8.871845782757074,0,8,37,73,108,121,181.0,567.0,1559.0,2513.0,3366.0,4271.0,17.12043187299996,12.094209608271989,4,21
36000.0,80.0,Akaki Kality,1.0,141.0,38.79769047574577,8.871845782757074,0,8,37,73,108,121,181.0,567.0,1559.0,2513.0,3366.0,4271.0,17.12043187299996,12.094209608271989,4,21
33333.33,100.0,Akaki Kality,1.0,141.0,38.79769047574577,8.871845782757074,0,8,37,73,108,121,181.0,567.0,1559.0,2513.0,3366.0,4271.0,17.12043187299996,12.094209608271989,4,21
30500.0,100.0,Akaki Kality,1.0,141.0,38.79769047574577,8.871845782757074,0,8,37,73,108,121,181.0,567.0,1559.0,2513.0,3366.0,4271.0,17.12043187299996,12.094209608271989,4,21
36112.0,76.0,Akaki Kality,1.0,141.0,38.79769047574577,8.871845782757074,0,8,37,73,108,121,181.0,567.0,1559.0,2513.0,3366.0,4271.0,17.12043187299996,12.094209608271989,4,21
32210.0,81.0,Akaki Kality,1.0,141.0,38.79769047574577,8.871845782757074,0,8,37,73,108,121,181.0,567.0,1559.0,2513.0,3366.0,4271.0,17.12043187299996,12.094209608271989,4,21
27125.0,90.0,Akaki Kality,1.0,141.0,38.79769047574577,8.871845782757074,0,8,37,73,108,121,181.0,567.0,1559.0,2513.0,3366.0,4271.0,17.12043187299996,12.094209608271989,4,21
28000.0,76.0,Akaki Kality,1.0,141.0,38.79769047574577,8.871845782757074,0,8,37,73,108,121,181.0,567.0,1559.0,2513.0,3366.0,4271.0,17.12043187299996,12.094209608271989,4,21
41265.0,100.0,Akaki Kality,1.0,141.0,38.79769047574577,8.871845782757074,0,8,37,73,108,121,181.0,567.0,1559.0,2513.0,3366.0,4271.0,17.12043187299996,12.094209608271989,4,21
35460.0,100.0,Akaki Kality,1.0,141.0,38.79769047574577,8.871845782757074,0,8,37,73,108,121,181.0,567.0,1559.0,2513.0,3366.0,4271.0,17.12043187299996,12.094209608271989,4,21
26250.0,100.0,Akaki Kality,1.0,141.0,38.79769047574577,8.871845782757074,0,8,37,73,108,121,181.0,567.0,1559.0,2513.0,3366.0,4271.0,17.12043187299996,12.094209608271989,4,21
45665.0,100.0,Akaki Kality,1.0,119.0,38.79769047574577,8.871845782757074,0,8,37,73,108,121,181.0,567.0,1559.0,2513.0,3366.0,4271.0,17.12043187299996,12.094209608271989,4,21
42019.0,100.0,Akaki Kality,1.0,119.0,38.79769047574577,8.871845782757074,0,8,37,73,108,121,181.0,567.0,1559.0,2513.0,3366.0,4271.0,17.12043187299996,12.094209608271989,4,21
21660.0,100.0,Akaki Kality,1.0,119.0,38.79769047574577,8.871845782757074,0,8,37,73,108,121,181.0,567.0,1559.0,2513.0,3366.0,4271.0,17.12043187299996,12.094209608271989,4,21
42058.82,100.0,Akaki Kality,1.0,119.0,38.79769047574577,8.871845782757074,0,8,37,73,108,121,181.0,567.0,1559.0,2513.0,3366.0,4271.0,17.12043187299996,12.094209608271989,4,21
38121.06,100.0,Akaki Kality,1.0,119.0,38.79769047574577,8.871845782757074,0,8,37,73,108,121,181.0,567.0,1559.0,2513.0,3366.0,4271.0,17.12043187299996,12.094209608271989,4,21
37100.0,100.0,Akaki Kality,1.0,119.0,38.79769047574577,8.871845782757074,0,8,37,73,108,121,181.0,567.0,1559.0,2513.0,3366.0,4271.0,17.12043187299996,12.094209608271989,4,21
43695.0,74.0,Akaki Kality,1.0,118.0,38.79769047574577,8.871845782757074,0,8,37,73,108,121,181.0,567.0,1559.0,2513.0,3366.0,4271.0,17.12043187299996,12.094209608271989,4,21
33411.11,100.0,Akaki Kality,1.0,118.0,38.79769047574577,8.871845782757074,0,8,37,73,108,121,181.0,567.0,1559.0,2513.0,3366.0,4271.0,17.12043187299996,12.094209608271989,4,21
45000.0,50.0,Akaki Kality,1.0,118.0,38.79769047574577,8.871845782757074,0,8,37,73,108,121,181.0,567.0,1559.0,2513.0,3366.0,4271.0,17.12043187299996,12.094209608271989,4,21
42381.36,100.0,Akaki Kality,1.0,118.0,38.79769047574577,8.871845782757074,0,8,37,73,108,121,181.0,567.0,1559.0,2513.0,3366.0,4271.0,17.12043187299996,12.094209608271989,4,21
32220.0,100.0,Akaki Kality,1.0,118.0,38.79769047574577,8.871845782757074,0,8,37,73,108,121,181.0,567.0,1559.0,2513.0,3366.0,4271.0,17.12043187299996,12.094209608271989,4,21
29962.63,100.0,Akaki Kality,1.0,118.0,38.79769047574577,8.871845782757074,0,8,37,73,108,121,181.0,567.0,1559.0,2513.0,3366.0,4271.0,17.12043187299996,12.094209608271989,4,21
44605.01,100.0,Akaki Kality,1.0,116.0,38.79769047574577,8.871845782757074,0,8,37,73,108,121,181.0,567.0,1559.0,2513.0,3366.0,4271.0,17.12043187299996,12.094209608271989,4,21
45000.0,75.0,Akaki Kality,1.0,116.0,38.79769047574577,8.871845782757074,0,8,37,73,108,121,181.0,567.0,1559.0,2513.0,3366.0,4271.0,17.12043187299996,12.094209608271989,4,21
30175.0,100.0,Akaki Kality,1.0,116.0,38.79769047574577,8.871845782757074,0,8,37,73,108,121,181.0,567.0,1559.0,2513.0,3366.0,4271.0,17.12043187299996,12.094209608271989,4,21
59200.0,40.0,Akaki Kality,1.0,115.0,38.79769047574577,8.871845782757074,0,8,37,73,108,121,181.0,567.0,1559.0,2513.0,3366.0,4271.0,17.12043187299996,12.094209608271989,4,21
28500.0,100.0,Akaki Kality,1.0,115.0,38.79769047574577,8.871845782757074,0,8,37,73,108,121,181.0,567.0,1559.0,2513.0,3366.0,4271.0,17.12043187299996,12.094209608271989,4,21
22000.0,100.0,Akaki Kality,1.0,115.0,38.79769047574577,8.871845782757074,0,8,37,73,108,121,181.0,567.0,1559.0,2513.0,3366.0,4271.0,17.12043187299996,12.094209608271989,4,21
31933.0,100.0,Akaki Kality,1.0,119.0,38.79769047574577,8.871845782757074,0,8,37,73,108,121,181.0,567.0,1559.0,2513.0,3366.0,4271.0,17.12043187299996,12.094209608271989,4,21
30016.0,100.0,Akaki Kality,1.0,119.0,38.79769047574577,8.871845782757074,0,8,37,73,108,121,181.0,567.0,1559.0,2513.0,3366.0,4271.0,17.12043187299996,12.094209608271989,4,21
27444.0,100.0,Akaki Kality,1.0,119.0,38.79769047574577,8.871845782757074,0,8,37,73,108,121,181.0,567.0,1559.0,2513.0,3366.0,4271.0,17.12043187299996,12.094209608271989,4,21
19750.0,65.0,Akaki Kality,1.0,119.0,38.79769047574577,8.871845782757074,0,8,37,73,108,121,181.0,567.0,1559.0,2513.0,3366.0,4271.0,17.12043187299996,12.094209608271989,4,21
20150.0,40.0,Akaki Kality,1.0,119.0,38.79769047574577,8.871845782757074,0,8,37,73,108,121,181.0,567.0,1559.0,2513.0,3366.0,4271.0,17.12043187299996,12.094209608271989,4,21
10000.0,100.0,Akaki Kality,1.0,119.0,38.79769047574577,8.871845782757074,0,8,37,73,108,121,181.0,567.0,1559.0,2513.0,3366.0,4271.0,17.12043187299996,12.094209608271989,4,21
39100.0,100.0,Akaki Kality,1.0,119.0,38.79769047574577,8.871845782757074,0,8,37,73,108,121,181.0,567.0,1559.0,2513.0,3366.0,4271.0,17.12043187299996,12.094209608271989,4,21
32550.0,100.0,Akaki Kality,1.0,119.0,38.79769047574577,8.871845782757074,0,8,37,73,108,121,181.0,567.0,1559.0,2513.0,3366.0,4271.0,17.12043187299996,12.094209608271989,4,21
31100.0,100.0,Akaki Kality,1.0,119.0,38.79769047574577,8.871845782757074,0,8,37,73,108,121,181.0,567.0,1559.0,2513.0,3366.0,4271.0,17.12043187299996,12.094209608271989,4,21
22876.0,100.0,Akaki Kality,1.0,119.0,38.79769047574577,8.871845782757074,0,8,37,73,108,121,181.0,567.0,1559.0,2513.0,3366.0,4271.0,17.12043187299996,12.094209608271989,4,21
25210.0,75.0,Akaki Kality,1.0,119.0,38.79769047574577,8.871845782757074,0,8,37,73,108,121,181.0,567.0,1559.0,2513.0,3366.0,4271.0,17.12043187299996,12.094209608271989,4,21
21000.0,100.0,Akaki Kality,1.0,119.0,38.79769047574577,8.871845782757074,0,8,37,73,108,121,181.0,567.0,1559.0,2513.0,3366.0,4271.0,17.12043187299996,12.094209608271989,4,21
36000.0,100.0,Akaki Kality,1.0,116.0,38.79769047574577,8.871845782757074,0,8,37,73,108,121,181.0,567.0,1559.0,2513.0,3366.0,4271.0,17.12043187299996,12.094209608271989,4,21
31000.0,100.0,Akaki Kality,1.0,116.0,38.79769047574577,8.871845782757074,0,8,37,73,108,121,181.0,567.0,1559.0,2513.0,3366.0,4271.0,17.12043187299996,12.094209608271989,4,21
27012.0,100.0,Akaki Kality,1.0,116.0,38.79769047574577,8.871845782757074,0,8,37,73,108,121,181.0,567.0,1559.0,2513.0,3366.0,4271.0,17.12043187299996,12.094209608271989,4,21
52115.0,55.0,Akaki Kality,1.0,115.0,38.79769047574577,8.871845782757074,0,8,37,73,108,121,181.0,567.0,1559.0,2513.0,3366.0,4271.0,17.12043187299996,12.094209608271989,4,21
31459.0,100.0,Akaki Kality,1.0,115.0,38.79769047574577,8.871845782757074,0,8,37,73,108,121,181.0,567.0,1559.0,2513.0,3366.0,4271.0,17.12043187299996,12.094209608271989,4,21
18923.0,100.0,Akaki Kality,1.0,115.0,38.79769047574577,8.871845782757074,0,8,37,73,108,121,181.0,567.0,1559.0,2513.0,3366.0,4271.0,17.12043187299996,12.094209608271989,4,21
15742.59,100.0,Akaki Kality,1.0,712.0,38.79769047574577,8.871845782757074,0,8,37,73,108,121,181.0,567.0,1559.0,2513.0,3366.0,4271.0,17.12043187299996,12.094209608271989,4,21
15555.0,100.0,Akaki Kality,1.0,712.0,38.79769047574577,8.871845782757074,0,8,37,73,108,121,181.0,567.0,1559.0,2513.0,3366.0,4271.0,17.12043187299996,12.094209608271989,4,21
1312.0,100.0,Akaki Kality,1.0,712.0,38.79769047574577,8.871845782757074,0,8,37,73,108,121,181.0,567.0,1559.0,2513.0,3366.0,4271.0,17.12043187299996,12.094209608271989,4,21
20500.0,60.0,Akaki Kality,1.0,881.0,38.79769047574577,8.871845782757074,0,8,37,73,108,121,181.0,567.0,1559.0,2513.0,3366.0,4271.0,17.12043187299996,12.094209608271989,4,21
12211.0,40.0,Akaki Kality,1.0,881.0,38.79769047574577,8.871845782757074,0,8,37,73,108,121,181.0,567.0,1559.0,2513.0,3366.0,4271.0,17.12043187299996,12.094209608271989,4,21
10200.0,45.0,Akaki Kality,1.0,881.0,38.79769047574577,8.871845782757074,0,8,37,73,108,121,181.0,567.0,1559.0,2513.0,3366.0,4271.0,17.12043187299996,12.094209608271989,4,21
11621.0,40.0,Akaki Kality,1.0,800.0,38.79769047574577,8.871845782757074,0,8,37,73,108,121,181.0,567.0,1559.0,2513.0,3366.0,4271.0,17.12043187299996,12.094209608271989,4,21
6189.0,100.0,Akaki Kality,1.0,800.0,38.79769047574577,8.871845782757074,0,8,37,73,108,121,181.0,567.0,1559.0,2513.0,3366.0,4271.0,17.12043187299996,12.094209608271989,4,21
10001.0,42.0,Akaki Kality,1.0,800.0,38.79769047574577,8.871845782757074,0,8,37,73,108,121,181.0,567.0,1559.0,2513.0,3366.0,4271.0,17.12043187299996,12.094209608271989,4,21
21150.0,60.0,Akaki Kality,1.0,682.0,38.79769047574577,8.871845782757074,0,8,37,73,108,121,181.0,567.0,1559.0,2513.0,3366.0,4271.0,17.12043187299996,12.094209608271989,4,21
15021.0,50.0,Akaki Kality,1.0,682.0,38.79769047574577,8.871845782757074,0,8,37,73,108,121,181.0,567.0,1559.0,2513.0,3366.0,4271.0,17.12043187299996,12.094209608271989,4,21
4850.0,100.0,Akaki Kality,1.0,682.0,38.79769047574577,8.871845782757074,0,8,37,73,108,121,181.0,567.0,1559.0,2513.0,3366.0,4271.0,17.12043187299996,12.094209608271989,4,21
13000.0,100.0,Akaki Kality,1.0,233.0,38.79769047574577,8.871845782757074,0,8,37,73,108,121,181.0,567.0,1559.0,2513.0,3366.0,4271.0,17.12043187299996,12.094209608271989,4,21
11000.0,100.0,Akaki Kality,1.0,233.0,38.79769047574577,8.871845782757074,0,8,37,73,108,121,181.0,567.0,1559.0,2513.0,3366.0,4271.0,17.12043187299996,12.094209608271989,4,21
8000.0,100.0,Akaki Kality,1.0,233.0,38.79769047574577,8.871845782757074,0,8,37,73,108,121,181.0,567.0,1559.0,2513.0,3366.0,4271.0,17.12043187299996,12.094209608271989,4,21
25775.0,100.0,Akaki Kality,1.0,195.0,38.79769047574577,8.871845782757074,0,8,37,73,108,121,181.0,567.0,1559.0,2513.0,3366.0,4271.0,17.12043187299996,12.094209608271989,4,21
15999.0,100.0,Akaki Kality,1.0,195.0,38.79769047574577,8.871845782757074,0,8,37,73,108,121,181.0,567.0,1559.0,2513.0,3366.0,4271.0,17.12043187299996,12.094209608271989,4,21
13000.0,100.0,Akaki Kality,1.0,195.0,38.79769047574577,8.871845782757074,0,8,37,73,108,121,181.0,567.0,1559.0,2513.0,3366.0,4271.0,17.12043187299996,12.094209608271989,4,21
26000.0,45.0,Akaki Kality,1.0,150.0,38.79769047574577,8.871845782757074,0,8,37,73,108,121,181.0,567.0,1559.0,2513.0,3366.0,4271.0,17.12043187299996,12.094209608271989,4,21
21759.0,62.0,Akaki Kality,1.0,150.0,38.79769047574577,8.871845782757074,0,8,37,73,108,121,181.0,567.0,1559.0,2513.0,3366.0,4271.0,17.12043187299996,12.094209608271989,4,21
8524.0,100.0,Akaki Kality,1.0,150.0,38.79769047574577,8.871845782757074,0,8,37,73,108,121,181.0,567.0,1559.0,2513.0,3366.0,4271.0,17.12043187299996,12.094209608271989,4,21
27301.0,100.0,Akaki Kality,1.0,150.0,38.79769047574577,8.871845782757074,0,8,37,73,108,121,181.0,567.0,1559.0,2513.0,3366.0,4271.0,17.12043187299996,12.094209608271989,4,21
21100.1,100.0,Akaki Kality,1.0,150.0,38.79769047574577,8.871845782757074,0,8,37,73,108,121,181.0,567.0,1559.0,2513.0,3366.0,4271.0,17.12043187299996,12.094209608271989,4,21
16666.67,80.0,Akaki Kality,1.0,150.0,38.79769047574577,8.871845782757074,0,8,37,73,108,121,181.0,567.0,1559.0,2513.0,3366.0,4271.0,17.12043187299996,12.094209608271989,4,21
25600.0,100.0,Akaki Kality,1.0,150.0,38.79769047574577,8.871845782757074,0,8,37,73,108,121,181.0,567.0,1559.0,2513.0,3366.0,4271.0,17.12043187299996,12.094209608271989,4,21
12112.0,100.0,Akaki Kality,1.0,150.0,38.79769047574577,8.871845782757074,0,8,37,73,108,121,181.0,567.0,1559.0,2513.0,3366.0,4271.0,17.12043187299996,12.094209608271989,4,21
10651.0,100.0,Akaki Kality,1.0,150.0,38.79769047574577,8.871845782757074,0,8,37,73,108,121,181.0,567.0,1559.0,2513.0,3366.0,4271.0,17.12043187299996,12.094209608271989,4,21
57255.0,65.0,Akaki Kality,1.0,150.0,38.79769047574577,8.871845782757074,0,8,37,73,108,121,181.0,567.0,1559.0,2513.0,3366.0,4271.0,17.12043187299996,12.094209608271989,4,21
31321.0,100.0,Akaki Kality,1.0,150.0,38.79769047574577,8.871845782757074,0,8,37,73,108,121,181.0,567.0,1559.0,2513.0,3366.0,4271.0,17.12043187299996,12.094209608271989,4,21
27762.0,100.0,Akaki Kality,1.0,150.0,38.79769047574577,8.871845782757074,0,8,37,73,108,121,181.0,567.0,1559.0,2513.0,3366.0,4271.0,17.12043187299996,12.094209608271989,4,21
22900.0,100.0,Akaki Kality,1.0,150.0,38.79769047574577,8.871845782757074,0,8,37,73,108,121,181.0,567.0,1559.0,2513.0,3366.0,4271.0,17.12043187299996,12.094209608271989,4,21
22550.0,100.0,Akaki Kality,1.0,150.0,38.79769047574577,8.871845782757074,0,8,37,73,108,121,181.0,567.0,1559.0,2513.0,3366.0,4271.0,17.12043187299996,12.094209608271989,4,21
27987.96,40.0,Akaki Kality,1.0,150.0,38.79769047574577,8.871845782757074,0,8,37,73,108,121,181.0,567.0,1559.0,2513.0,3366.0,4271.0,17.12043187299996,12.094209608271989,4,21
35123.0,100.0,Akaki Kality,1.0,150.0,38.79769047574577,8.871845782757074,0,8,37,73,108,121,181.0,567.0,1559.0,2513.0,3366.0,4271.0,17.12043187299996,12.094209608271989,4,21
31511.0,100.0,Akaki Kality,1.0,150.0,38.79769047574577,8.871845782757074,0,8,37,73,108,121,181.0,567.0,1559.0,2513.0,3366.0,4271.0,17.12043187299996,12.094209608271989,4,21
24227.21,100.0,Akaki Kality,1.0,150.0,38.79769047574577,8.871845782757074,0,8,37,73,108,121,181.0,567.0,1559.0,2513.0,3366.0,4271.0,17.12043187299996,12.094209608271989,4,21
22550.0,100.0,Akaki Kality,1.0,150.0,38.79769047574577,8.871845782757074,0,8,37,73,108,121,181.0,567.0,1559.0,2513.0,3366.0,4271.0,17.12043187299996,12.094209608271989,4,21
21000.0,100.0,Akaki Kality,1.0,150.0,38.79769047574577,8.871845782757074,0,8,37,73,108,121,181.0,567.0,1559.0,2513.0,3366.0,4271.0,17.12043187299996,12.094209608271989,4,21
17100.0,100.0,Akaki Kality,1.0,150.0,38.79769047574577,8.871845782757074,0,8,37,73,108,121,181.0,567.0,1559.0,2513.0,3366.0,4271.0,17.12043187299996,12.094209608271989,4,21
32570.0,82.0,Akaki Kality,1.0,150.0,38.79769047574577,8.871845782757074,0,8,37,73,108,121,181.0,567.0,1559.0,2513.0,3366.0,4271.0,17.12043187299996,12.094209608271989,4,21
32800.5,50.0,Akaki Kality,1.0,150.0,38.79769047574577,8.871845782757074,0,8,37,73,108,121,181.0,567.0,1559.0,2513.0,3366.0,4271.0,17.12043187299996,12.094209608271989,4,21
26550.0,60.0,Akaki Kality,1.0,150.0,38.79769047574577,8.871845782757074,0,8,37,73,108,121,181.0,567.0,1559.0,2513.0,3366.0,4271.0,17.12043187299996,12.094209608271989,4,21
31721.0,100.0,Akaki Kality,1.0,150.0,38.79769047574577,8.871845782757074,0,8,37,73,108,121,181.0,567.0,1559.0,2513.0,3366.0,4271.0,17.12043187299996,12.094209608271989,4,21
31150.0,100.0,Akaki Kality,1.0,150.0,38.79769047574577,8.871845782757074,0,8,37,73,108,121,181.0,567.0,1559.0,2513.0,3366.0,4271.0,17.12043187299996,12.094209608271989,4,21
25115.0,60.0,Akaki Kality,1.0,150.0,38.79769047574577,8.871845782757074,0,8,37,73,108,121,181.0,567.0,1559.0,2513.0,3366.0,4271.0,17.12043187299996,12.094209608271989,4,21
33721.0,100.0,Akaki Kality,1.0,150.0,38.79769047574577,8.871845782757074,0,8,37,73,108,121,181.0,567.0,1559.0,2513.0,3366.0,4271.0,17.12043187299996,12.094209608271989,4,21
31510.0,100.0,Akaki Kality,1.0,150.0,38.79769047574577,8.871845782757074,0,8,37,73,108,121,181.0,567.0,1559.0,2513.0,3366.0,4271.0,17.12043187299996,12.094209608271989,4,21
31500.0,60.0,Akaki Kality,1.0,150.0,38.79769047574577,8.871845782757074,0,8,37,73,108,121,181.0,567.0,1559.0,2513.0,3366.0,4271.0,17.12043187299996,12.094209608271989,4,21
32313.0,65.0,Akaki Kality,1.0,150.0,38.79769047574577,8.871845782757074,0,8,37,73,108,121,181.0,567.0,1559.0,2513.0,3366.0,4271.0,17.12043187299996,12.094209608271989,4,21
14221.0,100.0,Akaki Kality,1.0,150.0,38.79769047574577,8.871845782757074,0,8,37,73,108,121,181.0,567.0,1559.0,2513.0,3366.0,4271.0,17.12043187299996,12.094209608271989,4,21
11200.0,100.0,Akaki Kality,1.0,150.0,38.79769047574577,8.871845782757074,0,8,37,73,108,121,181.0,567.0,1559.0,2513.0,3366.0,4271.0,17.12043187299996,12.094209608271989,4,21
34510.0,100.0,Akaki Kality,1.0,150.0,38.79769047574577,8.871845782757074,0,8,37,73,108,121,181.0,567.0,1559.0,2513.0,3366.0,4271.0,17.12043187299996,12.094209608271989,4,21
27685.0,100.0,Akaki Kality,1.0,150.0,38.79769047574577,8.871845782757074,0,8,37,73,108,121,181.0,567.0,1559.0,2513.0,3366.0,4271.0,17.12043187299996,12.094209608271989,4,21
27271.0,100.0,Akaki Kality,1.0,150.0,38.79769047574577,8.871845782757074,0,8,37,73,108,121,181.0,567.0,1559.0,2513.0,3366.0,4271.0,17.12043187299996,12.094209608271989,4,21
24100.0,100.0,Akaki Kality,1.0,150.0,38.79769047574577,8.871845782757074,0,8,37,73,108,121,181.0,567.0,1559.0,2513.0,3366.0,4271.0,17.12043187299996,12.094209608271989,4,21
23000.0,100.0,Akaki Kality,1.0,150.0,38.79769047574577,8.871845782757074,0,8,37,73,108,121,181.0,567.0,1559.0,2513.0,3366.0,4271.0,17.12043187299996,12.094209608271989,4,21
14221.0,100.0,Akaki Kality,1.0,150.0,38.79769047574577,8.871845782757074,0,8,37,73,108,121,181.0,567.0,1559.0,2513.0,3366.0,4271.0,17.12043187299996,12.094209608271989,4,21
28785.0,100.0,Akaki Kality,1.0,150.0,38.79769047574577,8.871845782757074,0,8,37,73,108,121,181.0,567.0,1559.0,2513.0,3366.0,4271.0,17.12043187299996,12.094209608271989,4,21
22850.0,100.0,Akaki Kality,1.0,150.0,38.79769047574577,8.871845782757074,0,8,37,73,108,121,181.0,567.0,1559.0,2513.0,3366.0,4271.0,17.12043187299996,12.094209608271989,4,21
17000.0,100.0,Akaki Kality,1.0,150.0,38.79769047574577,8.871845782757074,0,8,37,73,108,121,181.0,567.0,1559.0,2513.0,3366.0,4271.0,17.12043187299996,12.094209608271989,4,21
28357.0,100.0,Akaki Kality,1.0,150.0,38.79769047574577,8.871845782757074,0,8,37,73,108,121,181.0,567.0,1559.0,2513.0,3366.0,4271.0,17.12043187299996,12.094209608271989,4,21
21000.0,100.0,Akaki Kality,1.0,150.0,38.79769047574577,8.871845782757074,0,8,37,73,108,121,181.0,567.0,1559.0,2513.0,3366.0,4271.0,17.12043187299996,12.094209608271989,4,21
14221.0,100.0,Akaki Kality,1.0,150.0,38.79769047574577,8.871845782757074,0,8,37,73,108,121,181.0,567.0,1559.0,2513.0,3366.0,4271.0,17.12043187299996,12.094209608271989,4,21
33000.0,100.0,Akaki Kality,1.0,150.0,38.79769047574577,8.871845782757074,0,8,37,73,108,121,181.0,567.0,1559.0,2513.0,3366.0,4271.0,17.12043187299996,12.094209608271989,4,21
30668.0,100.0,Akaki Kality,1.0,150.0,38.79769047574577,8.871845782757074,0,8,37,73,108,121,181.0,567.0,1559.0,2513.0,3366.0,4271.0,17.12043187299996,12.094209608271989,4,21
29217.0,100.0,Akaki Kality,1.0,150.0,38.79769047574577,8.871845782757074,0,8,37,73,108,121,181.0,567.0,1559.0,2513.0,3366.0,4271.0,17.12043187299996,12.094209608271989,4,21
8720.51,100.0,Akaki Kality,1.0,150.0,38.79769047574577,8.871845782757074,0,8,37,73,108,121,181.0,567.0,1559.0,2513.0,3366.0,4271.0,17.12043187299996,12.094209608271989,4,21
6770.0,100.0,Akaki Kality,1.0,150.0,38.79769047574577,8.871845782757074,0,8,37,73,108,121,181.0,567.0,1559.0,2513.0,3366.0,4271.0,17.12043187299996,12.094209608271989,4,21
2600.0,100.0,Akaki Kality,1.0,150.0,38.79769047574577,8.871845782757074,0,8,37,73,108,121,181.0,567.0,1559.0,2513.0,3366.0,4271.0,17.12043187299996,12.094209608271989,4,21
31125.0,100.0,Akaki Kality,1.0,150.0,38.79769047574577,8.871845782757074,0,8,37,73,108,121,181.0,567.0,1559.0,2513.0,3366.0,4271.0,17.12043187299996,12.094209608271989,4,21
35110.0,50.0,Akaki Kality,1.0,150.0,38.79769047574577,8.871845782757074,0,8,37,73,108,121,181.0,567.0,1559.0,2513.0,3366.0,4271.0,17.12043187299996,12.094209608271989,4,21
25500.0,75.0,Akaki Kality,1.0,150.0,38.79769047574577,8.871845782757074,0,8,37,73,108,121,181.0,567.0,1559.0,2513.0,3366.0,4271.0,17.12043187299996,12.094209608271989,4,21
16121.0,100.0,Akaki Kality,1.0,150.0,38.79769047574577,8.871845782757074,0,8,37,73,108,121,181.0,567.0,1559.0,2513.0,3366.0,4271.0,17.12043187299996,12.094209608271989,4,21
15121.0,100.0,Akaki Kality,1.0,150.0,38.79769047574577,8.871845782757074,0,8,37,73,108,121,181.0,567.0,1559.0,2513.0,3366.0,4271.0,17.12043187299996,12.094209608271989,4,21
6500.0,100.0,Akaki Kality,1.0,150.0,38.79769047574577,8.871845782757074,0,8,37,73,108,121,181.0,567.0,1559.0,2513.0,3366.0,4271.0,17.12043187299996,12.094209608271989,4,21
27790.0,100.0,Akaki Kality,1.0,150.0,38.79769047574577,8.871845782757074,0,8,37,73,108,121,181.0,567.0,1559.0,2513.0,3366.0,4271.0,17.12043187299996,12.094209608271989,4,21
27621.0,100.0,Akaki Kality,1.0,150.0,38.79769047574577,8.871845782757074,0,8,37,73,108,121,181.0,567.0,1559.0,2513.0,3366.0,4271.0,17.12043187299996,12.094209608271989,4,21
38500.0,45.0,Akaki Kality,1.0,150.0,38.79769047574577,8.871845782757074,0,8,37,73,108,121,181.0,567.0,1559.0,2513.0,3366.0,4271.0,17.12043187299996,12.094209608271989,4,21
48110.0,81.0,Akaki Kality,1.0,152.0,38.79769047574577,8.871845782757074,0,8,37,73,108,121,181.0,567.0,1559.0,2513.0,3366.0,4271.0,17.12043187299996,12.094209608271989,4,21
26889.0,100.0,Akaki Kality,1.0,152.0,38.79769047574577,8.871845782757074,0,8,37,73,108,121,181.0,567.0,1559.0,2513.0,3366.0,4271.0,17.12043187299996,12.094209608271989,4,21
25100.0,100.0,Akaki Kality,1.0,152.0,38.79769047574577,8.871845782757074,0,8,37,73,108,121,181.0,567.0,1559.0,2513.0,3366.0,4271.0,17.12043187299996,12.094209608271989,4,21
37000.0,100.0,Akaki Kality,1.0,154.0,38.79769047574577,8.871845782757074,0,8,37,73,108,121,181.0,567.0,1559.0,2513.0,3366.0,4271.0,17.12043187299996,12.094209608271989,4,21
13300.0,100.0,Akaki Kality,1.0,154.0,38.79769047574577,8.871845782757074,0,8,37,73,108,121,181.0,567.0,1559.0,2513.0,3366.0,4271.0,17.12043187299996,12.094209608271989,4,21
9500.0,100.0,Akaki Kality,1.0,154.0,38.79769047574577,8.871845782757074,0,8,37,73,108,121,181.0,567.0,1559.0,2513.0,3366.0,4271.0,17.12043187299996,12.094209608271989,4,21
33333.46,100.0,Akaki Kality,1.0,150.0,38.79769047574577,8.871845782757074,0,8,37,73,108,121,181.0,567.0,1559.0,2513.0,3366.0,4271.0,17.12043187299996,12.094209608271989,4,21
19350.0,100.0,Akaki Kality,1.0,150.0,38.79769047574577,8.871845782757074,0,8,37,73,108,121,181.0,567.0,1559.0,2513.0,3366.0,4271.0,17.12043187299996,12.094209608271989,4,21
8624.0,100.0,Akaki Kality,1.0,150.0,38.79769047574577,8.871845782757074,0,8,37,73,108,121,181.0,567.0,1559.0,2513.0,3366.0,4271.0,17.12043187299996,12.094209608271989,4,21
35555.0,100.0,Akaki Kality,1.0,150.0,38.79769047574577,8.871845782757074,0,8,37,73,108,121,181.0,567.0,1559.0,2513.0,3366.0,4271.0,17.12043187299996,12.094209608271989,4,21
23775.0,100.0,Akaki Kality,1.0,150.0,38.79769047574577,8.871845782757074,0,8,37,73,108,121,181.0,567.0,1559.0,2513.0,3366.0,4271.0,17.12043187299996,12.094209608271989,4,21
16129.0,100.0,Akaki Kality,1.0,150.0,38.79769047574577,8.871845782757074,0,8,37,73,108,121,181.0,567.0,1559.0,2513.0,3366.0,4271.0,17.12043187299996,12.094209608271989,4,21
36099.0,100.0,Akaki Kality,1.0,145.0,38.79769047574577,8.871845782757074,0,8,37,73,108,121,181.0,567.0,1559.0,2513.0,3366.0,4271.0,17.12043187299996,12.094209608271989,4,21
21629.0,100.0,Akaki Kality,1.0,145.0,38.79769047574577,8.871845782757074,0,8,37,73,108,121,181.0,567.0,1559.0,2513.0,3366.0,4271.0,17.12043187299996,12.094209608271989,4,21
21160.0,100.0,Akaki Kality,1.0,145.0,38.79769047574577,8.871845782757074,0,8,37,73,108,121,181.0,567.0,1559.0,2513.0,3366.0,4271.0,17.12043187299996,12.094209608271989,4,21
36000.0,60.0,Akaki Kality,1.0,141.0,38.79769047574577,8.871845782757074,0,8,37,73,108,121,181.0,567.0,1559.0,2513.0,3366.0,4271.0,17.12043187299996,12.094209608271989,4,21
22340.42,100.0,Akaki Kality,1.0,141.0,38.79769047574577,8.871845782757074,0,8,37,73,108,121,181.0,567.0,1559.0,2513.0,3366.0,4271.0,17.12043187299996,12.094209608271989,4,21
11159.0,100.0,Akaki Kality,1.0,141.0,38.79769047574577,8.871845782757074,0,8,37,73,108,121,181.0,567.0,1559.0,2513.0,3366.0,4271.0,17.12043187299996,12.094209608271989,4,21
21500.0,100.0,Akaki Kality,1.0,137.0,38.79769047574577,8.871845782757074,0,8,37,73,108,121,181.0,567.0,1559.0,2513.0,3366.0,4271.0,17.12043187299996,12.094209608271989,4,21
20656.0,65.0,Akaki Kality,1.0,137.0,38.79769047574577,8.871845782757074,0,8,37,73,108,121,181.0,567.0,1559.0,2513.0,3366.0,4271.0,17.12043187299996,12.094209608271989,4,21
14100.0,100.0,Akaki Kality,1.0,137.0,38.79769047574577,8.871845782757074,0,8,37,73,108,121,181.0,567.0,1559.0,2513.0,3366.0,4271.0,17.12043187299996,12.094209608271989,4,21
32302.0,100.0,Akaki Kality,1.0,131.0,38.79769047574577,8.871845782757074,0,8,37,73,108,121,181.0,567.0,1559.0,2513.0,3366.0,4271.0,17.12043187299996,12.094209608271989,4,21
24512.0,100.0,Akaki Kality,1.0,131.0,38.79769047574577,8.871845782757074,0,8,37,73,108,121,181.0,567.0,1559.0,2513.0,3366.0,4271.0,17.12043187299996,12.094209608271989,4,21
24160.0,100.0,Akaki Kality,1.0,131.0,38.79769047574577,8.871845782757074,0,8,37,73,108,121,181.0,567.0,1559.0,2513.0,3366.0,4271.0,17.12043187299996,12.094209608271989,4,21
51793.0,100.0,Addis Ketema,3.0,799.0,38.72228063505917,9.02296632280951,3,21,185,442,809,1202,190.0,663.0,2268.0,4833.0,8839.0,13500.0,3.344996615430097,9.682048550771121,14,33
17555.0,100.0,Addis Ketema,3.0,799.0,38.72228063505917,9.02296632280951,3,21,185,442,809,1202,190.0,663.0,2268.0,4833.0,8839.0,13500.0,3.344996615430097,9.682048550771121,14,33
17099.0,100.0,Addis Ketema,3.0,799.0,38.72228063505917,9.02296632280951,3,21,185,442,809,1202,190.0,663.0,2268.0,4833.0,8839.0,13500.0,3.344996615430097,9.682048550771121,14,33
45300.0,100.0,Addis Ketema,10.0,1439.0,38.71430633913609,9.04523783424222,10,38,140,260,451,780,155.0,589.0,2311.0,5129.0,8077.0,11493.0,5.096528574554598,11.780726233761454,14,26
41379.0,70.0,Addis Ketema,10.0,1439.0,38.71430633913609,9.04523783424222,10,38,140,260,451,780,155.0,589.0,2311.0,5129.0,8077.0,11493.0,5.096528574554598,11.780726233761454,14,26
27020.0,100.0,Addis Ketema,10.0,1439.0,38.71430633913609,9.04523783424222,10,38,140,260,451,780,155.0,589.0,2311.0,5129.0,8077.0,11493.0,5.096528574554598,11.780726233761454,14,26
26091.0,100.0,Addis Ketema,3.0,91.0,38.72228063505917,9.02296632280951,3,21,185,442,809,1202,190.0,663.0,2268.0,4833.0,8839.0,13500.0,3.344996615430097,9.682048550771121,14,33
15200.0,100.0,Addis Ketema,3.0,91.0,38.72228063505917,9.02296632280951,3,21,185,442,809,1202,190.0,663.0,2268.0,4833.0,8839.0,13500.0,3.344996615430097,9.682048550771121,14,33
13525.0,100.0,Addis Ketema,3.0,91.0,38.72228063505917,9.02296632280951,3,21,185,442,809,1202,190.0,663.0,2268.0,4833.0,8839.0,13500.0,3.344996615430097,9.682048550771121,14,33
37000.0,100.0,Addis Ketema,3.0,483.0,38.72228063505917,9.02296632280951,3,21,185,442,809,1202,190.0,663.0,2268.0,4833.0,8839.0,13500.0,3.344996615430097,9.682048550771121,14,33
56000.0,40.0,Addis Ketema,3.0,483.0,38.72228063505917,9.02296632280951,3,21,185,442,809,1202,190.0,663.0,2268.0,4833.0,8839.0,13500.0,3.344996615430097,9.682048550771121,14,33
18645.0,100.0,Addis Ketema,3.0,483.0,38.72228063505917,9.02296632280951,3,21,185,442,809,1202,190.0,663.0,2268.0,4833.0,8839.0,13500.0,3.344996615430097,9.682048550771121,14,33
30196.0,100.0,Addis Ketema,3.0,215.0,38.72228063505917,9.02296632280951,3,21,185,442,809,1202,190.0,663.0,2268.0,4833.0,8839.0,13500.0,3.344996615430097,9.682048550771121,14,33
26360.0,100.0,Addis Ketema,3.0,215.0,38.72228063505917,9.02296632280951,3,21,185,442,809,1202,190.0,663.0,2268.0,4833.0,8839.0,13500.0,3.344996615430097,9.682048550771121,14,33
42000.0,40.0,Addis Ketema,3.0,215.0,38.72228063505917,9.02296632280951,3,21,185,442,809,1202,190.0,663.0,2268.0,4833.0,8839.0,13500.0,3.344996615430097,9.682048550771121,14,33
78000.0,65.0,Nefas - Silk Lafto,5.0,916.0,38.74071647878066,8.975789347981525,5,44,154,450,777,1262,146.0,565.0,2077.0,4693.0,8061.0,12239.0,4.997516181465536,6.456574126757242,12,35
67000.0,40.0,Nefas - Silk Lafto,5.0,916.0,38.74071647878066,8.975789347981525,5,44,154,450,777,1262,146.0,565.0,2077.0,4693.0,8061.0,12239.0,4.997516181465536,6.456574126757242,12,35
31605.0,100.0,Nefas - Silk Lafto,5.0,916.0,38.74071647878066,8.975789347981525,5,44,154,450,777,1262,146.0,565.0,2077.0,4693.0,8061.0,12239.0,4.997516181465536,6.456574126757242,12,35
98300.0,100.0,Nefas - Silk Lafto,5.0,1536.0,38.74071647878066,8.975789347981525,5,44,154,450,777,1262,146.0,565.0,2077.0,4693.0,8061.0,12239.0,4.997516181465536,6.456574126757242,12,35
94531.0,100.0,Nefas - Silk Lafto,5.0,1536.0,38.74071647878066,8.975789347981525,5,44,154,450,777,1262,146.0,565.0,2077.0,4693.0,8061.0,12239.0,4.997516181465536,6.456574126757242,12,35
140000.0,40.0,Nefas - Silk Lafto,5.0,1536.0,38.74071647878066,8.975789347981525,5,44,154,450,777,1262,146.0,565.0,2077.0,4693.0,8061.0,12239.0,4.997516181465536,6.456574126757242,12,35
45272.0,100.0,Kolfe Keranyo,5.0,272.0,38.70133998874034,8.99109133083579,0,20,69,157,325,630,137.0,567.0,2418.0,4865.0,8440.0,12430.0,6.429452086460782,10.82203097494198,12,28
40512.21,100.0,Kolfe Keranyo,5.0,272.0,38.70133998874034,8.99109133083579,0,20,69,157,325,630,137.0,567.0,2418.0,4865.0,8440.0,12430.0,6.429452086460782,10.82203097494198,12,28
40445.28,100.0,Kolfe Keranyo,5.0,272.0,38.70133998874034,8.99109133083579,0,20,69,157,325,630,137.0,567.0,2418.0,4865.0,8440.0,12430.0,6.429452086460782,10.82203097494198,12,28
36100.0,100.0,Kolfe Keranyo,3.0,234.0,38.66448576228889,8.981861901777028,0,1,13,47,93,110,150.0,547.0,1683.0,3362.0,5418.0,7718.0,10.520148786680146,14.807531542598372,10,6
30050.0,100.0,Kolfe Keranyo,3.0,234.0,38.66448576228889,8.981861901777028,0,1,13,47,93,110,150.0,547.0,1683.0,3362.0,5418.0,7718.0,10.520148786680146,14.807531542598372,10,6
26350.0,100.0,Kolfe Keranyo,3.0,234.0,38.66448576228889,8.981861901777028,0,1,13,47,93,110,150.0,547.0,1683.0,3362.0,5418.0,7718.0,10.520148786680146,14.807531542598372,10,6
36100.0,70.0,Kolfe Keranyo,3.0,146.0,38.66448576228889,8.981861901777028,0,1,13,47,93,110,150.0,547.0,1683.0,3362.0,5418.0,7718.0,10.520148786680146,14.807531542598372,10,6
18161.5,100.0,Kolfe Keranyo,3.0,146.0,38.66448576228889,8.981861901777028,0,1,13,47,93,110,150.0,547.0,1683.0,3362.0,5418.0,7718.0,10.520148786680146,14.807531542598372,10,6
17567.0,100.0,Kolfe Keranyo,3.0,146.0,38.66448576228889,8.981861901777028,0,1,13,47,93,110,150.0,547.0,1683.0,3362.0,5418.0,7718.0,10.520148786680146,14.807531542598372,10,6
51500.0,90.0,Kolfe Keranyo,3.0,136.0,38.66448576228889,8.981861901777028,0,1,13,47,93,110,150.0,547.0,1683.0,3362.0,5418.0,7718.0,10.520148786680146,14.807531542598372,10,6
27160.0,100.0,Kolfe Keranyo,3.0,136.0,38.66448576228889,8.981861901777028,0,1,13,47,93,110,150.0,547.0,1683.0,3362.0,5418.0,7718.0,10.520148786680146,14.807531542598372,10,6
25150.0,100.0,Kolfe Keranyo,3.0,136.0,38.66448576228889,8.981861901777028,0,1,13,47,93,110,150.0,547.0,1683.0,3362.0,5418.0,7718.0,10.520148786680146,14.807531542598372,10,6
56100.0,100.0,Kolfe Keranyo,3.0,83.0,38.66448576228889,8.981861901777028,0,1,13,47,93,110,150.0,547.0,1683.0,3362.0,5418.0,7718.0,10.520148786680146,14.807531542598372,10,6
54100.0,100.0,Kolfe Keranyo,3.0,83.0,38.66448576228889,8.981861901777028,0,1,13,47,93,110,150.0,547.0,1683.0,3362.0,5418.0,7718.0,10.520148786680146,14.807531542598372,10,6
45150.0,100.0,Kolfe Keranyo,3.0,83.0,38.66448576228889,8.981861901777028,0,1,13,47,93,110,150.0,547.0,1683.0,3362.0,5418.0,7718.0,10.520148786680146,14.807531542598372,10,6
41000.0,100.0,Kolfe Keranyo,11.0,183.0,38.69151415483088,9.03730402006131,1,5,22,67,199,365,175.0,594.0,1835.0,4269.0,7526.0,11036.0,6.993307106017576,13.411908044571168,3,15
31111.0,100.0,Kolfe Keranyo,11.0,183.0,38.69151415483088,9.03730402006131,1,5,22,67,199,365,175.0,594.0,1835.0,4269.0,7526.0,11036.0,6.993307106017576,13.411908044571168,3,15
31050.0,100.0,Kolfe Keranyo,11.0,183.0,38.69151415483088,9.03730402006131,1,5,22,67,199,365,175.0,594.0,1835.0,4269.0,7526.0,11036.0,6.993307106017576,13.411908044571168,3,15
24760.0,100.0,Yeka,10.0,281.0,38.81551144932411,9.05976397126058,0,0,2,12,79,355,47.0,101.0,427.0,1076.0,2480.0,4902.0,8.259820379531071,8.980864821038413,8,2
19999.99,100.0,Yeka,10.0,281.0,38.81551144932411,9.05976397126058,0,0,2,12,79,355,47.0,101.0,427.0,1076.0,2480.0,4902.0,8.259820379531071,8.980864821038413,8,2
12550.0,100.0,Yeka,10.0,281.0,38.81551144932411,9.05976397126058,0,0,2,12,79,355,47.0,101.0,427.0,1076.0,2480.0,4902.0,8.259820379531071,8.980864821038413,8,2
31100.0,100.0,Akaki Kality,1.0,432.0,38.79769047574577,8.871845782757074,0,8,37,73,108,121,181.0,567.0,1559.0,2513.0,3366.0,4271.0,17.12043187299996,12.094209608271989,4,21
30127.0,80.0,Akaki Kality,1.0,432.0,38.79769047574577,8.871845782757074,0,8,37,73,108,121,181.0,567.0,1559.0,2513.0,3366.0,4271.0,17.12043187299996,12.094209608271989,4,21
25177.71,100.0,Akaki Kality,1.0,432.0,38.79769047574577,8.871845782757074,0,8,37,73,108,121,181.0,567.0,1559.0,2513.0,3366.0,4271.0,17.12043187299996,12.094209608271989,4,21
25000.6,100.0,Akaki Kality,1.0,429.0,38.79769047574577,8.871845782757074,0,8,37,73,108,121,181.0,567.0,1559.0,2513.0,3366.0,4271.0,17.12043187299996,12.094209608271989,4,21
23721.0,100.0,Akaki Kality,1.0,429.0,38.79769047574577,8.871845782757074,0,8,37,73,108,121,181.0,567.0,1559.0,2513.0,3366.0,4271.0,17.12043187299996,12.094209608271989,4,21
23350.0,100.0,Akaki Kality,1.0,429.0,38.79769047574577,8.871845782757074,0,8,37,73,108,121,181.0,567.0,1559.0,2513.0,3366.0,4271.0,17.12043187299996,12.094209608271989,4,21
45133.0,100.0,Akaki Kality,1.0,111.0,38.79769047574577,8.871845782757074,0,8,37,73,108,121,181.0,567.0,1559.0,2513.0,3366.0,4271.0,17.12043187299996,12.094209608271989,4,21
60000.0,60.0,Akaki Kality,1.0,111.0,38.79769047574577,8.871845782757074,0,8,37,73,108,121,181.0,567.0,1559.0,2513.0,3366.0,4271.0,17.12043187299996,12.094209608271989,4,21
37500.0,100.0,Akaki Kality,1.0,111.0,38.79769047574577,8.871845782757074,0,8,37,73,108,121,181.0,567.0,1559.0,2513.0,3366.0,4271.0,17.12043187299996,12.094209608271989,4,21
52221.19,100.0,Akaki Kality,1.0,110.0,38.79769047574577,8.871845782757074,0,8,37,73,108,121,181.0,567.0,1559.0,2513.0,3366.0,4271.0,17.12043187299996,12.094209608271989,4,21
72730.0,50.0,Akaki Kality,1.0,110.0,38.79769047574577,8.871845782757074,0,8,37,73,108,121,181.0,567.0,1559.0,2513.0,3366.0,4271.0,17.12043187299996,12.094209608271989,4,21
45012.0,100.0,Akaki Kality,1.0,110.0,38.79769047574577,8.871845782757074,0,8,37,73,108,121,181.0,567.0,1559.0,2513.0,3366.0,4271.0,17.12043187299996,12.094209608271989,4,21
38990.45,100.0,Akaki Kality,4.0,194.0,38.76162967755072,8.878099647196903,4,13,33,69,82,100,53.0,207.0,678.0,1438.0,2262.0,3466.0,15.721658669483254,12.12544200092115,7,15
37621.0,100.0,Akaki Kality,4.0,194.0,38.76162967755072,8.878099647196903,4,13,33,69,82,100,53.0,207.0,678.0,1438.0,2262.0,3466.0,15.721658669483254,12.12544200092115,7,15
40820.0,87.0,Akaki Kality,4.0,194.0,38.76162967755072,8.878099647196903,4,13,33,69,82,100,53.0,207.0,678.0,1438.0,2262.0,3466.0,15.721658669483254,12.12544200092115,7,15
27850.0,100.0,Akaki Kality,4.0,322.0,38.76162967755072,8.878099647196903,4,13,33,69,82,100,53.0,207.0,678.0,1438.0,2262.0,3466.0,15.721658669483254,12.12544200092115,7,15
25721.0,100.0,Akaki Kality,4.0,322.0,38.76162967755072,8.878099647196903,4,13,33,69,82,100,53.0,207.0,678.0,1438.0,2262.0,3466.0,15.721658669483254,12.12544200092115,7,15
28200.0,80.0,Akaki Kality,4.0,322.0,38.76162967755072,8.878099647196903,4,13,33,69,82,100,53.0,207.0,678.0,1438.0,2262.0,3466.0,15.721658669483254,12.12544200092115,7,15
42500.0,75.0,Akaki Kality,4.0,318.0,38.76162967755072,8.878099647196903,4,13,33,69,82,100,53.0,207.0,678.0,1438.0,2262.0,3466.0,15.721658669483254,12.12544200092115,7,15
31978.78,100.0,Akaki Kality,4.0,318.0,38.76162967755072,8.878099647196903,4,13,33,69,82,100,53.0,207.0,678.0,1438.0,2262.0,3466.0,15.721658669483254,12.12544200092115,7,15
29721.0,100.0,Akaki Kality,4.0,318.0,38.76162967755072,8.878099647196903,4,13,33,69,82,100,53.0,207.0,678.0,1438.0,2262.0,3466.0,15.721658669483254,12.12544200092115,7,15
36558.0,100.0,Akaki Kality,2.0,757.0,38.80014513086449,8.84933284654248,0,2,11,28,59,77,10.0,113.0,827.0,1898.0,2690.0,3367.0,19.600027975680334,14.596536746406308,9,7
35400.0,48.0,Akaki Kality,2.0,757.0,38.80014513086449,8.84933284654248,0,2,11,28,59,77,10.0,113.0,827.0,1898.0,2690.0,3367.0,19.600027975680334,14.596536746406308,9,7
21677.0,100.0,Akaki Kality,2.0,757.0,38.80014513086449,8.84933284654248,0,2,11,28,59,77,10.0,113.0,827.0,1898.0,2690.0,3367.0,19.600027975680334,14.596536746406308,9,7
38220.0,100.0,Akaki Kality,8.0,82.0,38.78234356596863,8.894001187595702,2,15,63,90,113,137,111.0,302.0,1078.0,2203.0,3577.0,5027.0,14.302189201851867,9.80783104484501,1,17
48781.0,60.0,Akaki Kality,8.0,82.0,38.78234356596863,8.894001187595702,2,15,63,90,113,137,111.0,302.0,1078.0,2203.0,3577.0,5027.0,14.302189201851867,9.80783104484501,1,17
32555.55,100.0,Akaki Kality,8.0,82.0,38.78234356596863,8.894001187595702,2,15,63,90,113,137,111.0,302.0,1078.0,2203.0,3577.0,5027.0,14.302189201851867,9.80783104484501,1,17
33226.0,100.0,Akaki Kality,8.0,105.0,38.78234356596863,8.894001187595702,2,15,63,90,113,137,111.0,302.0,1078.0,2203.0,3577.0,5027.0,14.302189201851867,9.80783104484501,1,17
31327.0,100.0,Akaki Kality,8.0,105.0,38.78234356596863,8.894001187595702,2,15,63,90,113,137,111.0,302.0,1078.0,2203.0,3577.0,5027.0,14.302189201851867,9.80783104484501,1,17
30150.0,100.0,Akaki Kality,8.0,105.0,38.78234356596863,8.894001187595702,2,15,63,90,113,137,111.0,302.0,1078.0,2203.0,3577.0,5027.0,14.302189201851867,9.80783104484501,1,17
43601.0,100.0,Akaki Kality,8.0,106.0,38.78234356596863,8.894001187595702,2,15,63,90,113,137,111.0,302.0,1078.0,2203.0,3577.0,5027.0,14.302189201851867,9.80783104484501,1,17
32120.0,100.0,Akaki Kality,8.0,106.0,38.78234356596863,8.894001187595702,2,15,63,90,113,137,111.0,302.0,1078.0,2203.0,3577.0,5027.0,14.302189201851867,9.80783104484501,1,17
31150.0,100.0,Akaki Kality,8.0,106.0,38.78234356596863,8.894001187595702,2,15,63,90,113,137,111.0,302.0,1078.0,2203.0,3577.0,5027.0,14.302189201851867,9.80783104484501,1,17
37721.0,100.0,Akaki Kality,8.0,105.0,38.78234356596863,8.894001187595702,2,15,63,90,113,137,111.0,302.0,1078.0,2203.0,3577.0,5027.0,14.302189201851867,9.80783104484501,1,17
32120.0,100.0,Akaki Kality,8.0,105.0,38.78234356596863,8.894001187595702,2,15,63,90,113,137,111.0,302.0,1078.0,2203.0,3577.0,5027.0,14.302189201851867,9.80783104484501,1,17
31770.0,100.0,Akaki Kality,8.0,105.0,38.78234356596863,8.894001187595702,2,15,63,90,113,137,111.0,302.0,1078.0,2203.0,3577.0,5027.0,14.302189201851867,9.80783104484501,1,17
43621.0,100.0,Akaki Kality,8.0,104.0,38.78234356596863,8.894001187595702,2,15,63,90,113,137,111.0,302.0,1078.0,2203.0,3577.0,5027.0,14.302189201851867,9.80783104484501,1,17
32120.0,100.0,Akaki Kality,8.0,104.0,38.78234356596863,8.894001187595702,2,15,63,90,113,137,111.0,302.0,1078.0,2203.0,3577.0,5027.0,14.302189201851867,9.80783104484501,1,17
31000.0,100.0,Akaki Kality,8.0,104.0,38.78234356596863,8.894001187595702,2,15,63,90,113,137,111.0,302.0,1078.0,2203.0,3577.0,5027.0,14.302189201851867,9.80783104484501,1,17
33621.0,100.0,Akaki Kality,8.0,105.0,38.78234356596863,8.894001187595702,2,15,63,90,113,137,111.0,302.0,1078.0,2203.0,3577.0,5027.0,14.302189201851867,9.80783104484501,1,17
32120.0,100.0,Akaki Kality,8.0,105.0,38.78234356596863,8.894001187595702,2,15,63,90,113,137,111.0,302.0,1078.0,2203.0,3577.0,5027.0,14.302189201851867,9.80783104484501,1,17
31200.0,100.0,Akaki Kality,8.0,105.0,38.78234356596863,8.894001187595702,2,15,63,90,113,137,111.0,302.0,1078.0,2203.0,3577.0,5027.0,14.302189201851867,9.80783104484501,1,17
42621.0,100.0,Akaki Kality,8.0,103.0,38.78234356596863,8.894001187595702,2,15,63,90,113,137,111.0,302.0,1078.0,2203.0,3577.0,5027.0,14.302189201851867,9.80783104484501,1,17
32099.0,100.0,Akaki Kality,8.0,103.0,38.78234356596863,8.894001187595702,2,15,63,90,113,137,111.0,302.0,1078.0,2203.0,3577.0,5027.0,14.302189201851867,9.80783104484501,1,17
28005.0,100.0,Akaki Kality,8.0,103.0,38.78234356596863,8.894001187595702,2,15,63,90,113,137,111.0,302.0,1078.0,2203.0,3577.0,5027.0,14.302189201851867,9.80783104484501,1,17
40621.0,100.0,Akaki Kality,8.0,111.0,38.78234356596863,8.894001187595702,2,15,63,90,113,137,111.0,302.0,1078.0,2203.0,3577.0,5027.0,14.302189201851867,9.80783104484501,1,17
57512.0,42.0,Akaki Kality,8.0,111.0,38.78234356596863,8.894001187595702,2,15,63,90,113,137,111.0,302.0,1078.0,2203.0,3577.0,5027.0,14.302189201851867,9.80783104484501,1,17
32700.0,100.0,Akaki Kality,8.0,111.0,38.78234356596863,8.894001187595702,2,15,63,90,113,137,111.0,302.0,1078.0,2203.0,3577.0,5027.0,14.302189201851867,9.80783104484501,1,17
32100.0,100.0,Akaki Kality,1.0,468.0,38.79769047574577,8.871845782757074,0,8,37,73,108,121,181.0,567.0,1559.0,2513.0,3366.0,4271.0,17.12043187299996,12.094209608271989,4,21
29721.0,100.0,Akaki Kality,1.0,468.0,38.79769047574577,8.871845782757074,0,8,37,73,108,121,181.0,567.0,1559.0,2513.0,3366.0,4271.0,17.12043187299996,12.094209608271989,4,21
27323.0,100.0,Akaki Kality,1.0,468.0,38.79769047574577,8.871845782757074,0,8,37,73,108,121,181.0,567.0,1559.0,2513.0,3366.0,4271.0,17.12043187299996,12.094209608271989,4,21
27616.0,100.0,Akaki Kality,2.0,232.0,38.80014513086449,8.84933284654248,0,2,11,28,59,77,10.0,113.0,827.0,1898.0,2690.0,3367.0,19.600027975680334,14.596536746406308,9,7
25100.0,100.0,Akaki Kality,2.0,232.0,38.80014513086449,8.84933284654248,0,2,11,28,59,77,10.0,113.0,827.0,1898.0,2690.0,3367.0,19.600027975680334,14.596536746406308,9,7
22200.0,100.0,Akaki Kality,2.0,232.0,38.80014513086449,8.84933284654248,0,2,11,28,59,77,10.0,113.0,827.0,1898.0,2690.0,3367.0,19.600027975680334,14.596536746406308,9,7
35132.31,100.0,Akaki Kality,2.0,232.0,38.80014513086449,8.84933284654248,0,2,11,28,59,77,10.0,113.0,827.0,1898.0,2690.0,3367.0,19.600027975680334,14.596536746406308,9,7
35111.0,80.0,Akaki Kality,2.0,232.0,38.80014513086449,8.84933284654248,0,2,11,28,59,77,10.0,113.0,827.0,1898.0,2690.0,3367.0,19.600027975680334,14.596536746406308,9,7
27000.0,100.0,Akaki Kality,2.0,232.0,38.80014513086449,8.84933284654248,0,2,11,28,59,77,10.0,113.0,827.0,1898.0,2690.0,3367.0,19.600027975680334,14.596536746406308,9,7
37890.0,100.0,Akaki Kality,2.0,233.0,38.80014513086449,8.84933284654248,0,2,11,28,59,77,10.0,113.0,827.0,1898.0,2690.0,3367.0,19.600027975680334,14.596536746406308,9,7
29100.0,100.0,Akaki Kality,2.0,233.0,38.80014513086449,8.84933284654248,0,2,11,28,59,77,10.0,113.0,827.0,1898.0,2690.0,3367.0,19.600027975680334,14.596536746406308,9,7
27921.0,100.0,Akaki Kality,2.0,233.0,38.80014513086449,8.84933284654248,0,2,11,28,59,77,10.0,113.0,827.0,1898.0,2690.0,3367.0,19.600027975680334,14.596536746406308,9,7
28721.0,100.0,Akaki Kality,2.0,213.0,38.80014513086449,8.84933284654248,0,2,11,28,59,77,10.0,113.0,827.0,1898.0,2690.0,3367.0,19.600027975680334,14.596536746406308,9,7
25150.0,100.0,Akaki Kality,2.0,213.0,38.80014513086449,8.84933284654248,0,2,11,28,59,77,10.0,113.0,827.0,1898.0,2690.0,3367.0,19.600027975680334,14.596536746406308,9,7
17152.0,100.0,Akaki Kality,2.0,213.0,38.80014513086449,8.84933284654248,0,2,11,28,59,77,10.0,113.0,827.0,1898.0,2690.0,3367.0,19.600027975680334,14.596536746406308,9,7
53629.0,100.0,Akaki Kality,1.0,88.0,38.79769047574577,8.871845782757074,0,8,37,73,108,121,181.0,567.0,1559.0,2513.0,3366.0,4271.0,17.12043187299996,12.094209608271989,4,21
47330.0,100.0,Akaki Kality,1.0,88.0,38.79769047574577,8.871845782757074,0,8,37,73,108,121,181.0,567.0,1559.0,2513.0,3366.0,4271.0,17.12043187299996,12.094209608271989,4,21
45520.0,100.0,Akaki Kality,1.0,88.0,38.79769047574577,8.871845782757074,0,8,37,73,108,121,181.0,567.0,1559.0,2513.0,3366.0,4271.0,17.12043187299996,12.094209608271989,4,21
48511.0,100.0,Akaki Kality,1.0,86.0,38.79769047574577,8.871845782757074,0,8,37,73,108,121,181.0,567.0,1559.0,2513.0,3366.0,4271.0,17.12043187299996,12.094209608271989,4,21
46770.0,100.0,Akaki Kality,1.0,86.0,38.79769047574577,8.871845782757074,0,8,37,73,108,121,181.0,567.0,1559.0,2513.0,3366.0,4271.0,17.12043187299996,12.094209608271989,4,21
45703.0,100.0,Akaki Kality,1.0,86.0,38.79769047574577,8.871845782757074,0,8,37,73,108,121,181.0,567.0,1559.0,2513.0,3366.0,4271.0,17.12043187299996,12.094209608271989,4,21
52500.0,100.0,Akaki Kality,1.0,86.0,38.79769047574577,8.871845782757074,0,8,37,73,108,121,181.0,567.0,1559.0,2513.0,3366.0,4271.0,17.12043187299996,12.094209608271989,4,21
52200.0,100.0,Akaki Kality,1.0,86.0,38.79769047574577,8.871845782757074,0,8,37,73,108,121,181.0,567.0,1559.0,2513.0,3366.0,4271.0,17.12043187299996,12.094209608271989,4,21
48200.0,100.0,Akaki Kality,1.0,86.0,38.79769047574577,8.871845782757074,0,8,37,73,108,121,181.0,567.0,1559.0,2513.0,3366.0,4271.0,17.12043187299996,12.094209608271989,4,21
53338.0,100.0,Akaki Kality,1.0,86.0,38.79769047574577,8.871845782757074,0,8,37,73,108,121,181.0,567.0,1559.0,2513.0,3366.0,4271.0,17.12043187299996,12.094209608271989,4,21
48200.0,100.0,Akaki Kality,1.0,86.0,38.79769047574577,8.871845782757074,0,8,37,73,108,121,181.0,567.0,1559.0,2513.0,3366.0,4271.0,17.12043187299996,12.094209608271989,4,21
47350.0,100.0,Akaki Kality,1.0,86.0,38.79769047574577,8.871845782757074,0,8,37,73,108,121,181.0,567.0,1559.0,2513.0,3366.0,4271.0,17.12043187299996,12.094209608271989,4,21
65855.0,100.0,Akaki Kality,1.0,87.0,38.79769047574577,8.871845782757074,0,8,37,73,108,121,181.0,567.0,1559.0,2513.0,3366.0,4271.0,17.12043187299996,12.094209608271989,4,21
63684.0,100.0,Akaki Kality,1.0,87.0,38.79769047574577,8.871845782757074,0,8,37,73,108,121,181.0,567.0,1559.0,2513.0,3366.0,4271.0,17.12043187299996,12.094209608271989,4,21
57477.77,100.0,Akaki Kality,1.0,87.0,38.79769047574577,8.871845782757074,0,8,37,73,108,121,181.0,567.0,1559.0,2513.0,3366.0,4271.0,17.12043187299996,12.094209608271989,4,21
67120.0,100.0,Akaki Kality,1.0,90.0,38.79769047574577,8.871845782757074,0,8,37,73,108,121,181.0,567.0,1559.0,2513.0,3366.0,4271.0,17.12043187299996,12.094209608271989,4,21
91330.0,40.0,Akaki Kality,1.0,90.0,38.79769047574577,8.871845782757074,0,8,37,73,108,121,181.0,567.0,1559.0,2513.0,3366.0,4271.0,17.12043187299996,12.094209608271989,4,21
48100.17,100.0,Akaki Kality,1.0,90.0,38.79769047574577,8.871845782757074,0,8,37,73,108,121,181.0,567.0,1559.0,2513.0,3366.0,4271.0,17.12043187299996,12.094209608271989,4,21
55999.0,100.0,Akaki Kality,1.0,90.0,38.79769047574577,8.871845782757074,0,8,37,73,108,121,181.0,567.0,1559.0,2513.0,3366.0,4271.0,17.12043187299996,12.094209608271989,4,21
48230.0,100.0,Akaki Kality,1.0,90.0,38.79769047574577,8.871845782757074,0,8,37,73,108,121,181.0,567.0,1559.0,2513.0,3366.0,4271.0,17.12043187299996,12.094209608271989,4,21
47778.0,100.0,Akaki Kality,1.0,90.0,38.79769047574577,8.871845782757074,0,8,37,73,108,121,181.0,567.0,1559.0,2513.0,3366.0,4271.0,17.12043187299996,12.094209608271989,4,21
64100.0,100.0,Akaki Kality,1.0,90.0,38.79769047574577,8.871845782757074,0,8,37,73,108,121,181.0,567.0,1559.0,2513.0,3366.0,4271.0,17.12043187299996,12.094209608271989,4,21
70000.0,60.0,Akaki Kality,1.0,90.0,38.79769047574577,8.871845782757074,0,8,37,73,108,121,181.0,567.0,1559.0,2513.0,3366.0,4271.0,17.12043187299996,12.094209608271989,4,21
51200.0,100.0,Akaki Kality,1.0,90.0,38.79769047574577,8.871845782757074,0,8,37,73,108,121,181.0,567.0,1559.0,2513.0,3366.0,4271.0,17.12043187299996,12.094209608271989,4,21
65000.0,100.0,Akaki Kality,1.0,90.0,38.79769047574577,8.871845782757074,0,8,37,73,108,121,181.0,567.0,1559.0,2513.0,3366.0,4271.0,17.12043187299996,12.094209608271989,4,21
47721.0,100.0,Akaki Kality,1.0,90.0,38.79769047574577,8.871845782757074,0,8,37,73,108,121,181.0,567.0,1559.0,2513.0,3366.0,4271.0,17.12043187299996,12.094209608271989,4,21
46481.0,100.0,Akaki Kality,1.0,90.0,38.79769047574577,8.871845782757074,0,8,37,73,108,121,181.0,567.0,1559.0,2513.0,3366.0,4271.0,17.12043187299996,12.094209608271989,4,21
50100.0,100.0,Akaki Kality,1.0,116.0,38.79769047574577,8.871845782757074,0,8,37,73,108,121,181.0,567.0,1559.0,2513.0,3366.0,4271.0,17.12043187299996,12.094209608271989,4,21
50001.5,100.0,Akaki Kality,1.0,116.0,38.79769047574577,8.871845782757074,0,8,37,73,108,121,181.0,567.0,1559.0,2513.0,3366.0,4271.0,17.12043187299996,12.094209608271989,4,21
42880.0,100.0,Akaki Kality,1.0,116.0,38.79769047574577,8.871845782757074,0,8,37,73,108,121,181.0,567.0,1559.0,2513.0,3366.0,4271.0,17.12043187299996,12.094209608271989,4,21
61200.0,100.0,Gulele,7.0,132.0,38.73876325393147,9.070532817420135,2,9,41,162,313,615,181.0,563.0,1646.0,3095.0,4875.0,7364.0,5.9039090321500725,12.008239156826676,6,23
57788.0,100.0,Gulele,7.0,132.0,38.73876325393147,9.070532817420135,2,9,41,162,313,615,181.0,563.0,1646.0,3095.0,4875.0,7364.0,5.9039090321500725,12.008239156826676,6,23
83333.33,53.0,Gulele,7.0,132.0,38.73876325393147,9.070532817420135,2,9,41,162,313,615,181.0,563.0,1646.0,3095.0,4875.0,7364.0,5.9039090321500725,12.008239156826676,6,23
50013.0,100.0,Gulele,7.0,187.0,38.73876325393147,9.070532817420135,2,9,41,162,313,615,181.0,563.0,1646.0,3095.0,4875.0,7364.0,5.9039090321500725,12.008239156826676,6,23
49360.0,100.0,Gulele,7.0,187.0,38.73876325393147,9.070532817420135,2,9,41,162,313,615,181.0,563.0,1646.0,3095.0,4875.0,7364.0,5.9039090321500725,12.008239156826676,6,23
48300.0,100.0,Gulele,7.0,187.0,38.73876325393147,9.070532817420135,2,9,41,162,313,615,181.0,563.0,1646.0,3095.0,4875.0,7364.0,5.9039090321500725,12.008239156826676,6,23
57700.0,100.0,Gulele,7.0,185.0,38.73876325393147,9.070532817420135,2,9,41,162,313,615,181.0,563.0,1646.0,3095.0,4875.0,7364.0,5.9039090321500725,12.008239156826676,6,23
51760.0,100.0,Gulele,7.0,185.0,38.73876325393147,9.070532817420135,2,9,41,162,313,615,181.0,563.0,1646.0,3095.0,4875.0,7364.0,5.9039090321500725,12.008239156826676,6,23
50112.0,100.0,Gulele,7.0,185.0,38.73876325393147,9.070532817420135,2,9,41,162,313,615,181.0,563.0,1646.0,3095.0,4875.0,7364.0,5.9039090321500725,12.008239156826676,6,23
82113.0,65.0,Gulele,7.0,140.0,38.73876325393147,9.070532817420135,2,9,41,162,313,615,181.0,563.0,1646.0,3095.0,4875.0,7364.0,5.9039090321500725,12.008239156826676,6,23
62121.0,70.0,Gulele,7.0,140.0,38.73876325393147,9.070532817420135,2,9,41,162,313,615,181.0,563.0,1646.0,3095.0,4875.0,7364.0,5.9039090321500725,12.008239156826676,6,23
43100.0,100.0,Gulele,7.0,140.0,38.73876325393147,9.070532817420135,2,9,41,162,313,615,181.0,563.0,1646.0,3095.0,4875.0,7364.0,5.9039090321500725,12.008239156826676,6,23
71000.0,75.0,Gulele,7.0,172.0,38.73876325393147,9.070532817420135,2,9,41,162,313,615,181.0,563.0,1646.0,3095.0,4875.0,7364.0,5.9039090321500725,12.008239156826676,6,23
54100.0,100.0,Gulele,7.0,172.0,38.73876325393147,9.070532817420135,2,9,41,162,313,615,181.0,563.0,1646.0,3095.0,4875.0,7364.0,5.9039090321500725,12.008239156826676,6,23
47100.0,100.0,Gulele,7.0,172.0,38.73876325393147,9.070532817420135,2,9,41,162,313,615,181.0,563.0,1646.0,3095.0,4875.0,7364.0,5.9039090321500725,12.008239156826676,6,23
71999.99,100.0,Gulele,7.0,171.0,38.73876325393147,9.070532817420135,2,9,41,162,313,615,181.0,563.0,1646.0,3095.0,4875.0,7364.0,5.9039090321500725,12.008239156826676,6,23
55600.0,100.0,Gulele,7.0,171.0,38.73876325393147,9.070532817420135,2,9,41,162,313,615,181.0,563.0,1646.0,3095.0,4875.0,7364.0,5.9039090321500725,12.008239156826676,6,23
62121.0,70.0,Gulele,7.0,171.0,38.73876325393147,9.070532817420135,2,9,41,162,313,615,181.0,563.0,1646.0,3095.0,4875.0,7364.0,5.9039090321500725,12.008239156826676,6,23
90100.0,40.0,Gulele,7.0,137.0,38.73876325393147,9.070532817420135,2,9,41,162,313,615,181.0,563.0,1646.0,3095.0,4875.0,7364.0,5.9039090321500725,12.008239156826676,6,23
52512.12,100.0,Gulele,7.0,137.0,38.73876325393147,9.070532817420135,2,9,41,162,313,615,181.0,563.0,1646.0,3095.0,4875.0,7364.0,5.9039090321500725,12.008239156826676,6,23
47445.25,100.0,Gulele,7.0,137.0,38.73876325393147,9.070532817420135,2,9,41,162,313,615,181.0,563.0,1646.0,3095.0,4875.0,7364.0,5.9039090321500725,12.008239156826676,6,23
54100.0,100.0,Gulele,7.0,175.0,38.73876325393147,9.070532817420135,2,9,41,162,313,615,181.0,563.0,1646.0,3095.0,4875.0,7364.0,5.9039090321500725,12.008239156826676,6,23
45150.0,100.0,Gulele,7.0,175.0,38.73876325393147,9.070532817420135,2,9,41,162,313,615,181.0,563.0,1646.0,3095.0,4875.0,7364.0,5.9039090321500725,12.008239156826676,6,23
37714.0,100.0,Gulele,7.0,175.0,38.73876325393147,9.070532817420135,2,9,41,162,313,615,181.0,563.0,1646.0,3095.0,4875.0,7364.0,5.9039090321500725,12.008239156826676,6,23
51151.0,100.0,Gulele,7.0,176.0,38.73876325393147,9.070532817420135,2,9,41,162,313,615,181.0,563.0,1646.0,3095.0,4875.0,7364.0,5.9039090321500725,12.008239156826676,6,23
62121.0,70.0,Gulele,7.0,176.0,38.73876325393147,9.070532817420135,2,9,41,162,313,615,181.0,563.0,1646.0,3095.0,4875.0,7364.0,5.9039090321500725,12.008239156826676,6,23
49521.0,100.0,Gulele,7.0,176.0,38.73876325393147,9.070532817420135,2,9,41,162,313,615,181.0,563.0,1646.0,3095.0,4875.0,7364.0,5.9039090321500725,12.008239156826676,6,23
30629.0,55.0,Akaki Kality,4.0,441.0,38.76162967755072,8.878099647196903,4,13,33,69,82,100,53.0,207.0,678.0,1438.0,2262.0,3466.0,15.721658669483254,12.12544200092115,7,15
16781.24,100.0,Akaki Kality,4.0,441.0,38.76162967755072,8.878099647196903,4,13,33,69,82,100,53.0,207.0,678.0,1438.0,2262.0,3466.0,15.721658669483254,12.12544200092115,7,15
9270.0,100.0,Akaki Kality,4.0,441.0,38.76162967755072,8.878099647196903,4,13,33,69,82,100,53.0,207.0,678.0,1438.0,2262.0,3466.0,15.721658669483254,12.12544200092115,7,15
61101.76,40.0,Akaki Kality,4.0,441.0,38.76162967755072,8.878099647196903,4,13,33,69,82,100,53.0,207.0,678.0,1438.0,2262.0,3466.0,15.721658669483254,12.12544200092115,7,15
16527.0,100.0,Akaki Kality,4.0,441.0,38.76162967755072,8.878099647196903,4,13,33,69,82,100,53.0,207.0,678.0,1438.0,2262.0,3466.0,15.721658669483254,12.12544200092115,7,15
9000.0,60.0,Akaki Kality,4.0,441.0,38.76162967755072,8.878099647196903,4,13,33,69,82,100,53.0,207.0,678.0,1438.0,2262.0,3466.0,15.721658669483254,12.12544200092115,7,15
34000.0,100.0,Akaki Kality,4.0,150.0,38.76162967755072,8.878099647196903,4,13,33,69,82,100,53.0,207.0,678.0,1438.0,2262.0,3466.0,15.721658669483254,12.12544200092115,7,15
33721.0,100.0,Akaki Kality,4.0,150.0,38.76162967755072,8.878099647196903,4,13,33,69,82,100,53.0,207.0,678.0,1438.0,2262.0,3466.0,15.721658669483254,12.12544200092115,7,15
31010.0,100.0,Akaki Kality,4.0,150.0,38.76162967755072,8.878099647196903,4,13,33,69,82,100,53.0,207.0,678.0,1438.0,2262.0,3466.0,15.721658669483254,12.12544200092115,7,15
41111.0,100.0,Akaki Kality,4.0,150.0,38.76162967755072,8.878099647196903,4,13,33,69,82,100,53.0,207.0,678.0,1438.0,2262.0,3466.0,15.721658669483254,12.12544200092115,7,15
40000.0,100.0,Akaki Kality,4.0,150.0,38.76162967755072,8.878099647196903,4,13,33,69,82,100,53.0,207.0,678.0,1438.0,2262.0,3466.0,15.721658669483254,12.12544200092115,7,15
37655.0,100.0,Akaki Kality,4.0,150.0,38.76162967755072,8.878099647196903,4,13,33,69,82,100,53.0,207.0,678.0,1438.0,2262.0,3466.0,15.721658669483254,12.12544200092115,7,15
42099.0,100.0,Akaki Kality,4.0,144.0,38.76162967755072,8.878099647196903,4,13,33,69,82,100,53.0,207.0,678.0,1438.0,2262.0,3466.0,15.721658669483254,12.12544200092115,7,15
38194.0,100.0,Akaki Kality,4.0,144.0,38.76162967755072,8.878099647196903,4,13,33,69,82,100,53.0,207.0,678.0,1438.0,2262.0,3466.0,15.721658669483254,12.12544200092115,7,15
37900.0,100.0,Akaki Kality,4.0,144.0,38.76162967755072,8.878099647196903,4,13,33,69,82,100,53.0,207.0,678.0,1438.0,2262.0,3466.0,15.721658669483254,12.12544200092115,7,15
37777.77,100.0,Akaki Kality,9.0,350.0,38.82570107346104,8.890751016621174,0,0,16,25,32,50,47.0,145.0,661.0,1572.0,2332.0,3051.0,16.390488571348776,10.403139734210335,11,14
30721.0,60.0,Akaki Kality,9.0,350.0,38.82570107346104,8.890751016621174,0,0,16,25,32,50,47.0,145.0,661.0,1572.0,2332.0,3051.0,16.390488571348776,10.403139734210335,11,14
20535.0,100.0,Akaki Kality,9.0,350.0,38.82570107346104,8.890751016621174,0,0,16,25,32,50,47.0,145.0,661.0,1572.0,2332.0,3051.0,16.390488571348776,10.403139734210335,11,14
25120.0,100.0,Akaki Kality,9.0,350.0,38.82570107346104,8.890751016621174,0,0,16,25,32,50,47.0,145.0,661.0,1572.0,2332.0,3051.0,16.390488571348776,10.403139734210335,11,14
31880.0,55.0,Akaki Kality,9.0,350.0,38.82570107346104,8.890751016621174,0,0,16,25,32,50,47.0,145.0,661.0,1572.0,2332.0,3051.0,16.390488571348776,10.403139734210335,11,14
19000.0,100.0,Akaki Kality,9.0,350.0,38.82570107346104,8.890751016621174,0,0,16,25,32,50,47.0,145.0,661.0,1572.0,2332.0,3051.0,16.390488571348776,10.403139734210335,11,14
31721.0,70.0,Akaki Kality,9.0,350.0,38.82570107346104,8.890751016621174,0,0,16,25,32,50,47.0,145.0,661.0,1572.0,2332.0,3051.0,16.390488571348776,10.403139734210335,11,14
18578.12,100.0,Akaki Kality,9.0,350.0,38.82570107346104,8.890751016621174,0,0,16,25,32,50,47.0,145.0,661.0,1572.0,2332.0,3051.0,16.390488571348776,10.403139734210335,11,14
17000.0,80.0,Akaki Kality,9.0,350.0,38.82570107346104,8.890751016621174,0,0,16,25,32,50,47.0,145.0,661.0,1572.0,2332.0,3051.0,16.390488571348776,10.403139734210335,11,14
37021.0,100.0,Akaki Kality,9.0,397.0,38.82570107346104,8.890751016621174,0,0,16,25,32,50,47.0,145.0,661.0,1572.0,2332.0,3051.0,16.390488571348776,10.403139734210335,11,14
21300.0,100.0,Akaki Kality,9.0,397.0,38.82570107346104,8.890751016621174,0,0,16,25,32,50,47.0,145.0,661.0,1572.0,2332.0,3051.0,16.390488571348776,10.403139734210335,11,14
21205.47,100.0,Akaki Kality,9.0,397.0,38.82570107346104,8.890751016621174,0,0,16,25,32,50,47.0,145.0,661.0,1572.0,2332.0,3051.0,16.390488571348776,10.403139734210335,11,14
37009.0,100.0,Akaki Kality,9.0,397.0,38.82570107346104,8.890751016621174,0,0,16,25,32,50,47.0,145.0,661.0,1572.0,2332.0,3051.0,16.390488571348776,10.403139734210335,11,14
35199.0,100.0,Akaki Kality,9.0,532.0,38.82570107346104,8.890751016621174,0,0,16,25,32,50,47.0,145.0,661.0,1572.0,2332.0,3051.0,16.390488571348776,10.403139734210335,11,14
31090.0,100.0,Akaki Kality,9.0,532.0,38.82570107346104,8.890751016621174,0,0,16,25,32,50,47.0,145.0,661.0,1572.0,2332.0,3051.0,16.390488571348776,10.403139734210335,11,14
47566.89,100.0,Akaki Kality,1.0,121.0,38.79769047574577,8.871845782757074,0,8,37,73,108,121,181.0,567.0,1559.0,2513.0,3366.0,4271.0,17.12043187299996,12.094209608271989,4,21
39775.0,100.0,Akaki Kality,1.0,121.0,38.79769047574577,8.871845782757074,0,8,37,73,108,121,181.0,567.0,1559.0,2513.0,3366.0,4271.0,17.12043187299996,12.094209608271989,4,21
53900.0,63.0,Akaki Kality,1.0,121.0,38.79769047574577,8.871845782757074,0,8,37,73,108,121,181.0,567.0,1559.0,2513.0,3366.0,4271.0,17.12043187299996,12.094209608271989,4,21
45000.0,100.0,Akaki Kality,1.0,101.0,38.79769047574577,8.871845782757074,0,8,37,73,108,121,181.0,567.0,1559.0,2513.0,3366.0,4271.0,17.12043187299996,12.094209608271989,4,21
43113.0,100.0,Akaki Kality,1.0,101.0,38.79769047574577,8.871845782757074,0,8,37,73,108,121,181.0,567.0,1559.0,2513.0,3366.0,4271.0,17.12043187299996,12.094209608271989,4,21
42850.0,100.0,Akaki Kality,1.0,101.0,38.79769047574577,8.871845782757074,0,8,37,73,108,121,181.0,567.0,1559.0,2513.0,3366.0,4271.0,17.12043187299996,12.094209608271989,4,21
46512.0,100.0,Akaki Kality,1.0,100.0,38.79769047574577,8.871845782757074,0,8,37,73,108,121,181.0,567.0,1559.0,2513.0,3366.0,4271.0,17.12043187299996,12.094209608271989,4,21
44000.0,100.0,Akaki Kality,1.0,100.0,38.79769047574577,8.871845782757074,0,8,37,73,108,121,181.0,567.0,1559.0,2513.0,3366.0,4271.0,17.12043187299996,12.094209608271989,4,21
55000.0,65.0,Akaki Kality,1.0,100.0,38.79769047574577,8.871845782757074,0,8,37,73,108,121,181.0,567.0,1559.0,2513.0,3366.0,4271.0,17.12043187299996,12.094209608271989,4,21
48500.0,100.0,Akaki Kality,1.0,100.0,38.79769047574577,8.871845782757074,0,8,37,73,108,121,181.0,567.0,1559.0,2513.0,3366.0,4271.0,17.12043187299996,12.094209608271989,4,21
47775.0,100.0,Akaki Kality,1.0,100.0,38.79769047574577,8.871845782757074,0,8,37,73,108,121,181.0,567.0,1559.0,2513.0,3366.0,4271.0,17.12043187299996,12.094209608271989,4,21
45830.0,100.0,Akaki Kality,1.0,100.0,38.79769047574577,8.871845782757074,0,8,37,73,108,121,181.0,567.0,1559.0,2513.0,3366.0,4271.0,17.12043187299996,12.094209608271989,4,21
75130.0,50.0,Akaki Kality,1.0,101.0,38.79769047574577,8.871845782757074,0,8,37,73,108,121,181.0,567.0,1559.0,2513.0,3366.0,4271.0,17.12043187299996,12.094209608271989,4,21
45700.0,100.0,Akaki Kality,1.0,101.0,38.79769047574577,8.871845782757074,0,8,37,73,108,121,181.0,567.0,1559.0,2513.0,3366.0,4271.0,17.12043187299996,12.094209608271989,4,21
44000.0,100.0,Akaki Kality,1.0,101.0,38.79769047574577,8.871845782757074,0,8,37,73,108,121,181.0,567.0,1559.0,2513.0,3366.0,4271.0,17.12043187299996,12.094209608271989,4,21
36116.0,100.0,Akaki Kality,1.0,350.0,38.79769047574577,8.871845782757074,0,8,37,73,108,121,181.0,567.0,1559.0,2513.0,3366.0,4271.0,17.12043187299996,12.094209608271989,4,21
35000.0,100.0,Akaki Kality,1.0,350.0,38.79769047574577,8.871845782757074,0,8,37,73,108,121,181.0,567.0,1559.0,2513.0,3366.0,4271.0,17.12043187299996,12.094209608271989,4,21
32675.0,60.0,Akaki Kality,1.0,350.0,38.79769047574577,8.871845782757074,0,8,37,73,108,121,181.0,567.0,1559.0,2513.0,3366.0,4271.0,17.12043187299996,12.094209608271989,4,21
40629.0,100.0,Akaki Kality,1.0,126.0,38.79769047574577,8.871845782757074,0,8,37,73,108,121,181.0,567.0,1559.0,2513.0,3366.0,4271.0,17.12043187299996,12.094209608271989,4,21
39700.0,100.0,Akaki Kality,1.0,126.0,38.79769047574577,8.871845782757074,0,8,37,73,108,121,181.0,567.0,1559.0,2513.0,3366.0,4271.0,17.12043187299996,12.094209608271989,4,21
42000.0,70.0,Akaki Kality,1.0,126.0,38.79769047574577,8.871845782757074,0,8,37,73,108,121,181.0,567.0,1559.0,2513.0,3366.0,4271.0,17.12043187299996,12.094209608271989,4,21
42150.0,100.0,Akaki Kality,1.0,151.0,38.79769047574577,8.871845782757074,0,8,37,73,108,121,181.0,567.0,1559.0,2513.0,3366.0,4271.0,17.12043187299996,12.094209608271989,4,21
45135.86,85.0,Akaki Kality,1.0,151.0,38.79769047574577,8.871845782757074,0,8,37,73,108,121,181.0,567.0,1559.0,2513.0,3366.0,4271.0,17.12043187299996,12.094209608271989,4,21
37855.0,100.0,Akaki Kality,1.0,151.0,38.79769047574577,8.871845782757074,0,8,37,73,108,121,181.0,567.0,1559.0,2513.0,3366.0,4271.0,17.12043187299996,12.094209608271989,4,21
34775.0,100.0,Akaki Kality,2.0,232.0,38.80014513086449,8.84933284654248,0,2,11,28,59,77,10.0,113.0,827.0,1898.0,2690.0,3367.0,19.600027975680334,14.596536746406308,9,7
29613.0,100.0,Akaki Kality,2.0,232.0,38.80014513086449,8.84933284654248,0,2,11,28,59,77,10.0,113.0,827.0,1898.0,2690.0,3367.0,19.600027975680334,14.596536746406308,9,7
26400.0,100.0,Akaki Kality,2.0,232.0,38.80014513086449,8.84933284654248,0,2,11,28,59,77,10.0,113.0,827.0,1898.0,2690.0,3367.0,19.600027975680334,14.596536746406308,9,7
30500.0,100.0,Akaki Kality,2.0,241.0,38.80014513086449,8.84933284654248,0,2,11,28,59,77,10.0,113.0,827.0,1898.0,2690.0,3367.0,19.600027975680334,14.596536746406308,9,7
40621.0,60.0,Akaki Kality,2.0,241.0,38.80014513086449,8.84933284654248,0,2,11,28,59,77,10.0,113.0,827.0,1898.0,2690.0,3367.0,19.600027975680334,14.596536746406308,9,7
28500.0,100.0,Akaki Kality,2.0,241.0,38.80014513086449,8.84933284654248,0,2,11,28,59,77,10.0,113.0,827.0,1898.0,2690.0,3367.0,19.600027975680334,14.596536746406308,9,7
27002.0,100.0,Akaki Kality,9.0,404.0,38.82570107346104,8.890751016621174,0,0,16,25,32,50,47.0,145.0,661.0,1572.0,2332.0,3051.0,16.390488571348776,10.403139734210335,11,14
32560.0,53.0,Akaki Kality,9.0,404.0,38.82570107346104,8.890751016621174,0,0,16,25,32,50,47.0,145.0,661.0,1572.0,2332.0,3051.0,16.390488571348776,10.403139734210335,11,14
20927.0,100.0,Akaki Kality,9.0,404.0,38.82570107346104,8.890751016621174,0,0,16,25,32,50,47.0,145.0,661.0,1572.0,2332.0,3051.0,16.390488571348776,10.403139734210335,11,14
32100.0,90.0,Akaki Kality,8.0,208.0,38.78234356596863,8.894001187595702,2,15,63,90,113,137,111.0,302.0,1078.0,2203.0,3577.0,5027.0,14.302189201851867,9.80783104484501,1,17
28000.0,100.0,Akaki Kality,8.0,208.0,38.78234356596863,8.894001187595702,2,15,63,90,113,137,111.0,302.0,1078.0,2203.0,3577.0,5027.0,14.302189201851867,9.80783104484501,1,17
27300.0,100.0,Akaki Kality,8.0,208.0,38.78234356596863,8.894001187595702,2,15,63,90,113,137,111.0,302.0,1078.0,2203.0,3577.0,5027.0,14.302189201851867,9.80783104484501,1,17
36233.0,45.0,Akaki Kality,8.0,225.0,38.78234356596863,8.894001187595702,2,15,63,90,113,137,111.0,302.0,1078.0,2203.0,3577.0,5027.0,14.302189201851867,9.80783104484501,1,17
20107.7,100.0,Akaki Kality,8.0,225.0,38.78234356596863,8.894001187595702,2,15,63,90,113,137,111.0,302.0,1078.0,2203.0,3577.0,5027.0,14.302189201851867,9.80783104484501,1,17
25699.99,60.0,Akaki Kality,8.0,225.0,38.78234356596863,8.894001187595702,2,15,63,90,113,137,111.0,302.0,1078.0,2203.0,3577.0,5027.0,14.302189201851867,9.80783104484501,1,17
20500.0,100.0,Akaki Kality,8.0,272.0,38.78234356596863,8.894001187595702,2,15,63,90,113,137,111.0,302.0,1078.0,2203.0,3577.0,5027.0,14.302189201851867,9.80783104484501,1,17
17227.0,100.0,Akaki Kality,8.0,272.0,38.78234356596863,8.894001187595702,2,15,63,90,113,137,111.0,302.0,1078.0,2203.0,3577.0,5027.0,14.302189201851867,9.80783104484501,1,17
17054.0,100.0,Akaki Kality,8.0,272.0,38.78234356596863,8.894001187595702,2,15,63,90,113,137,111.0,302.0,1078.0,2203.0,3577.0,5027.0,14.302189201851867,9.80783104484501,1,17
21600.0,100.0,Akaki Kality,8.0,270.0,38.78234356596863,8.894001187595702,2,15,63,90,113,137,111.0,302.0,1078.0,2203.0,3577.0,5027.0,14.302189201851867,9.80783104484501,1,17
20000.0,100.0,Akaki Kality,8.0,270.0,38.78234356596863,8.894001187595702,2,15,63,90,113,137,111.0,302.0,1078.0,2203.0,3577.0,5027.0,14.302189201851867,9.80783104484501,1,17
18500.0,100.0,Akaki Kality,8.0,270.0,38.78234356596863,8.894001187595702,2,15,63,90,113,137,111.0,302.0,1078.0,2203.0,3577.0,5027.0,14.302189201851867,9.80783104484501,1,17
29357.0,100.0,Akaki Kality,8.0,216.0,38.78234356596863,8.894001187595702,2,15,63,90,113,137,111.0,302.0,1078.0,2203.0,3577.0,5027.0,14.302189201851867,9.80783104484501,1,17
28189.0,100.0,Akaki Kality,8.0,216.0,38.78234356596863,8.894001187595702,2,15,63,90,113,137,111.0,302.0,1078.0,2203.0,3577.0,5027.0,14.302189201851867,9.80783104484501,1,17
22789.0,100.0,Akaki Kality,8.0,216.0,38.78234356596863,8.894001187595702,2,15,63,90,113,137,111.0,302.0,1078.0,2203.0,3577.0,5027.0,14.302189201851867,9.80783104484501,1,17
24517.5,65.0,Akaki Kality,8.0,333.0,38.78234356596863,8.894001187595702,2,15,63,90,113,137,111.0,302.0,1078.0,2203.0,3577.0,5027.0,14.302189201851867,9.80783104484501,1,17
17990.0,100.0,Akaki Kality,8.0,333.0,38.78234356596863,8.894001187595702,2,15,63,90,113,137,111.0,302.0,1078.0,2203.0,3577.0,5027.0,14.302189201851867,9.80783104484501,1,17
16227.0,100.0,Akaki Kality,8.0,333.0,38.78234356596863,8.894001187595702,2,15,63,90,113,137,111.0,302.0,1078.0,2203.0,3577.0,5027.0,14.302189201851867,9.80783104484501,1,17
24121.0,100.0,Akaki Kality,8.0,310.0,38.78234356596863,8.894001187595702,2,15,63,90,113,137,111.0,302.0,1078.0,2203.0,3577.0,5027.0,14.302189201851867,9.80783104484501,1,17
22000.0,100.0,Akaki Kality,8.0,310.0,38.78234356596863,8.894001187595702,2,15,63,90,113,137,111.0,302.0,1078.0,2203.0,3577.0,5027.0,14.302189201851867,9.80783104484501,1,17
20000.0,100.0,Akaki Kality,8.0,310.0,38.78234356596863,8.894001187595702,2,15,63,90,113,137,111.0,302.0,1078.0,2203.0,3577.0,5027.0,14.302189201851867,9.80783104484501,1,17
31555.0,51.0,Akaki Kality,8.0,307.0,38.78234356596863,8.894001187595702,2,15,63,90,113,137,111.0,302.0,1078.0,2203.0,3577.0,5027.0,14.302189201851867,9.80783104484501,1,17
18227.0,100.0,Akaki Kality,8.0,307.0,38.78234356596863,8.894001187595702,2,15,63,90,113,137,111.0,302.0,1078.0,2203.0,3577.0,5027.0,14.302189201851867,9.80783104484501,1,17
11027.0,100.0,Akaki Kality,8.0,307.0,38.78234356596863,8.894001187595702,2,15,63,90,113,137,111.0,302.0,1078.0,2203.0,3577.0,5027.0,14.302189201851867,9.80783104484501,1,17
36550.0,100.0,Akaki Kality,4.0,264.0,38.76162967755072,8.878099647196903,4,13,33,69,82,100,53.0,207.0,678.0,1438.0,2262.0,3466.0,15.721658669483254,12.12544200092115,7,15
32024.0,100.0,Akaki Kality,4.0,264.0,38.76162967755072,8.878099647196903,4,13,33,69,82,100,53.0,207.0,678.0,1438.0,2262.0,3466.0,15.721658669483254,12.12544200092115,7,15
29150.0,100.0,Akaki Kality,4.0,264.0,38.76162967755072,8.878099647196903,4,13,33,69,82,100,53.0,207.0,678.0,1438.0,2262.0,3466.0,15.721658669483254,12.12544200092115,7,15
39622.65,100.0,Akaki Kality,4.0,265.0,38.76162967755072,8.878099647196903,4,13,33,69,82,100,53.0,207.0,678.0,1438.0,2262.0,3466.0,15.721658669483254,12.12544200092115,7,15
32413.0,100.0,Akaki Kality,4.0,265.0,38.76162967755072,8.878099647196903,4,13,33,69,82,100,53.0,207.0,678.0,1438.0,2262.0,3466.0,15.721658669483254,12.12544200092115,7,15
26440.0,100.0,Akaki Kality,4.0,265.0,38.76162967755072,8.878099647196903,4,13,33,69,82,100,53.0,207.0,678.0,1438.0,2262.0,3466.0,15.721658669483254,12.12544200092115,7,15
36500.0,100.0,Akaki Kality,4.0,265.0,38.76162967755072,8.878099647196903,4,13,33,69,82,100,53.0,207.0,678.0,1438.0,2262.0,3466.0,15.721658669483254,12.12544200092115,7,15
35175.0,100.0,Akaki Kality,4.0,251.0,38.76162967755072,8.878099647196903,4,13,33,69,82,100,53.0,207.0,678.0,1438.0,2262.0,3466.0,15.721658669483254,12.12544200092115,7,15
35153.37,100.0,Akaki Kality,4.0,251.0,38.76162967755072,8.878099647196903,4,13,33,69,82,100,53.0,207.0,678.0,1438.0,2262.0,3466.0,15.721658669483254,12.12544200092115,7,15
34621.0,100.0,Akaki Kality,4.0,244.0,38.76162967755072,8.878099647196903,4,13,33,69,82,100,53.0,207.0,678.0,1438.0,2262.0,3466.0,15.721658669483254,12.12544200092115,7,15
33000.0,100.0,Akaki Kality,4.0,244.0,38.76162967755072,8.878099647196903,4,13,33,69,82,100,53.0,207.0,678.0,1438.0,2262.0,3466.0,15.721658669483254,12.12544200092115,7,15
32175.0,100.0,Akaki Kality,4.0,244.0,38.76162967755072,8.878099647196903,4,13,33,69,82,100,53.0,207.0,678.0,1438.0,2262.0,3466.0,15.721658669483254,12.12544200092115,7,15
41116.0,100.0,Akaki Kality,4.0,199.0,38.76162967755072,8.878099647196903,4,13,33,69,82,100,53.0,207.0,678.0,1438.0,2262.0,3466.0,15.721658669483254,12.12544200092115,7,15
35556.5,100.0,Akaki Kality,4.0,199.0,38.76162967755072,8.878099647196903,4,13,33,69,82,100,53.0,207.0,678.0,1438.0,2262.0,3466.0,15.721658669483254,12.12544200092115,7,15
35400.0,100.0,Akaki Kality,4.0,199.0,38.76162967755072,8.878099647196903,4,13,33,69,82,100,53.0,207.0,678.0,1438.0,2262.0,3466.0,15.721658669483254,12.12544200092115,7,15
50927.84,90.0,Yeka,1.0,272.0,38.774083590147306,9.065575881972284,6,17,46,113,358,603,107.0,332.0,1169.0,2136.0,3737.0,6078.0,5.675372965780107,9.84632655257611,13,22
33555.95,100.0,Yeka,1.0,272.0,38.774083590147306,9.065575881972284,6,17,46,113,358,603,107.0,332.0,1169.0,2136.0,3737.0,6078.0,5.675372965780107,9.84632655257611,13,22
38150.0,85.0,Yeka,1.0,272.0,38.774083590147306,9.065575881972284,6,17,46,113,358,603,107.0,332.0,1169.0,2136.0,3737.0,6078.0,5.675372965780107,9.84632655257611,13,22
51551.0,100.0,Yeka,1.0,225.0,38.774083590147306,9.065575881972284,6,17,46,113,358,603,107.0,332.0,1169.0,2136.0,3737.0,6078.0,5.675372965780107,9.84632655257611,13,22
25521.0,100.0,Yeka,1.0,225.0,38.774083590147306,9.065575881972284,6,17,46,113,358,603,107.0,332.0,1169.0,2136.0,3737.0,6078.0,5.675372965780107,9.84632655257611,13,22
25019.0,100.0,Yeka,1.0,225.0,38.774083590147306,9.065575881972284,6,17,46,113,358,603,107.0,332.0,1169.0,2136.0,3737.0,6078.0,5.675372965780107,9.84632655257611,13,22
107843.15,76.0,Yeka,6.0,204.0,38.77367621099306,9.020811740423246,17,105,488,1068,1512,1831,181.0,515.0,1919.0,4215.0,7290.0,11078.0,2.3324637324629642,5.283213106522907,2,45
86129.0,100.0,Yeka,6.0,204.0,38.77367621099306,9.020811740423246,17,105,488,1068,1512,1831,181.0,515.0,1919.0,4215.0,7290.0,11078.0,2.3324637324629642,5.283213106522907,2,45
121626.88,42.0,Yeka,6.0,204.0,38.77367621099306,9.020811740423246,17,105,488,1068,1512,1831,181.0,515.0,1919.0,4215.0,7290.0,11078.0,2.3324637324629642,5.283213106522907,2,45
79120.0,100.0,Yeka,5.0,650.0,38.79868382957799,9.03445539174537,0,6,134,335,765,1243,44.0,170.0,1126.0,3240.0,5774.0,8898.0,5.34796401718226,5.988828661880962,5,28
75100.0,100.0,Yeka,5.0,650.0,38.79868382957799,9.03445539174537,0,6,134,335,765,1243,44.0,170.0,1126.0,3240.0,5774.0,8898.0,5.34796401718226,5.988828661880962,5,28
121626.88,42.0,Yeka,5.0,650.0,38.79868382957799,9.03445539174537,0,6,134,335,765,1243,44.0,170.0,1126.0,3240.0,5774.0,8898.0,5.34796401718226,5.988828661880962,5,28
108771.93,100.0,Yeka,5.0,855.0,38.79868382957799,9.03445539174537,0,6,134,335,765,1243,44.0,170.0,1126.0,3240.0,5774.0,8898.0,5.34796401718226,5.988828661880962,5,28
71000.0,100.0,Yeka,5.0,855.0,38.79868382957799,9.03445539174537,0,6,134,335,765,1243,44.0,170.0,1126.0,3240.0,5774.0,8898.0,5.34796401718226,5.988828661880962,5,28
81219.0,81.0,Yeka,5.0,855.0,38.79868382957799,9.03445539174537,0,6,134,335,765,1243,44.0,170.0,1126.0,3240.0,5774.0,8898.0,5.34796401718226,5.988828661880962,5,28
41150.0,100.0,Yeka,12.0,283.0,38.8596721880464,9.058780324489687,0,2,11,27,75,173,21.0,180.0,827.0,1876.0,3585.0,5448.0,12.56501666243081,10.933001351642782,8,9
48616.0,75.0,Yeka,12.0,283.0,38.8596721880464,9.058780324489687,0,2,11,27,75,173,21.0,180.0,827.0,1876.0,3585.0,5448.0,12.56501666243081,10.933001351642782,8,9
32000.0,84.0,Yeka,12.0,283.0,38.8596721880464,9.058780324489687,0,2,11,27,75,173,21.0,180.0,827.0,1876.0,3585.0,5448.0,12.56501666243081,10.933001351642782,8,9
50116.0,100.0,Yeka,12.0,232.0,38.8596721880464,9.058780324489687,0,2,11,27,75,173,21.0,180.0,827.0,1876.0,3585.0,5448.0,12.56501666243081,10.933001351642782,8,9
67150.0,54.0,Yeka,12.0,232.0,38.8596721880464,9.058780324489687,0,2,11,27,75,173,21.0,180.0,827.0,1876.0,3585.0,5448.0,12.56501666243081,10.933001351642782,8,9
43500.0,100.0,Yeka,12.0,232.0,38.8596721880464,9.058780324489687,0,2,11,27,75,173,21.0,180.0,827.0,1876.0,3585.0,5448.0,12.56501666243081,10.933001351642782,8,9
61250.0,100.0,Yeka,12.0,278.0,38.8596721880464,9.058780324489687,0,2,11,27,75,173,21.0,180.0,827.0,1876.0,3585.0,5448.0,12.56501666243081,10.933001351642782,8,9
50616.0,100.0,Yeka,12.0,278.0,38.8596721880464,9.058780324489687,0,2,11,27,75,173,21.0,180.0,827.0,1876.0,3585.0,5448.0,12.56501666243081,10.933001351642782,8,9
46221.18,90.0,Yeka,12.0,278.0,38.8596721880464,9.058780324489687,0,2,11,27,75,173,21.0,180.0,827.0,1876.0,3585.0,5448.0,12.56501666243081,10.933001351642782,8,9
32027.0,70.0,Yeka,10.0,246.0,38.81551144932411,9.05976397126058,0,0,2,12,79,355,47.0,101.0,427.0,1076.0,2480.0,4902.0,8.259820379531071,8.980864821038413,8,2
25137.0,100.0,Yeka,10.0,246.0,38.81551144932411,9.05976397126058,0,0,2,12,79,355,47.0,101.0,427.0,1076.0,2480.0,4902.0,8.259820379531071,8.980864821038413,8,2
22350.0,100.0,Yeka,10.0,246.0,38.81551144932411,9.05976397126058,0,0,2,12,79,355,47.0,101.0,427.0,1076.0,2480.0,4902.0,8.259820379531071,8.980864821038413,8,2
30225.5,100.0,Yeka,10.0,213.0,38.81551144932411,9.05976397126058,0,0,2,12,79,355,47.0,101.0,427.0,1076.0,2480.0,4902.0,8.259820379531071,8.980864821038413,8,2
31501.0,71.0,Yeka,10.0,213.0,38.81551144932411,9.05976397126058,0,0,2,12,79,355,47.0,101.0,427.0,1076.0,2480.0,4902.0,8.259820379531071,8.980864821038413,8,2
21652.58,100.0,Yeka,10.0,213.0,38.81551144932411,9.05976397126058,0,0,2,12,79,355,47.0,101.0,427.0,1076.0,2480.0,4902.0,8.259820379531071,8.980864821038413,8,2
27100.0,50.0,Yeka,10.0,525.0,38.81551144932411,9.05976397126058,0,0,2,12,79,355,47.0,101.0,427.0,1076.0,2480.0,4902.0,8.259820379531071,8.980864821038413,8,2
9645.0,100.0,Yeka,10.0,525.0,38.81551144932411,9.05976397126058,0,0,2,12,79,355,47.0,101.0,427.0,1076.0,2480.0,4902.0,8.259820379531071,8.980864821038413,8,2
7777.77,100.0,Yeka,10.0,525.0,38.81551144932411,9.05976397126058,0,0,2,12,79,355,47.0,101.0,427.0,1076.0,2480.0,4902.0,8.259820379531071,8.980864821038413,8,2
38351.0,70.0,Yeka,10.0,406.0,38.81551144932411,9.05976397126058,0,0,2,12,79,355,47.0,101.0,427.0,1076.0,2480.0,4902.0,8.259820379531071,8.980864821038413,8,2
11123.77,100.0,Yeka,10.0,406.0,38.81551144932411,9.05976397126058,0,0,2,12,79,355,47.0,101.0,427.0,1076.0,2480.0,4902.0,8.259820379531071,8.980864821038413,8,2
7860.0,100.0,Yeka,10.0,406.0,38.81551144932411,9.05976397126058,0,0,2,12,79,355,47.0,101.0,427.0,1076.0,2480.0,4902.0,8.259820379531071,8.980864821038413,8,2
61350.0,100.0,Yeka,10.0,189.0,38.81551144932411,9.05976397126058,0,0,2,12,79,355,47.0,101.0,427.0,1076.0,2480.0,4902.0,8.259820379531071,8.980864821038413,8,2
44919.57,100.0,Yeka,10.0,189.0,38.81551144932411,9.05976397126058,0,0,2,12,79,355,47.0,101.0,427.0,1076.0,2480.0,4902.0,8.259820379531071,8.980864821038413,8,2
55000.0,70.0,Yeka,10.0,189.0,38.81551144932411,9.05976397126058,0,0,2,12,79,355,47.0,101.0,427.0,1076.0,2480.0,4902.0,8.259820379531071,8.980864821038413,8,2
47127.0,100.0,Yeka,10.0,299.0,38.81551144932411,9.05976397126058,0,0,2,12,79,355,47.0,101.0,427.0,1076.0,2480.0,4902.0,8.259820379531071,8.980864821038413,8,2
41120.0,100.0,Yeka,10.0,299.0,38.81551144932411,9.05976397126058,0,0,2,12,79,355,47.0,101.0,427.0,1076.0,2480.0,4902.0,8.259820379531071,8.980864821038413,8,2
41299.77,70.0,Yeka,10.0,299.0,38.81551144932411,9.05976397126058,0,0,2,12,79,355,47.0,101.0,427.0,1076.0,2480.0,4902.0,8.259820379531071,8.980864821038413,8,2
37840.0,100.0,Gulele,5.0,111.0,38.74924501656387,9.063492312041603,1,8,81,238,535,731,160.0,609.0,1986.0,3565.0,5639.0,7862.0,4.938034086197758,10.731908543831734,6,26
34500.0,100.0,Gulele,5.0,111.0,38.74924501656387,9.063492312041603,1,8,81,238,535,731,160.0,609.0,1986.0,3565.0,5639.0,7862.0,4.938034086197758,10.731908543831734,6,26
28380.0,100.0,Gulele,5.0,111.0,38.74924501656387,9.063492312041603,1,8,81,238,535,731,160.0,609.0,1986.0,3565.0,5639.0,7862.0,4.938034086197758,10.731908543831734,6,26
38823.0,100.0,Gulele,5.0,108.0,38.74924501656387,9.063492312041603,1,8,81,238,535,731,160.0,609.0,1986.0,3565.0,5639.0,7862.0,4.938034086197758,10.731908543831734,6,26
38000.0,100.0,Gulele,5.0,108.0,38.74924501656387,9.063492312041603,1,8,81,238,535,731,160.0,609.0,1986.0,3565.0,5639.0,7862.0,4.938034086197758,10.731908543831734,6,26
21210.0,100.0,Gulele,5.0,108.0,38.74924501656387,9.063492312041603,1,8,81,238,535,731,160.0,609.0,1986.0,3565.0,5639.0,7862.0,4.938034086197758,10.731908543831734,6,26
25000.0,100.0,Gulele,5.0,902.0,38.74924501656387,9.063492312041603,1,8,81,238,535,731,160.0,609.0,1986.0,3565.0,5639.0,7862.0,4.938034086197758,10.731908543831734,6,26
16800.0,100.0,Gulele,5.0,902.0,38.74924501656387,9.063492312041603,1,8,81,238,535,731,160.0,609.0,1986.0,3565.0,5639.0,7862.0,4.938034086197758,10.731908543831734,6,26
20888.91,65.0,Gulele,5.0,902.0,38.74924501656387,9.063492312041603,1,8,81,238,535,731,160.0,609.0,1986.0,3565.0,5639.0,7862.0,4.938034086197758,10.731908543831734,6,26
64787.0,100.0,Gulele,5.0,200.0,38.74924501656387,9.063492312041603,1,8,81,238,535,731,160.0,609.0,1986.0,3565.0,5639.0,7862.0,4.938034086197758,10.731908543831734,6,26
73120.0,55.0,Gulele,5.0,200.0,38.74924501656387,9.063492312041603,1,8,81,238,535,731,160.0,609.0,1986.0,3565.0,5639.0,7862.0,4.938034086197758,10.731908543831734,6,26
62000.0,60.0,Gulele,5.0,200.0,38.74924501656387,9.063492312041603,1,8,81,238,535,731,160.0,609.0,1986.0,3565.0,5639.0,7862.0,4.938034086197758,10.731908543831734,6,26
120100.0,100.0,Gulele,5.0,125.0,38.74924501656387,9.063492312041603,1,8,81,238,535,731,160.0,609.0,1986.0,3565.0,5639.0,7862.0,4.938034086197758,10.731908543831734,6,26
41125.0,100.0,Gulele,5.0,125.0,38.74924501656387,9.063492312041603,1,8,81,238,535,731,160.0,609.0,1986.0,3565.0,5639.0,7862.0,4.938034086197758,10.731908543831734,6,26
41121.2,100.0,Gulele,5.0,125.0,38.74924501656387,9.063492312041603,1,8,81,238,535,731,160.0,609.0,1986.0,3565.0,5639.0,7862.0,4.938034086197758,10.731908543831734,6,26
135000.0,100.0,Gulele,5.0,100.0,38.74924501656387,9.063492312041603,1,8,81,238,535,731,160.0,609.0,1986.0,3565.0,5639.0,7862.0,4.938034086197758,10.731908543831734,6,26
86000.0,100.0,Gulele,5.0,100.0,38.74924501656387,9.063492312041603,1,8,81,238,535,731,160.0,609.0,1986.0,3565.0,5639.0,7862.0,4.938034086197758,10.731908543831734,6,26
65050.0,100.0,Gulele,5.0,100.0,38.74924501656387,9.063492312041603,1,8,81,238,535,731,160.0,609.0,1986.0,3565.0,5639.0,7862.0,4.938034086197758,10.731908543831734,6,26
66038.0,100.0,Gulele,9.0,212.0,38.727334504102615,9.052577147288106,17,52,146,342,605,923,160.0,687.0,2394.0,4680.0,7085.0,9952.0,4.627252723136542,11.24803484834284,6,27
40150.0,100.0,Gulele,9.0,212.0,38.727334504102615,9.052577147288106,17,52,146,342,605,923,160.0,687.0,2394.0,4680.0,7085.0,9952.0,4.627252723136542,11.24803484834284,6,27
37730.0,100.0,Gulele,9.0,212.0,38.727334504102615,9.052577147288106,17,52,146,342,605,923,160.0,687.0,2394.0,4680.0,7085.0,9952.0,4.627252723136542,11.24803484834284,6,27
29315.0,100.0,Kolfe Keranyo,3.0,119.4,38.66448576228889,8.981861901777028,0,1,13,47,93,110,150.0,547.0,1683.0,3362.0,5418.0,7718.0,10.520148786680146,14.807531542598372,10,6
25300.0,100.0,Kolfe Keranyo,3.0,119.4,38.66448576228889,8.981861901777028,0,1,13,47,93,110,150.0,547.0,1683.0,3362.0,5418.0,7718.0,10.520148786680146,14.807531542598372,10,6
20120.0,100.0,Kolfe Keranyo,3.0,119.4,38.66448576228889,8.981861901777028,0,1,13,47,93,110,150.0,547.0,1683.0,3362.0,5418.0,7718.0,10.520148786680146,14.807531542598372,10,6
65200.0,100.0,Kolfe Keranyo,3.0,96.3,38.66448576228889,8.981861901777028,0,1,13,47,93,110,150.0,547.0,1683.0,3362.0,5418.0,7718.0,10.520148786680146,14.807531542598372,10,6
35100.0,100.0,Kolfe Keranyo,3.0,96.3,38.66448576228889,8.981861901777028,0,1,13,47,93,110,150.0,547.0,1683.0,3362.0,5418.0,7718.0,10.520148786680146,14.807531542598372,10,6
34444.4,100.0,Kolfe Keranyo,3.0,96.3,38.66448576228889,8.981861901777028,0,1,13,47,93,110,150.0,547.0,1683.0,3362.0,5418.0,7718.0,10.520148786680146,14.807531542598372,10,6
29320.0,100.0,Kolfe Keranyo,3.0,137.0,38.66448576228889,8.981861901777028,0,1,13,47,93,110,150.0,547.0,1683.0,3362.0,5418.0,7718.0,10.520148786680146,14.807531542598372,10,6
25600.0,100.0,Kolfe Keranyo,3.0,137.0,38.66448576228889,8.981861901777028,0,1,13,47,93,110,150.0,547.0,1683.0,3362.0,5418.0,7718.0,10.520148786680146,14.807531542598372,10,6
22000.0,100.0,Kolfe Keranyo,3.0,137.0,38.66448576228889,8.981861901777028,0,1,13,47,93,110,150.0,547.0,1683.0,3362.0,5418.0,7718.0,10.520148786680146,14.807531542598372,10,6
21750.0,100.0,Kolfe Keranyo,2.0,107.0,38.68585867806747,8.966409373406625,0,4,51,76,167,291,102.0,308.0,1770.0,3953.0,6685.0,10117.0,9.38224769815396,12.559228651494386,10,17
25131.45,40.0,Kolfe Keranyo,2.0,107.0,38.68585867806747,8.966409373406625,0,4,51,76,167,291,102.0,308.0,1770.0,3953.0,6685.0,10117.0,9.38224769815396,12.559228651494386,10,17
2000.0,40.0,Kolfe Keranyo,2.0,107.0,38.68585867806747,8.966409373406625,0,4,51,76,167,291,102.0,308.0,1770.0,3953.0,6685.0,10117.0,9.38224769815396,12.559228651494386,10,17
45140.0,100.0,Kolfe Keranyo,8.0,203.0,38.68911980443161,9.02104573484426,0,1,34,92,193,365,148.0,455.0,2403.0,4830.0,7668.0,11469.0,6.963426615418553,12.909342830216126,3,15
22100.0,100.0,Kolfe Keranyo,8.0,203.0,38.68911980443161,9.02104573484426,0,1,34,92,193,365,148.0,455.0,2403.0,4830.0,7668.0,11469.0,6.963426615418553,12.909342830216126,3,15
21212.1,100.0,Kolfe Keranyo,8.0,203.0,38.68911980443161,9.02104573484426,0,1,34,92,193,365,148.0,455.0,2403.0,4830.0,7668.0,11469.0,6.963426615418553,12.909342830216126,3,15
45200.0,100.0,Kolfe Keranyo,8.0,174.0,38.68911980443161,9.02104573484426,0,1,34,92,193,365,148.0,455.0,2403.0,4830.0,7668.0,11469.0,6.963426615418553,12.909342830216126,3,15
24225.0,100.0,Kolfe Keranyo,8.0,174.0,38.68911980443161,9.02104573484426,0,1,34,92,193,365,148.0,455.0,2403.0,4830.0,7668.0,11469.0,6.963426615418553,12.909342830216126,3,15
20050.0,100.0,Kolfe Keranyo,8.0,174.0,38.68911980443161,9.02104573484426,0,1,34,92,193,365,148.0,455.0,2403.0,4830.0,7668.0,11469.0,6.963426615418553,12.909342830216126,3,15
61856.0,100.0,Kolfe Keranyo,8.0,124.0,38.68911980443161,9.02104573484426,0,1,34,92,193,365,148.0,455.0,2403.0,4830.0,7668.0,11469.0,6.963426615418553,12.909342830216126,3,15
60510.0,100.0,Kolfe Keranyo,8.0,124.0,38.68911980443161,9.02104573484426,0,1,34,92,193,365,148.0,455.0,2403.0,4830.0,7668.0,11469.0,6.963426615418553,12.909342830216126,3,15
55500.0,100.0,Kolfe Keranyo,8.0,124.0,38.68911980443161,9.02104573484426,0,1,34,92,193,365,148.0,455.0,2403.0,4830.0,7668.0,11469.0,6.963426615418553,12.909342830216126,3,15
47521.0,100.0,Kolfe Keranyo,8.0,124.0,38.68911980443161,9.02104573484426,0,1,34,92,193,365,148.0,455.0,2403.0,4830.0,7668.0,11469.0,6.963426615418553,12.909342830216126,3,15
55250.0,70.0,Kolfe Keranyo,5.0,260.0,38.70133998874034,8.99109133083579,0,20,69,157,325,630,137.0,567.0,2418.0,4865.0,8440.0,12430.0,6.429452086460782,10.82203097494198,12,28
42573.0,100.0,Kolfe Keranyo,5.0,260.0,38.70133998874034,8.99109133083579,0,20,69,157,325,630,137.0,567.0,2418.0,4865.0,8440.0,12430.0,6.429452086460782,10.82203097494198,12,28
67731.0,100.0,Kolfe Keranyo,5.0,279.0,38.70133998874034,8.99109133083579,0,20,69,157,325,630,137.0,567.0,2418.0,4865.0,8440.0,12430.0,6.429452086460782,10.82203097494198,12,28
53763.45,100.0,Kolfe Keranyo,5.0,279.0,38.70133998874034,8.99109133083579,0,20,69,157,325,630,137.0,567.0,2418.0,4865.0,8440.0,12430.0,6.429452086460782,10.82203097494198,12,28
43516.0,100.0,Kolfe Keranyo,5.0,279.0,38.70133998874034,8.99109133083579,0,20,69,157,325,630,137.0,567.0,2418.0,4865.0,8440.0,12430.0,6.429452086460782,10.82203097494198,12,28
57430.0,100.0,Kolfe Keranyo,5.0,267.0,38.70133998874034,8.99109133083579,0,20,69,157,325,630,137.0,567.0,2418.0,4865.0,8440.0,12430.0,6.429452086460782,10.82203097494198,12,28
41100.0,100.0,Kolfe Keranyo,5.0,267.0,38.70133998874034,8.99109133083579,0,20,69,157,325,630,137.0,567.0,2418.0,4865.0,8440.0,12430.0,6.429452086460782,10.82203097494198,12,28
41000.0,100.0,Kolfe Keranyo,5.0,267.0,38.70133998874034,8.99109133083579,0,20,69,157,325,630,137.0,567.0,2418.0,4865.0,8440.0,12430.0,6.429452086460782,10.82203097494198,12,28
57121.19,100.0,Kolfe Keranyo,5.0,180.0,38.70133998874034,8.99109133083579,0,20,69,157,325,630,137.0,567.0,2418.0,4865.0,8440.0,12430.0,6.429452086460782,10.82203097494198,12,28
57000.0,100.0,Kolfe Keranyo,5.0,180.0,38.70133998874034,8.99109133083579,0,20,69,157,325,630,137.0,567.0,2418.0,4865.0,8440.0,12430.0,6.429452086460782,10.82203097494198,12,28
60150.0,90.0,Kolfe Keranyo,5.0,180.0,38.70133998874034,8.99109133083579,0,20,69,157,325,630,137.0,567.0,2418.0,4865.0,8440.0,12430.0,6.429452086460782,10.82203097494198,12,28
51021.27,100.0,Kolfe Keranyo,5.0,166.0,38.70133998874034,8.99109133083579,0,20,69,157,325,630,137.0,567.0,2418.0,4865.0,8440.0,12430.0,6.429452086460782,10.82203097494198,12,28
41111.0,100.0,Kolfe Keranyo,5.0,166.0,38.70133998874034,8.99109133083579,0,20,69,157,325,630,137.0,567.0,2418.0,4865.0,8440.0,12430.0,6.429452086460782,10.82203097494198,12,28
40100.0,100.0,Kolfe Keranyo,5.0,166.0,38.70133998874034,8.99109133083579,0,20,69,157,325,630,137.0,567.0,2418.0,4865.0,8440.0,12430.0,6.429452086460782,10.82203097494198,12,28
81000.0,100.0,Kolfe Keranyo,7.0,96.0,38.682952902214105,9.007266440069444,5,20,41,73,143,268,301.0,980.0,2790.0,4678.0,7413.0,10417.0,7.752207159766048,13.117666611593126,3,20
68175.0,100.0,Kolfe Keranyo,7.0,96.0,38.682952902214105,9.007266440069444,5,20,41,73,143,268,301.0,980.0,2790.0,4678.0,7413.0,10417.0,7.752207159766048,13.117666611593126,3,20
83620.0,63.0,Kolfe Keranyo,7.0,96.0,38.682952902214105,9.007266440069444,5,20,41,73,143,268,301.0,980.0,2790.0,4678.0,7413.0,10417.0,7.752207159766048,13.117666611593126,3,20
78155.0,100.0,Kolfe Keranyo,7.0,96.0,38.682952902214105,9.007266440069444,5,20,41,73,143,268,301.0,980.0,2790.0,4678.0,7413.0,10417.0,7.752207159766048,13.117666611593126,3,20
76220.0,100.0,Kolfe Keranyo,7.0,96.0,38.682952902214105,9.007266440069444,5,20,41,73,143,268,301.0,980.0,2790.0,4678.0,7413.0,10417.0,7.752207159766048,13.117666611593126,3,20
75520.83,100.0,Kolfe Keranyo,7.0,96.0,38.682952902214105,9.007266440069444,5,20,41,73,143,268,301.0,980.0,2790.0,4678.0,7413.0,10417.0,7.752207159766048,13.117666611593126,3,20
125000.0,55.0,Kolfe Keranyo,7.0,96.0,38.682952902214105,9.007266440069444,5,20,41,73,143,268,301.0,980.0,2790.0,4678.0,7413.0,10417.0,7.752207159766048,13.117666611593126,3,20
83333.33,100.0,Kolfe Keranyo,7.0,96.0,38.682952902214105,9.007266440069444,5,20,41,73,143,268,301.0,980.0,2790.0,4678.0,7413.0,10417.0,7.752207159766048,13.117666611593126,3,20
78220.0,100.0,Kolfe Keranyo,7.0,96.0,38.682952902214105,9.007266440069444,5,20,41,73,143,268,301.0,980.0,2790.0,4678.0,7413.0,10417.0,7.752207159766048,13.117666611593126,3,20
75750.0,100.0,Kolfe Keranyo,7.0,162.0,38.682952902214105,9.007266440069444,5,20,41,73,143,268,301.0,980.0,2790.0,4678.0,7413.0,10417.0,7.752207159766048,13.117666611593126,3,20
65111.0,100.0,Kolfe Keranyo,7.0,162.0,38.682952902214105,9.007266440069444,5,20,41,73,143,268,301.0,980.0,2790.0,4678.0,7413.0,10417.0,7.752207159766048,13.117666611593126,3,20
62100.0,100.0,Kolfe Keranyo,7.0,162.0,38.682952902214105,9.007266440069444,5,20,41,73,143,268,301.0,980.0,2790.0,4678.0,7413.0,10417.0,7.752207159766048,13.117666611593126,3,20
71575.0,100.0,Kolfe Keranyo,7.0,162.0,38.682952902214105,9.007266440069444,5,20,41,73,143,268,301.0,980.0,2790.0,4678.0,7413.0,10417.0,7.752207159766048,13.117666611593126,3,20
59580.0,100.0,Kolfe Keranyo,7.0,162.0,38.682952902214105,9.007266440069444,5,20,41,73,143,268,301.0,980.0,2790.0,4678.0,7413.0,10417.0,7.752207159766048,13.117666611593126,3,20
56031.0,100.0,Kolfe Keranyo,7.0,162.0,38.682952902214105,9.007266440069444,5,20,41,73,143,268,301.0,980.0,2790.0,4678.0,7413.0,10417.0,7.752207159766048,13.117666611593126,3,20
68577.0,100.0,Kolfe Keranyo,7.0,162.0,38.682952902214105,9.007266440069444,5,20,41,73,143,268,301.0,980.0,2790.0,4678.0,7413.0,10417.0,7.752207159766048,13.117666611593126,3,20
61615.95,100.0,Kolfe Keranyo,7.0,162.0,38.682952902214105,9.007266440069444,5,20,41,73,143,268,301.0,980.0,2790.0,4678.0,7413.0,10417.0,7.752207159766048,13.117666611593126,3,20
56041.0,100.0,Kolfe Keranyo,7.0,162.0,38.682952902214105,9.007266440069444,5,20,41,73,143,268,301.0,980.0,2790.0,4678.0,7413.0,10417.0,7.752207159766048,13.117666611593126,3,20
111200.0,100.0,Kolfe Keranyo,7.0,169.0,38.682952902214105,9.007266440069444,5,20,41,73,143,268,301.0,980.0,2790.0,4678.0,7413.0,10417.0,7.752207159766048,13.117666611593126,3,20
75100.0,100.0,Kolfe Keranyo,7.0,169.0,38.682952902214105,9.007266440069444,5,20,41,73,143,268,301.0,980.0,2790.0,4678.0,7413.0,10417.0,7.752207159766048,13.117666611593126,3,20
73513.0,100.0,Kolfe Keranyo,7.0,169.0,38.682952902214105,9.007266440069444,5,20,41,73,143,268,301.0,980.0,2790.0,4678.0,7413.0,10417.0,7.752207159766048,13.117666611593126,3,20
63100.0,100.0,Kolfe Keranyo,7.0,193.0,38.682952902214105,9.007266440069444,5,20,41,73,143,268,301.0,980.0,2790.0,4678.0,7413.0,10417.0,7.752207159766048,13.117666611593126,3,20
61220.0,100.0,Kolfe Keranyo,7.0,193.0,38.682952902214105,9.007266440069444,5,20,41,73,143,268,301.0,980.0,2790.0,4678.0,7413.0,10417.0,7.752207159766048,13.117666611593126,3,20
46650.0,100.0,Kolfe Keranyo,7.0,193.0,38.682952902214105,9.007266440069444,5,20,41,73,143,268,301.0,980.0,2790.0,4678.0,7413.0,10417.0,7.752207159766048,13.117666611593126,3,20
79500.0,100.0,Kolfe Keranyo,7.0,133.0,38.682952902214105,9.007266440069444,5,20,41,73,143,268,301.0,980.0,2790.0,4678.0,7413.0,10417.0,7.752207159766048,13.117666611593126,3,20
72670.0,100.0,Kolfe Keranyo,7.0,133.0,38.682952902214105,9.007266440069444,5,20,41,73,143,268,301.0,980.0,2790.0,4678.0,7413.0,10417.0,7.752207159766048,13.117666611593126,3,20
56575.0,100.0,Kolfe Keranyo,7.0,133.0,38.682952902214105,9.007266440069444,5,20,41,73,143,268,301.0,980.0,2790.0,4678.0,7413.0,10417.0,7.752207159766048,13.117666611593126,3,20
98813.0,100.0,Kolfe Keranyo,7.0,120.0,38.682952902214105,9.007266440069444,5,20,41,73,143,268,301.0,980.0,2790.0,4678.0,7413.0,10417.0,7.752207159766048,13.117666611593126,3,20
95960.83,100.0,Kolfe Keranyo,7.0,120.0,38.682952902214105,9.007266440069444,5,20,41,73,143,268,301.0,980.0,2790.0,4678.0,7413.0,10417.0,7.752207159766048,13.117666611593126,3,20
84105.0,100.0,Kolfe Keranyo,7.0,120.0,38.682952902214105,9.007266440069444,5,20,41,73,143,268,301.0,980.0,2790.0,4678.0,7413.0,10417.0,7.752207159766048,13.117666611593126,3,20
116513.0,100.0,Kolfe Keranyo,7.0,130.0,38.682952902214105,9.007266440069444,5,20,41,73,143,268,301.0,980.0,2790.0,4678.0,7413.0,10417.0,7.752207159766048,13.117666611593126,3,20
86500.0,100.0,Kolfe Keranyo,7.0,130.0,38.682952902214105,9.007266440069444,5,20,41,73,143,268,301.0,980.0,2790.0,4678.0,7413.0,10417.0,7.752207159766048,13.117666611593126,3,20
86220.0,100.0,Kolfe Keranyo,7.0,130.0,38.682952902214105,9.007266440069444,5,20,41,73,143,268,301.0,980.0,2790.0,4678.0,7413.0,10417.0,7.752207159766048,13.117666611593126,3,20
41731.0,100.0,Kolfe Keranyo,5.0,238.0,38.70133998874034,8.99109133083579,0,20,69,157,325,630,137.0,567.0,2418.0,4865.0,8440.0,12430.0,6.429452086460782,10.82203097494198,12,28
27416.5,100.0,Kolfe Keranyo,5.0,238.0,38.70133998874034,8.99109133083579,0,20,69,157,325,630,137.0,567.0,2418.0,4865.0,8440.0,12430.0,6.429452086460782,10.82203097494198,12,28
20016.0,100.0,Kolfe Keranyo,5.0,238.0,38.70133998874034,8.99109133083579,0,20,69,157,325,630,137.0,567.0,2418.0,4865.0,8440.0,12430.0,6.429452086460782,10.82203097494198,12,28
42650.0,100.0,Kolfe Keranyo,5.0,238.0,38.70133998874034,8.99109133083579,0,20,69,157,325,630,137.0,567.0,2418.0,4865.0,8440.0,12430.0,6.429452086460782,10.82203097494198,12,28
15189.5,100.0,Kolfe Keranyo,3.0,158.0,38.66448576228889,8.981861901777028,0,1,13,47,93,110,150.0,547.0,1683.0,3362.0,5418.0,7718.0,10.520148786680146,14.807531542598372,10,6
13700.0,100.0,Kolfe Keranyo,3.0,158.0,38.66448576228889,8.981861901777028,0,1,13,47,93,110,150.0,547.0,1683.0,3362.0,5418.0,7718.0,10.520148786680146,14.807531542598372,10,6
47000.0,100.0,Kolfe Keranyo,3.0,266.0,38.66448576228889,8.981861901777028,0,1,13,47,93,110,150.0,547.0,1683.0,3362.0,5418.0,7718.0,10.520148786680146,14.807531542598372,10,6
21975.0,100.0,Kolfe Keranyo,3.0,266.0,38.66448576228889,8.981861901777028,0,1,13,47,93,110,150.0,547.0,1683.0,3362.0,5418.0,7718.0,10.520148786680146,14.807531542598372,10,6
15000.0,100.0,Kolfe Keranyo,3.0,266.0,38.66448576228889,8.981861901777028,0,1,13,47,93,110,150.0,547.0,1683.0,3362.0,5418.0,7718.0,10.520148786680146,14.807531542598372,10,6
54220.0,65.0,Kolfe Keranyo,3.0,148.0,38.66448576228889,8.981861901777028,0,1,13,47,93,110,150.0,547.0,1683.0,3362.0,5418.0,7718.0,10.520148786680146,14.807531542598372,10,6
28150.0,100.0,Kolfe Keranyo,3.0,148.0,38.66448576228889,8.981861901777028,0,1,13,47,93,110,150.0,547.0,1683.0,3362.0,5418.0,7718.0,10.520148786680146,14.807531542598372,10,6
23150.8,100.0,Kolfe Keranyo,3.0,148.0,38.66448576228889,8.981861901777028,0,1,13,47,93,110,150.0,547.0,1683.0,3362.0,5418.0,7718.0,10.520148786680146,14.807531542598372,10,6
26230.0,100.0,Kolfe Keranyo,3.0,162.0,38.66448576228889,8.981861901777028,0,1,13,47,93,110,150.0,547.0,1683.0,3362.0,5418.0,7718.0,10.520148786680146,14.807531542598372,10,6
12575.0,100.0,Kolfe Keranyo,3.0,162.0,38.66448576228889,8.981861901777028,0,1,13,47,93,110,150.0,547.0,1683.0,3362.0,5418.0,7718.0,10.520148786680146,14.807531542598372,10,6
7721.0,100.0,Kolfe Keranyo,3.0,162.0,38.66448576228889,8.981861901777028,0,1,13,47,93,110,150.0,547.0,1683.0,3362.0,5418.0,7718.0,10.520148786680146,14.807531542598372,10,6
38110.0,70.0,Kolfe Keranyo,3.0,174.0,38.66448576228889,8.981861901777028,0,1,13,47,93,110,150.0,547.0,1683.0,3362.0,5418.0,7718.0,10.520148786680146,14.807531542598372,10,6
34483.5,83.0,Kolfe Keranyo,3.0,174.0,38.66448576228889,8.981861901777028,0,1,13,47,93,110,150.0,547.0,1683.0,3362.0,5418.0,7718.0,10.520148786680146,14.807531542598372,10,6
16500.0,100.0,Kolfe Keranyo,3.0,174.0,38.66448576228889,8.981861901777028,0,1,13,47,93,110,150.0,547.0,1683.0,3362.0,5418.0,7718.0,10.520148786680146,14.807531542598372,10,6
32225.0,80.0,Kolfe Keranyo,3.0,173.0,38.66448576228889,8.981861901777028,0,1,13,47,93,110,150.0,547.0,1683.0,3362.0,5418.0,7718.0,10.520148786680146,14.807531542598372,10,6
41110.0,41.0,Kolfe Keranyo,3.0,173.0,38.66448576228889,8.981861901777028,0,1,13,47,93,110,150.0,547.0,1683.0,3362.0,5418.0,7718.0,10.520148786680146,14.807531542598372,10,6
21000.0,100.0,Kolfe Keranyo,3.0,173.0,38.66448576228889,8.981861901777028,0,1,13,47,93,110,150.0,547.0,1683.0,3362.0,5418.0,7718.0,10.520148786680146,14.807531542598372,10,6
110000.0,100.0,Kirkos,11.0,1919.0,38.74885274524131,8.999916078467555,16,73,413,790,1365,1824,133.0,560.0,2213.0,4605.0,7986.0,12000.0,2.181365254579556,5.942316863278471,2,46
60000.0,80.0,Kirkos,11.0,1919.0,38.74885274524131,8.999916078467555,16,73,413,790,1365,1824,133.0,560.0,2213.0,4605.0,7986.0,12000.0,2.181365254579556,5.942316863278471,2,46
83667.0,40.0,Kirkos,11.0,1919.0,38.74885274524131,8.999916078467555,16,73,413,790,1365,1824,133.0,560.0,2213.0,4605.0,7986.0,12000.0,2.181365254579556,5.942316863278471,2,46
35461.0,100.0,Kolfe Keranyo,11.0,141.0,38.69151415483088,9.03730402006131,1,5,22,67,199,365,175.0,594.0,1835.0,4269.0,7526.0,11036.0,6.993307106017576,13.411908044571168,3,15
35100.0,100.0,Kolfe Keranyo,11.0,141.0,38.69151415483088,9.03730402006131,1,5,22,67,199,365,175.0,594.0,1835.0,4269.0,7526.0,11036.0,6.993307106017576,13.411908044571168,3,15
32000.0,90.0,Kolfe Keranyo,11.0,141.0,38.69151415483088,9.03730402006131,1,5,22,67,199,365,175.0,594.0,1835.0,4269.0,7526.0,11036.0,6.993307106017576,13.411908044571168,3,15
26500.0,70.0,Kolfe Keranyo,11.0,266.0,38.69151415483088,9.03730402006131,1,5,22,67,199,365,175.0,594.0,1835.0,4269.0,7526.0,11036.0,6.993307106017576,13.411908044571168,3,15
11865.0,100.0,Kolfe Keranyo,11.0,266.0,38.69151415483088,9.03730402006131,1,5,22,67,199,365,175.0,594.0,1835.0,4269.0,7526.0,11036.0,6.993307106017576,13.411908044571168,3,15
14255.0,70.0,Kolfe Keranyo,11.0,266.0,38.69151415483088,9.03730402006131,1,5,22,67,199,365,175.0,594.0,1835.0,4269.0,7526.0,11036.0,6.993307106017576,13.411908044571168,3,15
26100.0,100.0,Kolfe Keranyo,11.0,227.0,38.69151415483088,9.03730402006131,1,5,22,67,199,365,175.0,594.0,1835.0,4269.0,7526.0,11036.0,6.993307106017576,13.411908044571168,3,15
18666.0,100.0,Kolfe Keranyo,11.0,227.0,38.69151415483088,9.03730402006131,1,5,22,67,199,365,175.0,594.0,1835.0,4269.0,7526.0,11036.0,6.993307106017576,13.411908044571168,3,15
11565.0,100.0,Kolfe Keranyo,11.0,227.0,38.69151415483088,9.03730402006131,1,5,22,67,199,365,175.0,594.0,1835.0,4269.0,7526.0,11036.0,6.993307106017576,13.411908044571168,3,15
30210.0,100.0,Kolfe Keranyo,2.0,137.0,38.68585867806747,8.966409373406625,0,4,51,76,167,291,102.0,308.0,1770.0,3953.0,6685.0,10117.0,9.38224769815396,12.559228651494386,10,17
25600.0,100.0,Kolfe Keranyo,2.0,137.0,38.68585867806747,8.966409373406625,0,4,51,76,167,291,102.0,308.0,1770.0,3953.0,6685.0,10117.0,9.38224769815396,12.559228651494386,10,17
24444.0,100.0,Kolfe Keranyo,2.0,137.0,38.68585867806747,8.966409373406625,0,4,51,76,167,291,102.0,308.0,1770.0,3953.0,6685.0,10117.0,9.38224769815396,12.559228651494386,10,17
26150.0,100.0,Kolfe Keranyo,3.0,159.0,38.66448576228889,8.981861901777028,0,1,13,47,93,110,150.0,547.0,1683.0,3362.0,5418.0,7718.0,10.520148786680146,14.807531542598372,10,6
19155.0,100.0,Kolfe Keranyo,3.0,159.0,38.66448576228889,8.981861901777028,0,1,13,47,93,110,150.0,547.0,1683.0,3362.0,5418.0,7718.0,10.520148786680146,14.807531542598372,10,6
22150.0,70.0,Kolfe Keranyo,3.0,159.0,38.66448576228889,8.981861901777028,0,1,13,47,93,110,150.0,547.0,1683.0,3362.0,5418.0,7718.0,10.520148786680146,14.807531542598372,10,6
21500.0,100.0,Kolfe Keranyo,3.0,189.0,38.66448576228889,8.981861901777028,0,1,13,47,93,110,150.0,547.0,1683.0,3362.0,5418.0,7718.0,10.520148786680146,14.807531542598372,10,6
20015.0,100.0,Kolfe Keranyo,3.0,189.0,38.66448576228889,8.981861901777028,0,1,13,47,93,110,150.0,547.0,1683.0,3362.0,5418.0,7718.0,10.520148786680146,14.807531542598372,10,6
18260.0,100.0,Kolfe Keranyo,3.0,189.0,38.66448576228889,8.981861901777028,0,1,13,47,93,110,150.0,547.0,1683.0,3362.0,5418.0,7718.0,10.520148786680146,14.807531542598372,10,6
45824.7,85.0,Kolfe Keranyo,3.0,161.0,38.66448576228889,8.981861901777028,0,1,13,47,93,110,150.0,547.0,1683.0,3362.0,5418.0,7718.0,10.520148786680146,14.807531542598372,10,6
24850.0,100.0,Kolfe Keranyo,3.0,161.0,38.66448576228889,8.981861901777028,0,1,13,47,93,110,150.0,547.0,1683.0,3362.0,5418.0,7718.0,10.520148786680146,14.807531542598372,10,6
21565.0,100.0,Kolfe Keranyo,3.0,161.0,38.66448576228889,8.981861901777028,0,1,13,47,93,110,150.0,547.0,1683.0,3362.0,5418.0,7718.0,10.520148786680146,14.807531542598372,10,6
33500.0,85.0,Kolfe Keranyo,3.0,180.0,38.66448576228889,8.981861901777028,0,1,13,47,93,110,150.0,547.0,1683.0,3362.0,5418.0,7718.0,10.520148786680146,14.807531542598372,10,6
30000.0,100.0,Kolfe Keranyo,3.0,180.0,38.66448576228889,8.981861901777028,0,1,13,47,93,110,150.0,547.0,1683.0,3362.0,5418.0,7718.0,10.520148786680146,14.807531542598372,10,6
22563.0,100.0,Kolfe Keranyo,3.0,180.0,38.66448576228889,8.981861901777028,0,1,13,47,93,110,150.0,547.0,1683.0,3362.0,5418.0,7718.0,10.520148786680146,14.807531542598372,10,6
85719.0,100.0,Kolfe Keranyo,7.0,128.0,38.682952902214105,9.007266440069444,5,20,41,73,143,268,301.0,980.0,2790.0,4678.0,7413.0,10417.0,7.752207159766048,13.117666611593126,3,20
73430.0,100.0,Kolfe Keranyo,7.0,128.0,38.682952902214105,9.007266440069444,5,20,41,73,143,268,301.0,980.0,2790.0,4678.0,7413.0,10417.0,7.752207159766048,13.117666611593126,3,20
62500.0,100.0,Kolfe Keranyo,7.0,128.0,38.682952902214105,9.007266440069444,5,20,41,73,143,268,301.0,980.0,2790.0,4678.0,7413.0,10417.0,7.752207159766048,13.117666611593126,3,20
81100.0,100.0,Kolfe Keranyo,7.0,87.0,38.682952902214105,9.007266440069444,5,20,41,73,143,268,301.0,980.0,2790.0,4678.0,7413.0,10417.0,7.752207159766048,13.117666611593126,3,20
66400.0,100.0,Kolfe Keranyo,7.0,87.0,38.682952902214105,9.007266440069444,5,20,41,73,143,268,301.0,980.0,2790.0,4678.0,7413.0,10417.0,7.752207159766048,13.117666611593126,3,20
55001.0,100.0,Kolfe Keranyo,7.0,87.0,38.682952902214105,9.007266440069444,5,20,41,73,143,268,301.0,980.0,2790.0,4678.0,7413.0,10417.0,7.752207159766048,13.117666611593126,3,20
86725.0,100.0,Kolfe Keranyo,7.0,89.0,38.682952902214105,9.007266440069444,5,20,41,73,143,268,301.0,980.0,2790.0,4678.0,7413.0,10417.0,7.752207159766048,13.117666611593126,3,20
110000.0,60.0,Kolfe Keranyo,7.0,89.0,38.682952902214105,9.007266440069444,5,20,41,73,143,268,301.0,980.0,2790.0,4678.0,7413.0,10417.0,7.752207159766048,13.117666611593126,3,20
72000.0,100.0,Kolfe Keranyo,7.0,89.0,38.682952902214105,9.007266440069444,5,20,41,73,143,268,301.0,980.0,2790.0,4678.0,7413.0,10417.0,7.752207159766048,13.117666611593126,3,20
86720.0,100.0,Kolfe Keranyo,7.0,111.0,38.682952902214105,9.007266440069444,5,20,41,73,143,268,301.0,980.0,2790.0,4678.0,7413.0,10417.0,7.752207159766048,13.117666611593126,3,20
81300.0,100.0,Kolfe Keranyo,7.0,111.0,38.682952902214105,9.007266440069444,5,20,41,73,143,268,301.0,980.0,2790.0,4678.0,7413.0,10417.0,7.752207159766048,13.117666611593126,3,20
93555.0,80.0,Kolfe Keranyo,7.0,111.0,38.682952902214105,9.007266440069444,5,20,41,73,143,268,301.0,980.0,2790.0,4678.0,7413.0,10417.0,7.752207159766048,13.117666611593126,3,20
111755.0,100.0,Kolfe Keranyo,7.0,104.0,38.682952902214105,9.007266440069444,5,20,41,73,143,268,301.0,980.0,2790.0,4678.0,7413.0,10417.0,7.752207159766048,13.117666611593126,3,20
92576.0,100.0,Kolfe Keranyo,7.0,104.0,38.682952902214105,9.007266440069444,5,20,41,73,143,268,301.0,980.0,2790.0,4678.0,7413.0,10417.0,7.752207159766048,13.117666611593126,3,20
137000.0,50.0,Kolfe Keranyo,7.0,104.0,38.682952902214105,9.007266440069444,5,20,41,73,143,268,301.0,980.0,2790.0,4678.0,7413.0,10417.0,7.752207159766048,13.117666611593126,3,20
126435.0,100.0,Kolfe Keranyo,7.0,84.0,38.682952902214105,9.007266440069444,5,20,41,73,143,268,301.0,980.0,2790.0,4678.0,7413.0,10417.0,7.752207159766048,13.117666611593126,3,20
110500.0,100.0,Kolfe Keranyo,7.0,84.0,38.682952902214105,9.007266440069444,5,20,41,73,143,268,301.0,980.0,2790.0,4678.0,7413.0,10417.0,7.752207159766048,13.117666611593126,3,20
96573.0,100.0,Kolfe Keranyo,7.0,84.0,38.682952902214105,9.007266440069444,5,20,41,73,143,268,301.0,980.0,2790.0,4678.0,7413.0,10417.0,7.752207159766048,13.117666611593126,3,20
156080.0,100.0,Kolfe Keranyo,7.0,167.0,38.682952902214105,9.007266440069444,5,20,41,73,143,268,301.0,980.0,2790.0,4678.0,7413.0,10417.0,7.752207159766048,13.117666611593126,3,20
132430.0,100.0,Kolfe Keranyo,7.0,167.0,38.682952902214105,9.007266440069444,5,20,41,73,143,268,301.0,980.0,2790.0,4678.0,7413.0,10417.0,7.752207159766048,13.117666611593126,3,20
132211.0,100.0,Kolfe Keranyo,7.0,167.0,38.682952902214105,9.007266440069444,5,20,41,73,143,268,301.0,980.0,2790.0,4678.0,7413.0,10417.0,7.752207159766048,13.117666611593126,3,20
135300.0,100.0,Kolfe Keranyo,7.0,186.0,38.682952902214105,9.007266440069444,5,20,41,73,143,268,301.0,980.0,2790.0,4678.0,7413.0,10417.0,7.752207159766048,13.117666611593126,3,20
107556.0,100.0,Kolfe Keranyo,7.0,186.0,38.682952902214105,9.007266440069444,5,20,41,73,143,268,301.0,980.0,2790.0,4678.0,7413.0,10417.0,7.752207159766048,13.117666611593126,3,20
101000.0,100.0,Kolfe Keranyo,7.0,186.0,38.682952902214105,9.007266440069444,5,20,41,73,143,268,301.0,980.0,2790.0,4678.0,7413.0,10417.0,7.752207159766048,13.117666611593126,3,20
23294.93,100.0,Kolfe Keranyo,7.0,217.0,38.682952902214105,9.007266440069444,5,20,41,73,143,268,301.0,980.0,2790.0,4678.0,7413.0,10417.0,7.752207159766048,13.117666611593126,3,20
16200.0,100.0,Kolfe Keranyo,7.0,217.0,38.682952902214105,9.007266440069444,5,20,41,73,143,268,301.0,980.0,2790.0,4678.0,7413.0,10417.0,7.752207159766048,13.117666611593126,3,20
15100.0,100.0,Kolfe Keranyo,7.0,217.0,38.682952902214105,9.007266440069444,5,20,41,73,143,268,301.0,980.0,2790.0,4678.0,7413.0,10417.0,7.752207159766048,13.117666611593126,3,20
22575.0,100.0,Kolfe Keranyo,3.0,226.0,38.66448576228889,8.981861901777028,0,1,13,47,93,110,150.0,547.0,1683.0,3362.0,5418.0,7718.0,10.520148786680146,14.807531542598372,10,6
18600.0,100.0,Kolfe Keranyo,3.0,226.0,38.66448576228889,8.981861901777028,0,1,13,47,93,110,150.0,547.0,1683.0,3362.0,5418.0,7718.0,10.520148786680146,14.807531542598372,10,6
20600.0,80.0,Kolfe Keranyo,3.0,226.0,38.66448576228889,8.981861901777028,0,1,13,47,93,110,150.0,547.0,1683.0,3362.0,5418.0,7718.0,10.520148786680146,14.807531542598372,10,6
21300.0,100.0,Kolfe Keranyo,3.0,188.0,38.66448576228889,8.981861901777028,0,1,13,47,93,110,150.0,547.0,1683.0,3362.0,5418.0,7718.0,10.520148786680146,14.807531542598372,10,6
33000.0,40.0,Kolfe Keranyo,3.0,188.0,38.66448576228889,8.981861901777028,0,1,13,47,93,110,150.0,547.0,1683.0,3362.0,5418.0,7718.0,10.520148786680146,14.807531542598372,10,6
16000.0,100.0,Kolfe Keranyo,3.0,188.0,38.66448576228889,8.981861901777028,0,1,13,47,93,110,150.0,547.0,1683.0,3362.0,5418.0,7718.0,10.520148786680146,14.807531542598372,10,6
46527.0,100.0,Kolfe Keranyo,5.0,309.0,38.70133998874034,8.99109133083579,0,20,69,157,325,630,137.0,567.0,2418.0,4865.0,8440.0,12430.0,6.429452086460782,10.82203097494198,12,28
42100.0,100.0,Kolfe Keranyo,5.0,309.0,38.70133998874034,8.99109133083579,0,20,69,157,325,630,137.0,567.0,2418.0,4865.0,8440.0,12430.0,6.429452086460782,10.82203097494198,12,28
40453.0,100.0,Kolfe Keranyo,5.0,309.0,38.70133998874034,8.99109133083579,0,20,69,157,325,630,137.0,567.0,2418.0,4865.0,8440.0,12430.0,6.429452086460782,10.82203097494198,12,28
43521.0,100.0,Kolfe Keranyo,5.0,283.0,38.70133998874034,8.99109133083579,0,20,69,157,325,630,137.0,567.0,2418.0,4865.0,8440.0,12430.0,6.429452086460782,10.82203097494198,12,28
39100.0,100.0,Kolfe Keranyo,5.0,283.0,38.70133998874034,8.99109133083579,0,20,69,157,325,630,137.0,567.0,2418.0,4865.0,8440.0,12430.0,6.429452086460782,10.82203097494198,12,28
38000.0,100.0,Kolfe Keranyo,5.0,283.0,38.70133998874034,8.99109133083579,0,20,69,157,325,630,137.0,567.0,2418.0,4865.0,8440.0,12430.0,6.429452086460782,10.82203097494198,12,28
35000.0,100.0,Kolfe Keranyo,3.0,199.0,38.66448576228889,8.981861901777028,0,1,13,47,93,110,150.0,547.0,1683.0,3362.0,5418.0,7718.0,10.520148786680146,14.807531542598372,10,6
28473.0,100.0,Kolfe Keranyo,3.0,199.0,38.66448576228889,8.981861901777028,0,1,13,47,93,110,150.0,547.0,1683.0,3362.0,5418.0,7718.0,10.520148786680146,14.807531542598372,10,6
25800.0,100.0,Kolfe Keranyo,3.0,199.0,38.66448576228889,8.981861901777028,0,1,13,47,93,110,150.0,547.0,1683.0,3362.0,5418.0,7718.0,10.520148786680146,14.807531542598372,10,6
29600.0,100.0,Akaki Kality,4.0,322.0,38.76162967755072,8.878099647196903,4,13,33,69,82,100,53.0,207.0,678.0,1438.0,2262.0,3466.0,15.721658669483254,12.12544200092115,7,15
29500.0,100.0,Akaki Kality,4.0,322.0,38.76162967755072,8.878099647196903,4,13,33,69,82,100,53.0,207.0,678.0,1438.0,2262.0,3466.0,15.721658669483254,12.12544200092115,7,15
28556.99,100.0,Akaki Kality,4.0,322.0,38.76162967755072,8.878099647196903,4,13,33,69,82,100,53.0,207.0,678.0,1438.0,2262.0,3466.0,15.721658669483254,12.12544200092115,7,15
55625.85,100.0,Akaki Kality,8.0,106.0,38.78234356596863,8.894001187595702,2,15,63,90,113,137,111.0,302.0,1078.0,2203.0,3577.0,5027.0,14.302189201851867,9.80783104484501,1,17
68000.0,60.0,Akaki Kality,8.0,106.0,38.78234356596863,8.894001187595702,2,15,63,90,113,137,111.0,302.0,1078.0,2203.0,3577.0,5027.0,14.302189201851867,9.80783104484501,1,17
45780.78,100.0,Akaki Kality,8.0,106.0,38.78234356596863,8.894001187595702,2,15,63,90,113,137,111.0,302.0,1078.0,2203.0,3577.0,5027.0,14.302189201851867,9.80783104484501,1,17
50125.0,100.0,Akaki Kality,8.0,104.0,38.78234356596863,8.894001187595702,2,15,63,90,113,137,111.0,302.0,1078.0,2203.0,3577.0,5027.0,14.302189201851867,9.80783104484501,1,17
47921.0,100.0,Akaki Kality,8.0,104.0,38.78234356596863,8.894001187595702,2,15,63,90,113,137,111.0,302.0,1078.0,2203.0,3577.0,5027.0,14.302189201851867,9.80783104484501,1,17
45222.0,100.0,Akaki Kality,8.0,104.0,38.78234356596863,8.894001187595702,2,15,63,90,113,137,111.0,302.0,1078.0,2203.0,3577.0,5027.0,14.302189201851867,9.80783104484501,1,17
48107.0,100.0,Akaki Kality,8.0,104.0,38.78234356596863,8.894001187595702,2,15,63,90,113,137,111.0,302.0,1078.0,2203.0,3577.0,5027.0,14.302189201851867,9.80783104484501,1,17
46070.0,100.0,Akaki Kality,8.0,104.0,38.78234356596863,8.894001187595702,2,15,63,90,113,137,111.0,302.0,1078.0,2203.0,3577.0,5027.0,14.302189201851867,9.80783104484501,1,17
43320.5,100.0,Akaki Kality,8.0,104.0,38.78234356596863,8.894001187595702,2,15,63,90,113,137,111.0,302.0,1078.0,2203.0,3577.0,5027.0,14.302189201851867,9.80783104484501,1,17
44444.0,70.0,Akaki Kality,2.0,232.0,38.80014513086449,8.84933284654248,0,2,11,28,59,77,10.0,113.0,827.0,1898.0,2690.0,3367.0,19.600027975680334,14.596536746406308,9,7
28055.0,100.0,Akaki Kality,2.0,232.0,38.80014513086449,8.84933284654248,0,2,11,28,59,77,10.0,113.0,827.0,1898.0,2690.0,3367.0,19.600027975680334,14.596536746406308,9,7
27000.0,100.0,Akaki Kality,2.0,232.0,38.80014513086449,8.84933284654248,0,2,11,28,59,77,10.0,113.0,827.0,1898.0,2690.0,3367.0,19.600027975680334,14.596536746406308,9,7
28601.99,100.0,Akaki Kality,2.0,232.0,38.80014513086449,8.84933284654248,0,2,11,28,59,77,10.0,113.0,827.0,1898.0,2690.0,3367.0,19.600027975680334,14.596536746406308,9,7
32510.0,81.0,Akaki Kality,2.0,232.0,38.80014513086449,8.84933284654248,0,2,11,28,59,77,10.0,113.0,827.0,1898.0,2690.0,3367.0,19.600027975680334,14.596536746406308,9,7
20000.0,100.0,Akaki Kality,2.0,232.0,38.80014513086449,8.84933284654248,0,2,11,28,59,77,10.0,113.0,827.0,1898.0,2690.0,3367.0,19.600027975680334,14.596536746406308,9,7
37525.0,70.0,Akaki Kality,2.0,213.0,38.80014513086449,8.84933284654248,0,2,11,28,59,77,10.0,113.0,827.0,1898.0,2690.0,3367.0,19.600027975680334,14.596536746406308,9,7
30000.0,100.0,Akaki Kality,2.0,213.0,38.80014513086449,8.84933284654248,0,2,11,28,59,77,10.0,113.0,827.0,1898.0,2690.0,3367.0,19.600027975680334,14.596536746406308,9,7
29420.19,100.0,Akaki Kality,2.0,213.0,38.80014513086449,8.84933284654248,0,2,11,28,59,77,10.0,113.0,827.0,1898.0,2690.0,3367.0,19.600027975680334,14.596536746406308,9,7
62000.0,100.0,Akaki Kality,1.0,90.0,38.79769047574577,8.871845782757074,0,8,37,73,108,121,181.0,567.0,1559.0,2513.0,3366.0,4271.0,17.12043187299996,12.094209608271989,4,21
61150.0,100.0,Akaki Kality,1.0,90.0,38.79769047574577,8.871845782757074,0,8,37,73,108,121,181.0,567.0,1559.0,2513.0,3366.0,4271.0,17.12043187299996,12.094209608271989,4,21
71600.0,75.0,Akaki Kality,1.0,90.0,38.79769047574577,8.871845782757074,0,8,37,73,108,121,181.0,567.0,1559.0,2513.0,3366.0,4271.0,17.12043187299996,12.094209608271989,4,21
22200.0,100.0,Akaki Kality,4.0,377.0,38.76162967755072,8.878099647196903,4,13,33,69,82,100,53.0,207.0,678.0,1438.0,2262.0,3466.0,15.721658669483254,12.12544200092115,7,15
25775.0,70.0,Akaki Kality,4.0,377.0,38.76162967755072,8.878099647196903,4,13,33,69,82,100,53.0,207.0,678.0,1438.0,2262.0,3466.0,15.721658669483254,12.12544200092115,7,15
15000.5,100.0,Akaki Kality,4.0,377.0,38.76162967755072,8.878099647196903,4,13,33,69,82,100,53.0,207.0,678.0,1438.0,2262.0,3466.0,15.721658669483254,12.12544200092115,7,15
34285.0,60.0,Akaki Kality,9.0,350.0,38.82570107346104,8.890751016621174,0,0,16,25,32,50,47.0,145.0,661.0,1572.0,2332.0,3051.0,16.390488571348776,10.403139734210335,11,14
25121.0,100.0,Akaki Kality,9.0,350.0,38.82570107346104,8.890751016621174,0,0,16,25,32,50,47.0,145.0,661.0,1572.0,2332.0,3051.0,16.390488571348776,10.403139734210335,11,14
23550.0,100.0,Akaki Kality,9.0,350.0,38.82570107346104,8.890751016621174,0,0,16,25,32,50,47.0,145.0,661.0,1572.0,2332.0,3051.0,16.390488571348776,10.403139734210335,11,14
26700.0,100.0,Akaki Kality,9.0,412.0,38.82570107346104,8.890751016621174,0,0,16,25,32,50,47.0,145.0,661.0,1572.0,2332.0,3051.0,16.390488571348776,10.403139734210335,11,14
24356.0,100.0,Akaki Kality,9.0,412.0,38.82570107346104,8.890751016621174,0,0,16,25,32,50,47.0,145.0,661.0,1572.0,2332.0,3051.0,16.390488571348776,10.403139734210335,11,14
20100.0,100.0,Akaki Kality,9.0,412.0,38.82570107346104,8.890751016621174,0,0,16,25,32,50,47.0,145.0,661.0,1572.0,2332.0,3051.0,16.390488571348776,10.403139734210335,11,14
33500.0,100.0,Akaki Kality,9.0,397.0,38.82570107346104,8.890751016621174,0,0,16,25,32,50,47.0,145.0,661.0,1572.0,2332.0,3051.0,16.390488571348776,10.403139734210335,11,14
25825.0,100.0,Akaki Kality,9.0,397.0,38.82570107346104,8.890751016621174,0,0,16,25,32,50,47.0,145.0,661.0,1572.0,2332.0,3051.0,16.390488571348776,10.403139734210335,11,14
25555.0,100.0,Akaki Kality,9.0,397.0,38.82570107346104,8.890751016621174,0,0,16,25,32,50,47.0,145.0,661.0,1572.0,2332.0,3051.0,16.390488571348776,10.403139734210335,11,14
27678.9,100.0,Akaki Kality,9.0,397.0,38.82570107346104,8.890751016621174,0,0,16,25,32,50,47.0,145.0,661.0,1572.0,2332.0,3051.0,16.390488571348776,10.403139734210335,11,14
34500.0,46.0,Akaki Kality,9.0,397.0,38.82570107346104,8.890751016621174,0,0,16,25,32,50,47.0,145.0,661.0,1572.0,2332.0,3051.0,16.390488571348776,10.403139734210335,11,14
30001.0,40.0,Akaki Kality,9.0,397.0,38.82570107346104,8.890751016621174,0,0,16,25,32,50,47.0,145.0,661.0,1572.0,2332.0,3051.0,16.390488571348776,10.403139734210335,11,14
40125.0,100.0,Akaki Kality,2.0,221.0,38.80014513086449,8.84933284654248,0,2,11,28,59,77,10.0,113.0,827.0,1898.0,2690.0,3367.0,19.600027975680334,14.596536746406308,9,7
34337.0,100.0,Akaki Kality,2.0,221.0,38.80014513086449,8.84933284654248,0,2,11,28,59,77,10.0,113.0,827.0,1898.0,2690.0,3367.0,19.600027975680334,14.596536746406308,9,7
33823.0,100.0,Akaki Kality,2.0,221.0,38.80014513086449,8.84933284654248,0,2,11,28,59,77,10.0,113.0,827.0,1898.0,2690.0,3367.0,19.600027975680334,14.596536746406308,9,7
35555.5,100.0,Akaki Kality,9.0,404.0,38.82570107346104,8.890751016621174,0,0,16,25,32,50,47.0,145.0,661.0,1572.0,2332.0,3051.0,16.390488571348776,10.403139734210335,11,14
30100.0,100.0,Akaki Kality,9.0,404.0,38.82570107346104,8.890751016621174,0,0,16,25,32,50,47.0,145.0,661.0,1572.0,2332.0,3051.0,16.390488571348776,10.403139734210335,11,14
23785.0,100.0,Akaki Kality,9.0,404.0,38.82570107346104,8.890751016621174,0,0,16,25,32,50,47.0,145.0,661.0,1572.0,2332.0,3051.0,16.390488571348776,10.403139734210335,11,14
28877.0,100.0,Akaki Kality,8.0,239.0,38.78234356596863,8.894001187595702,2,15,63,90,113,137,111.0,302.0,1078.0,2203.0,3577.0,5027.0,14.302189201851867,9.80783104484501,1,17
42000.0,50.0,Akaki Kality,8.0,239.0,38.78234356596863,8.894001187595702,2,15,63,90,113,137,111.0,302.0,1078.0,2203.0,3577.0,5027.0,14.302189201851867,9.80783104484501,1,17
27721.0,100.0,Akaki Kality,8.0,239.0,38.78234356596863,8.894001187595702,2,15,63,90,113,137,111.0,302.0,1078.0,2203.0,3577.0,5027.0,14.302189201851867,9.80783104484501,1,17
32315.0,100.0,Akaki Kality,8.0,233.0,38.78234356596863,8.894001187595702,2,15,63,90,113,137,111.0,302.0,1078.0,2203.0,3577.0,5027.0,14.302189201851867,9.80783104484501,1,17
29377.0,100.0,Akaki Kality,8.0,233.0,38.78234356596863,8.894001187595702,2,15,63,90,113,137,111.0,302.0,1078.0,2203.0,3577.0,5027.0,14.302189201851867,9.80783104484501,1,17
26875.0,100.0,Akaki Kality,8.0,233.0,38.78234356596863,8.894001187595702,2,15,63,90,113,137,111.0,302.0,1078.0,2203.0,3577.0,5027.0,14.302189201851867,9.80783104484501,1,17
29113.0,100.0,Akaki Kality,8.0,344.0,38.78234356596863,8.894001187595702,2,15,63,90,113,137,111.0,302.0,1078.0,2203.0,3577.0,5027.0,14.302189201851867,9.80783104484501,1,17
41100.0,50.0,Akaki Kality,8.0,344.0,38.78234356596863,8.894001187595702,2,15,63,90,113,137,111.0,302.0,1078.0,2203.0,3577.0,5027.0,14.302189201851867,9.80783104484501,1,17
35000.0,71.0,Akaki Kality,8.0,344.0,38.78234356596863,8.894001187595702,2,15,63,90,113,137,111.0,302.0,1078.0,2203.0,3577.0,5027.0,14.302189201851867,9.80783104484501,1,17
31555.5,100.0,Akaki Kality,9.0,200.0,38.82570107346104,8.890751016621174,0,0,16,25,32,50,47.0,145.0,661.0,1572.0,2332.0,3051.0,16.390488571348776,10.403139734210335,11,14
30219.0,100.0,Akaki Kality,9.0,200.0,38.82570107346104,8.890751016621174,0,0,16,25,32,50,47.0,145.0,661.0,1572.0,2332.0,3051.0,16.390488571348776,10.403139734210335,11,14
32600.0,80.0,Akaki Kality,9.0,200.0,38.82570107346104,8.890751016621174,0,0,16,25,32,50,47.0,145.0,661.0,1572.0,2332.0,3051.0,16.390488571348776,10.403139734210335,11,14
31000.0,100.0,Akaki Kality,9.0,200.0,38.82570107346104,8.890751016621174,0,0,16,25,32,50,47.0,145.0,661.0,1572.0,2332.0,3051.0,16.390488571348776,10.403139734210335,11,14
32600.0,80.0,Akaki Kality,9.0,200.0,38.82570107346104,8.890751016621174,0,0,16,25,32,50,47.0,145.0,661.0,1572.0,2332.0,3051.0,16.390488571348776,10.403139734210335,11,14
34500.0,70.0,Akaki Kality,9.0,200.0,38.82570107346104,8.890751016621174,0,0,16,25,32,50,47.0,145.0,661.0,1572.0,2332.0,3051.0,16.390488571348776,10.403139734210335,11,14
27890.99,100.0,Akaki Kality,9.0,200.0,38.82570107346104,8.890751016621174,0,0,16,25,32,50,47.0,145.0,661.0,1572.0,2332.0,3051.0,16.390488571348776,10.403139734210335,11,14
32600.0,80.0,Akaki Kality,9.0,200.0,38.82570107346104,8.890751016621174,0,0,16,25,32,50,47.0,145.0,661.0,1572.0,2332.0,3051.0,16.390488571348776,10.403139734210335,11,14
27521.0,100.0,Akaki Kality,9.0,200.0,38.82570107346104,8.890751016621174,0,0,16,25,32,50,47.0,145.0,661.0,1572.0,2332.0,3051.0,16.390488571348776,10.403139734210335,11,14
34700.0,100.0,Akaki Kality,9.0,200.0,38.82570107346104,8.890751016621174,0,0,16,25,32,50,47.0,145.0,661.0,1572.0,2332.0,3051.0,16.390488571348776,10.403139734210335,11,14
31425.0,100.0,Akaki Kality,9.0,200.0,38.82570107346104,8.890751016621174,0,0,16,25,32,50,47.0,145.0,661.0,1572.0,2332.0,3051.0,16.390488571348776,10.403139734210335,11,14
29570.0,100.0,Akaki Kality,9.0,200.0,38.82570107346104,8.890751016621174,0,0,16,25,32,50,47.0,145.0,661.0,1572.0,2332.0,3051.0,16.390488571348776,10.403139734210335,11,14
29999.0,100.0,Akaki Kality,9.0,200.0,38.82570107346104,8.890751016621174,0,0,16,25,32,50,47.0,145.0,661.0,1572.0,2332.0,3051.0,16.390488571348776,10.403139734210335,11,14
26629.0,100.0,Akaki Kality,9.0,200.0,38.82570107346104,8.890751016621174,0,0,16,25,32,50,47.0,145.0,661.0,1572.0,2332.0,3051.0,16.390488571348776,10.403139734210335,11,14
24121.0,100.0,Akaki Kality,9.0,200.0,38.82570107346104,8.890751016621174,0,0,16,25,32,50,47.0,145.0,661.0,1572.0,2332.0,3051.0,16.390488571348776,10.403139734210335,11,14
27580.0,100.0,Akaki Kality,9.0,275.0,38.82570107346104,8.890751016621174,0,0,16,25,32,50,47.0,145.0,661.0,1572.0,2332.0,3051.0,16.390488571348776,10.403139734210335,11,14
26775.0,100.0,Akaki Kality,9.0,275.0,38.82570107346104,8.890751016621174,0,0,16,25,32,50,47.0,145.0,661.0,1572.0,2332.0,3051.0,16.390488571348776,10.403139734210335,11,14
25899.0,100.0,Akaki Kality,9.0,275.0,38.82570107346104,8.890751016621174,0,0,16,25,32,50,47.0,145.0,661.0,1572.0,2332.0,3051.0,16.390488571348776,10.403139734210335,11,14
31221.0,100.0,Akaki Kality,9.0,272.0,38.82570107346104,8.890751016621174,0,0,16,25,32,50,47.0,145.0,661.0,1572.0,2332.0,3051.0,16.390488571348776,10.403139734210335,11,14
29999.0,100.0,Akaki Kality,9.0,272.0,38.82570107346104,8.890751016621174,0,0,16,25,32,50,47.0,145.0,661.0,1572.0,2332.0,3051.0,16.390488571348776,10.403139734210335,11,14
26839.55,100.0,Akaki Kality,9.0,272.0,38.82570107346104,8.890751016621174,0,0,16,25,32,50,47.0,145.0,661.0,1572.0,2332.0,3051.0,16.390488571348776,10.403139734210335,11,14
33150.0,100.0,Akaki Kality,9.0,200.0,38.82570107346104,8.890751016621174,0,0,16,25,32,50,47.0,145.0,661.0,1572.0,2332.0,3051.0,16.390488571348776,10.403139734210335,11,14
31000.0,100.0,Akaki Kality,9.0,200.0,38.82570107346104,8.890751016621174,0,0,16,25,32,50,47.0,145.0,661.0,1572.0,2332.0,3051.0,16.390488571348776,10.403139734210335,11,14
27500.0,100.0,Akaki Kality,9.0,200.0,38.82570107346104,8.890751016621174,0,0,16,25,32,50,47.0,145.0,661.0,1572.0,2332.0,3051.0,16.390488571348776,10.403139734210335,11,14
34500.0,100.0,Akaki Kality,9.0,200.0,38.82570107346104,8.890751016621174,0,0,16,25,32,50,47.0,145.0,661.0,1572.0,2332.0,3051.0,16.390488571348776,10.403139734210335,11,14
31500.0,100.0,Akaki Kality,9.0,200.0,38.82570107346104,8.890751016621174,0,0,16,25,32,50,47.0,145.0,661.0,1572.0,2332.0,3051.0,16.390488571348776,10.403139734210335,11,14
36000.0,70.0,Akaki Kality,9.0,200.0,38.82570107346104,8.890751016621174,0,0,16,25,32,50,47.0,145.0,661.0,1572.0,2332.0,3051.0,16.390488571348776,10.403139734210335,11,14
27890.0,100.0,Akaki Kality,9.0,200.0,38.82570107346104,8.890751016621174,0,0,16,25,32,50,47.0,145.0,661.0,1572.0,2332.0,3051.0,16.390488571348776,10.403139734210335,11,14
27888.0,100.0,Akaki Kality,9.0,200.0,38.82570107346104,8.890751016621174,0,0,16,25,32,50,47.0,145.0,661.0,1572.0,2332.0,3051.0,16.390488571348776,10.403139734210335,11,14
30001.0,80.0,Akaki Kality,9.0,200.0,38.82570107346104,8.890751016621174,0,0,16,25,32,50,47.0,145.0,661.0,1572.0,2332.0,3051.0,16.390488571348776,10.403139734210335,11,14
45565.25,100.0,Akaki Kality,9.0,200.0,38.82570107346104,8.890751016621174,0,0,16,25,32,50,47.0,145.0,661.0,1572.0,2332.0,3051.0,16.390488571348776,10.403139734210335,11,14
33033.0,100.0,Akaki Kality,9.0,200.0,38.82570107346104,8.890751016621174,0,0,16,25,32,50,47.0,145.0,661.0,1572.0,2332.0,3051.0,16.390488571348776,10.403139734210335,11,14
32200.0,100.0,Akaki Kality,9.0,200.0,38.82570107346104,8.890751016621174,0,0,16,25,32,50,47.0,145.0,661.0,1572.0,2332.0,3051.0,16.390488571348776,10.403139734210335,11,14
44923.86,100.0,Akaki Kality,9.0,197.0,38.82570107346104,8.890751016621174,0,0,16,25,32,50,47.0,145.0,661.0,1572.0,2332.0,3051.0,16.390488571348776,10.403139734210335,11,14
29621.0,100.0,Akaki Kality,9.0,197.0,38.82570107346104,8.890751016621174,0,0,16,25,32,50,47.0,145.0,661.0,1572.0,2332.0,3051.0,16.390488571348776,10.403139734210335,11,14
28337.0,100.0,Akaki Kality,9.0,197.0,38.82570107346104,8.890751016621174,0,0,16,25,32,50,47.0,145.0,661.0,1572.0,2332.0,3051.0,16.390488571348776,10.403139734210335,11,14
30156.0,100.0,Akaki Kality,1.0,500.0,38.79769047574577,8.871845782757074,0,8,37,73,108,121,181.0,567.0,1559.0,2513.0,3366.0,4271.0,17.12043187299996,12.094209608271989,4,21
28400.0,100.0,Akaki Kality,1.0,500.0,38.79769047574577,8.871845782757074,0,8,37,73,108,121,181.0,567.0,1559.0,2513.0,3366.0,4271.0,17.12043187299996,12.094209608271989,4,21
27500.0,100.0,Akaki Kality,1.0,500.0,38.79769047574577,8.871845782757074,0,8,37,73,108,121,181.0,567.0,1559.0,2513.0,3366.0,4271.0,17.12043187299996,12.094209608271989,4,21
32750.0,100.0,Akaki Kality,1.0,400.0,38.79769047574577,8.871845782757074,0,8,37,73,108,121,181.0,567.0,1559.0,2513.0,3366.0,4271.0,17.12043187299996,12.094209608271989,4,21
32510.0,100.0,Akaki Kality,1.0,400.0,38.79769047574577,8.871845782757074,0,8,37,73,108,121,181.0,567.0,1559.0,2513.0,3366.0,4271.0,17.12043187299996,12.094209608271989,4,21
28600.0,100.0,Akaki Kality,1.0,400.0,38.79769047574577,8.871845782757074,0,8,37,73,108,121,181.0,567.0,1559.0,2513.0,3366.0,4271.0,17.12043187299996,12.094209608271989,4,21
62050.0,100.0,Gulele,7.0,171.0,38.73876325393147,9.070532817420135,2,9,41,162,313,615,181.0,563.0,1646.0,3095.0,4875.0,7364.0,5.9039090321500725,12.008239156826676,6,23
52701.0,100.0,Gulele,7.0,171.0,38.73876325393147,9.070532817420135,2,9,41,162,313,615,181.0,563.0,1646.0,3095.0,4875.0,7364.0,5.9039090321500725,12.008239156826676,6,23
51100.0,100.0,Gulele,7.0,171.0,38.73876325393147,9.070532817420135,2,9,41,162,313,615,181.0,563.0,1646.0,3095.0,4875.0,7364.0,5.9039090321500725,12.008239156826676,6,23
52600.0,100.0,Gulele,7.0,175.0,38.73876325393147,9.070532817420135,2,9,41,162,313,615,181.0,563.0,1646.0,3095.0,4875.0,7364.0,5.9039090321500725,12.008239156826676,6,23
50050.0,100.0,Gulele,7.0,175.0,38.73876325393147,9.070532817420135,2,9,41,162,313,615,181.0,563.0,1646.0,3095.0,4875.0,7364.0,5.9039090321500725,12.008239156826676,6,23
50000.0,100.0,Gulele,7.0,175.0,38.73876325393147,9.070532817420135,2,9,41,162,313,615,181.0,563.0,1646.0,3095.0,4875.0,7364.0,5.9039090321500725,12.008239156826676,6,23
54250.0,100.0,Gulele,7.0,176.0,38.73876325393147,9.070532817420135,2,9,41,162,313,615,181.0,563.0,1646.0,3095.0,4875.0,7364.0,5.9039090321500725,12.008239156826676,6,23
50421.0,100.0,Gulele,7.0,176.0,38.73876325393147,9.070532817420135,2,9,41,162,313,615,181.0,563.0,1646.0,3095.0,4875.0,7364.0,5.9039090321500725,12.008239156826676,6,23
46156.0,100.0,Gulele,7.0,176.0,38.73876325393147,9.070532817420135,2,9,41,162,313,615,181.0,563.0,1646.0,3095.0,4875.0,7364.0,5.9039090321500725,12.008239156826676,6,23
47500.0,100.0,Gulele,7.0,210.0,38.73876325393147,9.070532817420135,2,9,41,162,313,615,181.0,563.0,1646.0,3095.0,4875.0,7364.0,5.9039090321500725,12.008239156826676,6,23
61200.0,60.0,Gulele,7.0,210.0,38.73876325393147,9.070532817420135,2,9,41,162,313,615,181.0,563.0,1646.0,3095.0,4875.0,7364.0,5.9039090321500725,12.008239156826676,6,23
44600.0,100.0,Gulele,7.0,210.0,38.73876325393147,9.070532817420135,2,9,41,162,313,615,181.0,563.0,1646.0,3095.0,4875.0,7364.0,5.9039090321500725,12.008239156826676,6,23
62244.0,100.0,Gulele,7.0,227.0,38.73876325393147,9.070532817420135,2,9,41,162,313,615,181.0,563.0,1646.0,3095.0,4875.0,7364.0,5.9039090321500725,12.008239156826676,6,23
41200.0,100.0,Gulele,7.0,227.0,38.73876325393147,9.070532817420135,2,9,41,162,313,615,181.0,563.0,1646.0,3095.0,4875.0,7364.0,5.9039090321500725,12.008239156826676,6,23
37555.0,100.0,Gulele,7.0,227.0,38.73876325393147,9.070532817420135,2,9,41,162,313,615,181.0,563.0,1646.0,3095.0,4875.0,7364.0,5.9039090321500725,12.008239156826676,6,23
50847.0,100.0,Gulele,7.0,236.0,38.73876325393147,9.070532817420135,2,9,41,162,313,615,181.0,563.0,1646.0,3095.0,4875.0,7364.0,5.9039090321500725,12.008239156826676,6,23
50700.0,100.0,Gulele,7.0,236.0,38.73876325393147,9.070532817420135,2,9,41,162,313,615,181.0,563.0,1646.0,3095.0,4875.0,7364.0,5.9039090321500725,12.008239156826676,6,23
47127.0,100.0,Gulele,7.0,236.0,38.73876325393147,9.070532817420135,2,9,41,162,313,615,181.0,563.0,1646.0,3095.0,4875.0,7364.0,5.9039090321500725,12.008239156826676,6,23
47127.0,100.0,Gulele,7.0,145.0,38.73876325393147,9.070532817420135,2,9,41,162,313,615,181.0,563.0,1646.0,3095.0,4875.0,7364.0,5.9039090321500725,12.008239156826676,6,23
48000.0,80.0,Gulele,7.0,145.0,38.73876325393147,9.070532817420135,2,9,41,162,313,615,181.0,563.0,1646.0,3095.0,4875.0,7364.0,5.9039090321500725,12.008239156826676,6,23
54719.0,60.0,Gulele,7.0,145.0,38.73876325393147,9.070532817420135,2,9,41,162,313,615,181.0,563.0,1646.0,3095.0,4875.0,7364.0,5.9039090321500725,12.008239156826676,6,23
67000.0,100.0,Gulele,7.0,255.0,38.73876325393147,9.070532817420135,2,9,41,162,313,615,181.0,563.0,1646.0,3095.0,4875.0,7364.0,5.9039090321500725,12.008239156826676,6,23
51050.0,100.0,Gulele,7.0,255.0,38.73876325393147,9.070532817420135,2,9,41,162,313,615,181.0,563.0,1646.0,3095.0,4875.0,7364.0,5.9039090321500725,12.008239156826676,6,23
68800.0,50.0,Gulele,7.0,255.0,38.73876325393147,9.070532817420135,2,9,41,162,313,615,181.0,563.0,1646.0,3095.0,4875.0,7364.0,5.9039090321500725,12.008239156826676,6,23
71343.88,100.0,Gulele,7.0,253.0,38.73876325393147,9.070532817420135,2,9,41,162,313,615,181.0,563.0,1646.0,3095.0,4875.0,7364.0,5.9039090321500725,12.008239156826676,6,23
67000.0,100.0,Gulele,7.0,253.0,38.73876325393147,9.070532817420135,2,9,41,162,313,615,181.0,563.0,1646.0,3095.0,4875.0,7364.0,5.9039090321500725,12.008239156826676,6,23
53377.0,100.0,Gulele,7.0,253.0,38.73876325393147,9.070532817420135,2,9,41,162,313,615,181.0,563.0,1646.0,3095.0,4875.0,7364.0,5.9039090321500725,12.008239156826676,6,23
47157.0,100.0,Gulele,7.0,247.0,38.73876325393147,9.070532817420135,2,9,41,162,313,615,181.0,563.0,1646.0,3095.0,4875.0,7364.0,5.9039090321500725,12.008239156826676,6,23
46000.0,100.0,Gulele,7.0,247.0,38.73876325393147,9.070532817420135,2,9,41,162,313,615,181.0,563.0,1646.0,3095.0,4875.0,7364.0,5.9039090321500725,12.008239156826676,6,23
44215.0,100.0,Gulele,7.0,247.0,38.73876325393147,9.070532817420135,2,9,41,162,313,615,181.0,563.0,1646.0,3095.0,4875.0,7364.0,5.9039090321500725,12.008239156826676,6,23
67199.99,77.0,Gulele,7.0,143.0,38.73876325393147,9.070532817420135,2,9,41,162,313,615,181.0,563.0,1646.0,3095.0,4875.0,7364.0,5.9039090321500725,12.008239156826676,6,23
47600.0,100.0,Gulele,7.0,143.0,38.73876325393147,9.070532817420135,2,9,41,162,313,615,181.0,563.0,1646.0,3095.0,4875.0,7364.0,5.9039090321500725,12.008239156826676,6,23
47397.04,100.0,Gulele,7.0,143.0,38.73876325393147,9.070532817420135,2,9,41,162,313,615,181.0,563.0,1646.0,3095.0,4875.0,7364.0,5.9039090321500725,12.008239156826676,6,23
52888.0,100.0,Gulele,7.0,144.0,38.73876325393147,9.070532817420135,2,9,41,162,313,615,181.0,563.0,1646.0,3095.0,4875.0,7364.0,5.9039090321500725,12.008239156826676,6,23
44210.0,100.0,Gulele,7.0,144.0,38.73876325393147,9.070532817420135,2,9,41,162,313,615,181.0,563.0,1646.0,3095.0,4875.0,7364.0,5.9039090321500725,12.008239156826676,6,23
41000.0,100.0,Gulele,7.0,144.0,38.73876325393147,9.070532817420135,2,9,41,162,313,615,181.0,563.0,1646.0,3095.0,4875.0,7364.0,5.9039090321500725,12.008239156826676,6,23
71900.0,100.0,Gulele,7.0,145.0,38.73876325393147,9.070532817420135,2,9,41,162,313,615,181.0,563.0,1646.0,3095.0,4875.0,7364.0,5.9039090321500725,12.008239156826676,6,23
57600.0,100.0,Gulele,7.0,145.0,38.73876325393147,9.070532817420135,2,9,41,162,313,615,181.0,563.0,1646.0,3095.0,4875.0,7364.0,5.9039090321500725,12.008239156826676,6,23
55777.0,100.0,Gulele,7.0,145.0,38.73876325393147,9.070532817420135,2,9,41,162,313,615,181.0,563.0,1646.0,3095.0,4875.0,7364.0,5.9039090321500725,12.008239156826676,6,23
70300.0,100.0,Gulele,7.0,147.0,38.73876325393147,9.070532817420135,2,9,41,162,313,615,181.0,563.0,1646.0,3095.0,4875.0,7364.0,5.9039090321500725,12.008239156826676,6,23
57723.0,100.0,Gulele,7.0,147.0,38.73876325393147,9.070532817420135,2,9,41,162,313,615,181.0,563.0,1646.0,3095.0,4875.0,7364.0,5.9039090321500725,12.008239156826676,6,23
56006.8,100.0,Gulele,7.0,147.0,38.73876325393147,9.070532817420135,2,9,41,162,313,615,181.0,563.0,1646.0,3095.0,4875.0,7364.0,5.9039090321500725,12.008239156826676,6,23
71177.0,100.0,Gulele,7.0,148.0,38.73876325393147,9.070532817420135,2,9,41,162,313,615,181.0,563.0,1646.0,3095.0,4875.0,7364.0,5.9039090321500725,12.008239156826676,6,23
70021.0,100.0,Gulele,7.0,148.0,38.73876325393147,9.070532817420135,2,9,41,162,313,615,181.0,563.0,1646.0,3095.0,4875.0,7364.0,5.9039090321500725,12.008239156826676,6,23
69800.0,100.0,Gulele,7.0,148.0,38.73876325393147,9.070532817420135,2,9,41,162,313,615,181.0,563.0,1646.0,3095.0,4875.0,7364.0,5.9039090321500725,12.008239156826676,6,23
60100.0,100.0,Gulele,7.0,233.0,38.73876325393147,9.070532817420135,2,9,41,162,313,615,181.0,563.0,1646.0,3095.0,4875.0,7364.0,5.9039090321500725,12.008239156826676,6,23
52001.0,100.0,Gulele,7.0,233.0,38.73876325393147,9.070532817420135,2,9,41,162,313,615,181.0,563.0,1646.0,3095.0,4875.0,7364.0,5.9039090321500725,12.008239156826676,6,23
50110.0,100.0,Gulele,7.0,233.0,38.73876325393147,9.070532817420135,2,9,41,162,313,615,181.0,563.0,1646.0,3095.0,4875.0,7364.0,5.9039090321500725,12.008239156826676,6,23
29211.0,100.0,Yeka,10.0,281.0,38.81551144932411,9.05976397126058,0,0,2,12,79,355,47.0,101.0,427.0,1076.0,2480.0,4902.0,8.259820379531071,8.980864821038413,8,2
30000.0,70.0,Yeka,10.0,281.0,38.81551144932411,9.05976397126058,0,0,2,12,79,355,47.0,101.0,427.0,1076.0,2480.0,4902.0,8.259820379531071,8.980864821038413,8,2
21355.0,100.0,Yeka,10.0,281.0,38.81551144932411,9.05976397126058,0,0,2,12,79,355,47.0,101.0,427.0,1076.0,2480.0,4902.0,8.259820379531071,8.980864821038413,8,2
36219.0,100.0,Yeka,2.0,498.0,38.78680927570764,9.061841689857951,1,1,18,109,328,612,120.0,262.0,831.0,1628.0,3208.0,5747.0,6.0561701091714735,9.137215628690742,13,16
35830.0,100.0,Yeka,2.0,498.0,38.78680927570764,9.061841689857951,1,1,18,109,328,612,120.0,262.0,831.0,1628.0,3208.0,5747.0,6.0561701091714735,9.137215628690742,13,16
25000.0,100.0,Yeka,2.0,498.0,38.78680927570764,9.061841689857951,1,1,18,109,328,612,120.0,262.0,831.0,1628.0,3208.0,5747.0,6.0561701091714735,9.137215628690742,13,16
41216.27,100.0,Yeka,2.0,385.0,38.78680927570764,9.061841689857951,1,1,18,109,328,612,120.0,262.0,831.0,1628.0,3208.0,5747.0,6.0561701091714735,9.137215628690742,13,16
28100.0,100.0,Yeka,2.0,385.0,38.78680927570764,9.061841689857951,1,1,18,109,328,612,120.0,262.0,831.0,1628.0,3208.0,5747.0,6.0561701091714735,9.137215628690742,13,16
31000.0,60.0,Yeka,2.0,385.0,38.78680927570764,9.061841689857951,1,1,18,109,328,612,120.0,262.0,831.0,1628.0,3208.0,5747.0,6.0561701091714735,9.137215628690742,13,16
48600.0,100.0,Yeka,2.0,300.0,38.78680927570764,9.061841689857951,1,1,18,109,328,612,120.0,262.0,831.0,1628.0,3208.0,5747.0,6.0561701091714735,9.137215628690742,13,16
27321.5,100.0,Yeka,2.0,300.0,38.78680927570764,9.061841689857951,1,1,18,109,328,612,120.0,262.0,831.0,1628.0,3208.0,5747.0,6.0561701091714735,9.137215628690742,13,16
27100.0,100.0,Yeka,2.0,300.0,38.78680927570764,9.061841689857951,1,1,18,109,328,612,120.0,262.0,831.0,1628.0,3208.0,5747.0,6.0561701091714735,9.137215628690742,13,16
33333.33,100.0,Yeka,2.0,270.0,38.78680927570764,9.061841689857951,1,1,18,109,328,612,120.0,262.0,831.0,1628.0,3208.0,5747.0,6.0561701091714735,9.137215628690742,13,16
26000.0,100.0,Yeka,2.0,270.0,38.78680927570764,9.061841689857951,1,1,18,109,328,612,120.0,262.0,831.0,1628.0,3208.0,5747.0,6.0561701091714735,9.137215628690742,13,16
21000.0,100.0,Yeka,2.0,270.0,38.78680927570764,9.061841689857951,1,1,18,109,328,612,120.0,262.0,831.0,1628.0,3208.0,5747.0,6.0561701091714735,9.137215628690742,13,16
57165.0,100.0,Yeka,2.0,251.0,38.78680927570764,9.061841689857951,1,1,18,109,328,612,120.0,262.0,831.0,1628.0,3208.0,5747.0,6.0561701091714735,9.137215628690742,13,16
51276.19,100.0,Yeka,2.0,251.0,38.78680927570764,9.061841689857951,1,1,18,109,328,612,120.0,262.0,831.0,1628.0,3208.0,5747.0,6.0561701091714735,9.137215628690742,13,16
50216.0,100.0,Yeka,2.0,251.0,38.78680927570764,9.061841689857951,1,1,18,109,328,612,120.0,262.0,831.0,1628.0,3208.0,5747.0,6.0561701091714735,9.137215628690742,13,16
34000.0,70.0,Yeka,2.0,263.0,38.78680927570764,9.061841689857951,1,1,18,109,328,612,120.0,262.0,831.0,1628.0,3208.0,5747.0,6.0561701091714735,9.137215628690742,13,16
25600.0,100.0,Yeka,2.0,263.0,38.78680927570764,9.061841689857951,1,1,18,109,328,612,120.0,262.0,831.0,1628.0,3208.0,5747.0,6.0561701091714735,9.137215628690742,13,16
25110.0,100.0,Yeka,2.0,263.0,38.78680927570764,9.061841689857951,1,1,18,109,328,612,120.0,262.0,831.0,1628.0,3208.0,5747.0,6.0561701091714735,9.137215628690742,13,16
24000.0,55.0,Yeka,2.0,496.0,38.78680927570764,9.061841689857951,1,1,18,109,328,612,120.0,262.0,831.0,1628.0,3208.0,5747.0,6.0561701091714735,9.137215628690742,13,16
23750.0,50.0,Yeka,2.0,496.0,38.78680927570764,9.061841689857951,1,1,18,109,328,612,120.0,262.0,831.0,1628.0,3208.0,5747.0,6.0561701091714735,9.137215628690742,13,16
15200.0,100.0,Yeka,2.0,496.0,38.78680927570764,9.061841689857951,1,1,18,109,328,612,120.0,262.0,831.0,1628.0,3208.0,5747.0,6.0561701091714735,9.137215628690742,13,16
35539.0,100.0,Yeka,2.0,376.0,38.78680927570764,9.061841689857951,1,1,18,109,328,612,120.0,262.0,831.0,1628.0,3208.0,5747.0,6.0561701091714735,9.137215628690742,13,16
35000.0,100.0,Yeka,2.0,376.0,38.78680927570764,9.061841689857951,1,1,18,109,328,612,120.0,262.0,831.0,1628.0,3208.0,5747.0,6.0561701091714735,9.137215628690742,13,16
33333.33,100.0,Yeka,2.0,376.0,38.78680927570764,9.061841689857951,1,1,18,109,328,612,120.0,262.0,831.0,1628.0,3208.0,5747.0,6.0561701091714735,9.137215628690742,13,16
52000.0,100.0,Yeka,2.0,165.0,38.78680927570764,9.061841689857951,1,1,18,109,328,612,120.0,262.0,831.0,1628.0,3208.0,5747.0,6.0561701091714735,9.137215628690742,13,16
46517.09,100.0,Yeka,2.0,165.0,38.78680927570764,9.061841689857951,1,1,18,109,328,612,120.0,262.0,831.0,1628.0,3208.0,5747.0,6.0561701091714735,9.137215628690742,13,16
45827.25,100.0,Yeka,2.0,165.0,38.78680927570764,9.061841689857951,1,1,18,109,328,612,120.0,262.0,831.0,1628.0,3208.0,5747.0,6.0561701091714735,9.137215628690742,13,16
61223.21,100.0,Yeka,2.0,92.0,38.78680927570764,9.061841689857951,1,1,18,109,328,612,120.0,262.0,831.0,1628.0,3208.0,5747.0,6.0561701091714735,9.137215628690742,13,16
56350.6,100.0,Yeka,2.0,92.0,38.78680927570764,9.061841689857951,1,1,18,109,328,612,120.0,262.0,831.0,1628.0,3208.0,5747.0,6.0561701091714735,9.137215628690742,13,16
55060.0,100.0,Yeka,2.0,92.0,38.78680927570764,9.061841689857951,1,1,18,109,328,612,120.0,262.0,831.0,1628.0,3208.0,5747.0,6.0561701091714735,9.137215628690742,13,16
