price_per_sqm,down_payment_pct,subcity,district,sqm,lon,lat,amenities_within_0.5km,amenities_within_1.0km,amenities_within_2.0km,amenities_within_3.0km,amenities_within_4.0km,amenities_within_5.0km,roads_within_0.5km,roads_within_1.0km,roads_within_2.0km,roads_within_3.0km,roads_within_4.0km,roads_within_5.0km
93460.0,40.0,Kolfe Keranyo,3.0,214.0,38.66448576228889,8.981861901777028,0,1,13,47,93,110,150.0,547.0,1683.0,3362.0,5418.0,7718.0
36100.0,100.0,Kolfe Keranyo,3.0,214.0,38.66448576228889,8.981861901777028,0,1,13,47,93,110,150.0,547.0,1683.0,3362.0,5418.0,7718.0
56545.0,61.0,Kolfe Keranyo,3.0,214.0,38.66448576228889,8.981861901777028,0,1,13,47,93,110,150.0,547.0,1683.0,3362.0,5418.0,7718.0
45800.0,100.0,Kolfe Keranyo,3.0,546.0,38.66448576228889,8.981861901777028,0,1,13,47,93,110,150.0,547.0,1683.0,3362.0,5418.0,7718.0
51999.0,52.0,Kolfe Keranyo,3.0,546.0,38.66448576228889,8.981861901777028,0,1,13,47,93,110,150.0,547.0,1683.0,3362.0,5418.0,7718.0
33000.0,100.0,Kolfe Keranyo,3.0,546.0,38.66448576228889,8.981861901777028,0,1,13,47,93,110,150.0,547.0,1683.0,3362.0,5418.0,7718.0
110000.0,100.0,Kolfe Keranyo,7.0,134.0,38.682952902214105,9.007266440069444,5,20,41,73,143,268,301.0,980.0,2790.0,4678.0,7413.0,10417.0
75000.0,100.0,Kolfe Keranyo,7.0,134.0,38.682952902214105,9.007266440069444,5,20,41,73,143,268,301.0,980.0,2790.0,4678.0,7413.0,10417.0
56101.0,100.0,Kolfe Keranyo,7.0,134.0,38.682952902214105,9.007266440069444,5,20,41,73,143,268,301.0,980.0,2790.0,4678.0,7413.0,10417.0
72500.0,100.0,Kolfe Keranyo,7.0,120.0,38.682952902214105,9.007266440069444,5,20,41,73,143,268,301.0,980.0,2790.0,4678.0,7413.0,10417.0
101023.0,50.0,Kolfe Keranyo,7.0,120.0,38.682952902214105,9.007266440069444,5,20,41,73,143,268,301.0,980.0,2790.0,4678.0,7413.0,10417.0
65600.0,100.0,Kolfe Keranyo,7.0,120.0,38.682952902214105,9.007266440069444,5,20,41,73,143,268,301.0,980.0,2790.0,4678.0,7413.0,10417.0
51857.0,100.0,Kolfe Keranyo,3.0,106.0,38.66448576228889,8.981861901777028,0,1,13,47,93,110,150.0,547.0,1683.0,3362.0,5418.0,7718.0
45100.0,90.0,Kolfe Keranyo,3.0,106.0,38.66448576228889,8.981861901777028,0,1,13,47,93,110,150.0,547.0,1683.0,3362.0,5418.0,7718.0
33100.0,100.0,Kolfe Keranyo,3.0,106.0,38.66448576228889,8.981861901777028,0,1,13,47,93,110,150.0,547.0,1683.0,3362.0,5418.0,7718.0
39125.0,100.0,Kolfe Keranyo,3.0,134.0,38.66448576228889,8.981861901777028,0,1,13,47,93,110,150.0,547.0,1683.0,3362.0,5418.0,7718.0
37857.0,100.0,Kolfe Keranyo,3.0,134.0,38.66448576228889,8.981861901777028,0,1,13,47,93,110,150.0,547.0,1683.0,3362.0,5418.0,7718.0
52001.0,40.0,Kolfe Keranyo,3.0,134.0,38.66448576228889,8.981861901777028,0,1,13,47,93,110,150.0,547.0,1683.0,3362.0,5418.0,7718.0
470422.54,40.0,Kirkos,2.0,213.0,38.76618095515892,8.993686014026173,22,111,450,993,1398,1844,172.0,586.0,2232.0,4209.0,7305.0,11370.0
464788.73,40.0,Kirkos,2.0,213.0,38.76618095515892,8.993686014026173,22,111,450,993,1398,1844,172.0,586.0,2232.0,4209.0,7305.0,11370.0
123123.0,100.0,Kirkos,2.0,213.0,38.76618095515892,8.993686014026173,22,111,450,993,1398,1844,172.0,586.0,2232.0,4209.0,7305.0,11370.0
77355.0,61.0,Yeka,10.0,518.0,38.81551144932411,9.05976397126058,0,0,2,12,79,355,47.0,101.0,427.0,1076.0,2480.0,4902.0
70209.99,56.0,Yeka,10.0,518.0,38.81551144932411,9.05976397126058,0,0,2,12,79,355,47.0,101.0,427.0,1076.0,2480.0,4902.0
28889.0,100.0,Yeka,10.0,518.0,38.81551144932411,9.05976397126058,0,0,2,12,79,355,47.0,101.0,427.0,1076.0,2480.0,4902.0
35488.0,90.0,Yeka,10.0,490.0,38.81551144932411,9.05976397126058,0,0,2,12,79,355,47.0,101.0,427.0,1076.0,2480.0,4902.0
47770.0,50.0,Yeka,10.0,490.0,38.81551144932411,9.05976397126058,0,0,2,12,79,355,47.0,101.0,427.0,1076.0,2480.0,4902.0
31200.0,100.0,Yeka,10.0,490.0,38.81551144932411,9.05976397126058,0,0,2,12,79,355,47.0,101.0,427.0,1076.0,2480.0,4902.0
55550.0,70.0,Gulele,7.0,288.0,38.73876325393147,9.070532817420135,2,9,41,162,313,615,181.0,563.0,1646.0,3095.0,4875.0,7364.0
63885.45,40.0,Gulele,7.0,288.0,38.73876325393147,9.070532817420135,2,9,41,162,313,615,181.0,563.0,1646.0,3095.0,4875.0,7364.0
35601.0,100.0,Gulele,7.0,288.0,38.73876325393147,9.070532817420135,2,9,41,162,313,615,181.0,563.0,1646.0,3095.0,4875.0,7364.0
100006.0,40.0,Gulele,7.0,131.0,38.73876325393147,9.070532817420135,2,9,41,162,313,615,181.0,563.0,1646.0,3095.0,4875.0,7364.0
45000.0,100.0,Gulele,7.0,131.0,38.73876325393147,9.070532817420135,2,9,41,162,313,615,181.0,563.0,1646.0,3095.0,4875.0,7364.0
35500.0,100.0,Gulele,7.0,131.0,38.73876325393147,9.070532817420135,2,9,41,162,313,615,181.0,563.0,1646.0,3095.0,4875.0,7364.0
78830.0,100.0,Bole,12.0,444.0,38.80686784038126,8.956717827291401,0,1,23,51,222,556,24.0,122.0,568.0,1274.0,3146.0,5690.0
107000.0,60.0,Bole,12.0,444.0,38.80686784038126,8.956717827291401,0,1,23,51,222,556,24.0,122.0,568.0,1274.0,3146.0,5690.0
67568.0,100.0,Bole,12.0,444.0,38.80686784038126,8.956717827291401,0,1,23,51,222,556,24.0,122.0,568.0,1274.0,3146.0,5690.0
181102.36,50.0,Lideta,4.0,127.0,38.73408832926543,9.016605708939036,28,70,354,710,1128,1443,202.0,697.0,2266.0,4654.0,8197.0,13163.0
170500.0,52.0,Lideta,4.0,127.0,38.73408832926543,9.016605708939036,28,70,354,710,1128,1443,202.0,697.0,2266.0,4654.0,8197.0,13163.0
103333.33,100.0,Lideta,4.0,127.0,38.73408832926543,9.016605708939036,28,70,354,710,1128,1443,202.0,697.0,2266.0,4654.0,8197.0,13163.0
46000.0,100.0,Lideta,6.0,297.0,38.74385423627661,9.022709987875915,16,140,491,903,1248,1715,175.0,720.0,2316.0,4625.0,8259.0,12804.0
51750.0,55.0,Lideta,6.0,297.0,38.74385423627661,9.022709987875915,16,140,491,903,1248,1715,175.0,720.0,2316.0,4625.0,8259.0,12804.0
32000.0,100.0,Lideta,6.0,297.0,38.74385423627661,9.022709987875915,16,140,491,903,1248,1715,175.0,720.0,2316.0,4625.0,8259.0,12804.0
70000.0,100.0,Lideta,10.0,199.0,38.73793230379948,9.0045317577699,8,117,360,658,1143,1571,128.0,481.0,2125.0,4507.0,8073.0,12578.0
101998.99,40.0,Lideta,10.0,199.0,38.73793230379948,9.0045317577699,8,117,360,658,1143,1571,128.0,481.0,2125.0,4507.0,8073.0,12578.0
33500.0,100.0,Lideta,10.0,199.0,38.73793230379948,9.0045317577699,8,117,360,658,1143,1571,128.0,481.0,2125.0,4507.0,8073.0,12578.0
45600.0,75.0,Akaki Kality,4.0,406.0,38.76162967755072,8.878099647196903,4,13,33,69,82,100,53.0,207.0,678.0,1438.0,2262.0,3466.0
35800.0,100.0,Akaki Kality,4.0,406.0,38.76162967755072,8.878099647196903,4,13,33,69,82,100,53.0,207.0,678.0,1438.0,2262.0,3466.0
11200.0,100.0,Akaki Kality,4.0,406.0,38.76162967755072,8.878099647196903,4,13,33,69,82,100,53.0,207.0,678.0,1438.0,2262.0,3466.0
40100.0,40.0,Akaki Kality,4.0,523.0,38.76162967755072,8.878099647196903,4,13,33,69,82,100,53.0,207.0,678.0,1438.0,2262.0,3466.0
18150.0,100.0,Akaki Kality,4.0,523.0,38.76162967755072,8.878099647196903,4,13,33,69,82,100,53.0,207.0,678.0,1438.0,2262.0,3466.0
16561.0,60.0,Akaki Kality,4.0,523.0,38.76162967755072,8.878099647196903,4,13,33,69,82,100,53.0,207.0,678.0,1438.0,2262.0,3466.0
49500.0,100.0,Akaki Kality,1.0,194.0,38.79769047574577,8.871845782757074,0,8,37,73,108,121,181.0,567.0,1559.0,2513.0,3366.0,4271.0
46392.0,100.0,Akaki Kality,1.0,194.0,38.79769047574577,8.871845782757074,0,8,37,73,108,121,181.0,567.0,1559.0,2513.0,3366.0,4271.0
75000.0,41.0,Akaki Kality,1.0,194.0,38.79769047574577,8.871845782757074,0,8,37,73,108,121,181.0,567.0,1559.0,2513.0,3366.0,4271.0
42151.0,100.0,Akaki Kality,1.0,233.0,38.79769047574577,8.871845782757074,0,8,37,73,108,121,181.0,567.0,1559.0,2513.0,3366.0,4271.0
20150.0,100.0,Akaki Kality,1.0,233.0,38.79769047574577,8.871845782757074,0,8,37,73,108,121,181.0,567.0,1559.0,2513.0,3366.0,4271.0
20850.0,81.0,Akaki Kality,1.0,233.0,38.79769047574577,8.871845782757074,0,8,37,73,108,121,181.0,567.0,1559.0,2513.0,3366.0,4271.0
51777.0,41.0,Akaki Kality,1.0,231.0,38.79769047574577,8.871845782757074,0,8,37,73,108,121,181.0,567.0,1559.0,2513.0,3366.0,4271.0
39000.0,75.0,Akaki Kality,1.0,231.0,38.79769047574577,8.871845782757074,0,8,37,73,108,121,181.0,567.0,1559.0,2513.0,3366.0,4271.0
29000.0,100.0,Akaki Kality,1.0,231.0,38.79769047574577,8.871845782757074,0,8,37,73,108,121,181.0,567.0,1559.0,2513.0,3366.0,4271.0
28570.0,100.0,Akaki Kality,1.0,229.0,38.79769047574577,8.871845782757074,0,8,37,73,108,121,181.0,567.0,1559.0,2513.0,3366.0,4271.0
32164.0,51.0,Akaki Kality,1.0,229.0,38.79769047574577,8.871845782757074,0,8,37,73,108,121,181.0,567.0,1559.0,2513.0,3366.0,4271.0
26900.0,60.0,Akaki Kality,1.0,229.0,38.79769047574577,8.871845782757074,0,8,37,73,108,121,181.0,567.0,1559.0,2513.0,3366.0,4271.0
37001.0,100.0,Akaki Kality,1.0,282.0,38.79769047574577,8.871845782757074,0,8,37,73,108,121,181.0,567.0,1559.0,2513.0,3366.0,4271.0
51100.0,40.0,Akaki Kality,1.0,282.0,38.79769047574577,8.871845782757074,0,8,37,73,108,121,181.0,567.0,1559.0,2513.0,3366.0,4271.0
29000.0,100.0,Akaki Kality,1.0,282.0,38.79769047574577,8.871845782757074,0,8,37,73,108,121,181.0,567.0,1559.0,2513.0,3366.0,4271.0
50550.0,70.0,Akaki Kality,1.0,282.0,38.79769047574577,8.871845782757074,0,8,37,73,108,121,181.0,567.0,1559.0,2513.0,3366.0,4271.0
34230.0,100.0,Akaki Kality,1.0,282.0,38.79769047574577,8.871845782757074,0,8,37,73,108,121,181.0,567.0,1559.0,2513.0,3366.0,4271.0
44680.85,65.08,Akaki Kality,1.0,282.0,38.79769047574577,8.871845782757074,0,8,37,73,108,121,181.0,567.0,1559.0,2513.0,3366.0,4271.0
61490.0,60.0,Akaki Kality,1.0,235.0,38.79769047574577,8.871845782757074,0,8,37,73,108,121,181.0,567.0,1559.0,2513.0,3366.0,4271.0
40500.0,100.0,Akaki Kality,1.0,235.0,38.79769047574577,8.871845782757074,0,8,37,73,108,121,181.0,567.0,1559.0,2513.0,3366.0,4271.0
36421.2,100.0,Akaki Kality,1.0,235.0,38.79769047574577,8.871845782757074,0,8,37,73,108,121,181.0,567.0,1559.0,2513.0,3366.0,4271.0
38500.0,75.0,Akaki Kality,1.0,235.0,38.79769047574577,8.871845782757074,0,8,37,73,108,121,181.0,567.0,1559.0,2513.0,3366.0,4271.0
21800.0,100.0,Akaki Kality,1.0,235.0,38.79769047574577,8.871845782757074,0,8,37,73,108,121,181.0,567.0,1559.0,2513.0,3366.0,4271.0
25744.4,83.0,Akaki Kality,1.0,235.0,38.79769047574577,8.871845782757074,0,8,37,73,108,121,181.0,567.0,1559.0,2513.0,3366.0,4271.0
45700.0,40.0,Akaki Kality,1.0,235.0,38.79769047574577,8.871845782757074,0,8,37,73,108,121,181.0,567.0,1559.0,2513.0,3366.0,4271.0
27005.0,100.0,Akaki Kality,1.0,235.0,38.79769047574577,8.871845782757074,0,8,37,73,108,121,181.0,567.0,1559.0,2513.0,3366.0,4271.0
22100.0,100.0,Akaki Kality,1.0,235.0,38.79769047574577,8.871845782757074,0,8,37,73,108,121,181.0,567.0,1559.0,2513.0,3366.0,4271.0
51000.0,50.0,Akaki Kality,1.0,244.0,38.79769047574577,8.871845782757074,0,8,37,73,108,121,181.0,567.0,1559.0,2513.0,3366.0,4271.0
23800.0,100.0,Akaki Kality,1.0,244.0,38.79769047574577,8.871845782757074,0,8,37,73,108,121,181.0,567.0,1559.0,2513.0,3366.0,4271.0
23000.0,100.0,Akaki Kality,1.0,244.0,38.79769047574577,8.871845782757074,0,8,37,73,108,121,181.0,567.0,1559.0,2513.0,3366.0,4271.0
61990.0,40.0,Akaki Kality,1.0,245.0,38.79769047574577,8.871845782757074,0,8,37,73,108,121,181.0,567.0,1559.0,2513.0,3366.0,4271.0
32333.0,100.0,Akaki Kality,1.0,245.0,38.79769047574577,8.871845782757074,0,8,37,73,108,121,181.0,567.0,1559.0,2513.0,3366.0,4271.0
22200.0,100.0,Akaki Kality,1.0,245.0,38.79769047574577,8.871845782757074,0,8,37,73,108,121,181.0,567.0,1559.0,2513.0,3366.0,4271.0
64400.0,89.0,Akaki Kality,1.0,500.0,38.79769047574577,8.871845782757074,0,8,37,73,108,121,181.0,567.0,1559.0,2513.0,3366.0,4271.0
56099.0,100.0,Akaki Kality,1.0,500.0,38.79769047574577,8.871845782757074,0,8,37,73,108,121,181.0,567.0,1559.0,2513.0,3366.0,4271.0
43000.0,100.0,Akaki Kality,1.0,500.0,38.79769047574577,8.871845782757074,0,8,37,73,108,121,181.0,567.0,1559.0,2513.0,3366.0,4271.0
60400.0,95.0,Akaki Kality,1.0,500.0,38.79769047574577,8.871845782757074,0,8,37,73,108,121,181.0,567.0,1559.0,2513.0,3366.0,4271.0
56400.0,66.0,Akaki Kality,1.0,500.0,38.79769047574577,8.871845782757074,0,8,37,73,108,121,181.0,567.0,1559.0,2513.0,3366.0,4271.0
42000.0,100.0,Akaki Kality,1.0,500.0,38.79769047574577,8.871845782757074,0,8,37,73,108,121,181.0,567.0,1559.0,2513.0,3366.0,4271.0
53963.0,100.0,Akaki Kality,1.0,500.0,38.79769047574577,8.871845782757074,0,8,37,73,108,121,181.0,567.0,1559.0,2513.0,3366.0,4271.0
56300.0,93.07,Akaki Kality,1.0,500.0,38.79769047574577,8.871845782757074,0,8,37,73,108,121,181.0,567.0,1559.0,2513.0,3366.0,4271.0
56200.0,63.0,Akaki Kality,1.0,500.0,38.79769047574577,8.871845782757074,0,8,37,73,108,121,181.0,567.0,1559.0,2513.0,3366.0,4271.0
51999.0,100.0,Akaki Kality,1.0,500.0,38.79769047574577,8.871845782757074,0,8,37,73,108,121,181.0,567.0,1559.0,2513.0,3366.0,4271.0
56300.0,64.0,Akaki Kality,1.0,500.0,38.79769047574577,8.871845782757074,0,8,37,73,108,121,181.0,567.0,1559.0,2513.0,3366.0,4271.0
33689.0,100.0,Akaki Kality,1.0,500.0,38.79769047574577,8.871845782757074,0,8,37,73,108,121,181.0,567.0,1559.0,2513.0,3366.0,4271.0
43680.0,100.0,Akaki Kality,1.0,245.0,38.79769047574577,8.871845782757074,0,8,37,73,108,121,181.0,567.0,1559.0,2513.0,3366.0,4271.0
43265.3,77.36,Akaki Kality,1.0,245.0,38.79769047574577,8.871845782757074,0,8,37,73,108,121,181.0,567.0,1559.0,2513.0,3366.0,4271.0
45099.0,43.0,Akaki Kality,1.0,245.0,38.79769047574577,8.871845782757074,0,8,37,73,108,121,181.0,567.0,1559.0,2513.0,3366.0,4271.0
31199.5,100.0,Akaki Kality,1.0,246.0,38.79769047574577,8.871845782757074,0,8,37,73,108,121,181.0,567.0,1559.0,2513.0,3366.0,4271.0
27350.0,100.0,Akaki Kality,1.0,246.0,38.79769047574577,8.871845782757074,0,8,37,73,108,121,181.0,567.0,1559.0,2513.0,3366.0,4271.0
41275.9,46.0,Akaki Kality,1.0,246.0,38.79769047574577,8.871845782757074,0,8,37,73,108,121,181.0,567.0,1559.0,2513.0,3366.0,4271.0
27512.0,40.0,Akaki Kality,1.0,247.0,38.79769047574577,8.871845782757074,0,8,37,73,108,121,181.0,567.0,1559.0,2513.0,3366.0,4271.0
12999.9,70.0,Akaki Kality,1.0,247.0,38.79769047574577,8.871845782757074,0,8,37,73,108,121,181.0,567.0,1559.0,2513.0,3366.0,4271.0
6005.0,40.0,Akaki Kality,1.0,247.0,38.79769047574577,8.871845782757074,0,8,37,73,108,121,181.0,567.0,1559.0,2513.0,3366.0,4271.0
25505.0,100.0,Akaki Kality,1.0,247.0,38.79769047574577,8.871845782757074,0,8,37,73,108,121,181.0,567.0,1559.0,2513.0,3366.0,4271.0
22600.0,100.0,Akaki Kality,1.0,247.0,38.79769047574577,8.871845782757074,0,8,37,73,108,121,181.0,567.0,1559.0,2513.0,3366.0,4271.0
22500.0,70.0,Akaki Kality,1.0,247.0,38.79769047574577,8.871845782757074,0,8,37,73,108,121,181.0,567.0,1559.0,2513.0,3366.0,4271.0
87000.0,40.0,Akaki Kality,1.0,248.0,38.79769047574577,8.871845782757074,0,8,37,73,108,121,181.0,567.0,1559.0,2513.0,3366.0,4271.0
38450.0,100.0,Akaki Kality,1.0,248.0,38.79769047574577,8.871845782757074,0,8,37,73,108,121,181.0,567.0,1559.0,2513.0,3366.0,4271.0
25505.0,100.0,Akaki Kality,1.0,248.0,38.79769047574577,8.871845782757074,0,8,37,73,108,121,181.0,567.0,1559.0,2513.0,3366.0,4271.0
70000.0,42.0,Akaki Kality,1.0,250.0,38.79769047574577,8.871845782757074,0,8,37,73,108,121,181.0,567.0,1559.0,2513.0,3366.0,4271.0
40125.0,100.0,Akaki Kality,1.0,250.0,38.79769047574577,8.871845782757074,0,8,37,73,108,121,181.0,567.0,1559.0,2513.0,3366.0,4271.0
40100.0,100.0,Akaki Kality,1.0,250.0,38.79769047574577,8.871845782757074,0,8,37,73,108,121,181.0,567.0,1559.0,2513.0,3366.0,4271.0
55820.28,60.0,Akaki Kality,1.0,500.0,38.79769047574577,8.871845782757074,0,8,37,73,108,121,181.0,567.0,1559.0,2513.0,3366.0,4271.0
30200.0,100.0,Akaki Kality,1.0,500.0,38.79769047574577,8.871845782757074,0,8,37,73,108,121,181.0,567.0,1559.0,2513.0,3366.0,4271.0
28111.0,100.0,Akaki Kality,1.0,500.0,38.79769047574577,8.871845782757074,0,8,37,73,108,121,181.0,567.0,1559.0,2513.0,3366.0,4271.0
52200.0,78.16,Akaki Kality,1.0,500.0,38.79769047574577,8.871845782757074,0,8,37,73,108,121,181.0,567.0,1559.0,2513.0,3366.0,4271.0
62100.0,40.0,Akaki Kality,1.0,500.0,38.79769047574577,8.871845782757074,0,8,37,73,108,121,181.0,567.0,1559.0,2513.0,3366.0,4271.0
55930.2,50.0,Akaki Kality,1.0,500.0,38.79769047574577,8.871845782757074,0,8,37,73,108,121,181.0,567.0,1559.0,2513.0,3366.0,4271.0
311000.0,100.0,Arada,1.0,977.0,38.75123305118187,9.027612709698548,50,158,556,885,1408,1784,136.0,574.0,2187.0,4751.0,8381.0,12177.0
350000.0,50.0,Arada,1.0,977.0,38.75123305118187,9.027612709698548,50,158,556,885,1408,1784,136.0,574.0,2187.0,4751.0,8381.0,12177.0
125150.0,100.0,Arada,1.0,977.0,38.75123305118187,9.027612709698548,50,158,556,885,1408,1784,136.0,574.0,2187.0,4751.0,8381.0,12177.0
153847.0,100.0,Arada,1.0,650.0,38.75123305118187,9.027612709698548,50,158,556,885,1408,1784,136.0,574.0,2187.0,4751.0,8381.0,12177.0
212000.0,40.0,Arada,1.0,650.0,38.75123305118187,9.027612709698548,50,158,556,885,1408,1784,136.0,574.0,2187.0,4751.0,8381.0,12177.0
112000.0,100.0,Arada,1.0,650.0,38.75123305118187,9.027612709698548,50,158,556,885,1408,1784,136.0,574.0,2187.0,4751.0,8381.0,12177.0
240000.0,50.0,Arada,1.0,789.0,38.75123305118187,9.027612709698548,50,158,556,885,1408,1784,136.0,574.0,2187.0,4751.0,8381.0,12177.0
253500.0,40.0,Arada,1.0,789.0,38.75123305118187,9.027612709698548,50,158,556,885,1408,1784,136.0,574.0,2187.0,4751.0,8381.0,12177.0
141200.0,100.0,Arada,1.0,789.0,38.75123305118187,9.027612709698548,50,158,556,885,1408,1784,136.0,574.0,2187.0,4751.0,8381.0,12177.0
298511.0,51.0,Arada,1.0,723.0,38.75123305118187,9.027612709698548,50,158,556,885,1408,1784,136.0,574.0,2187.0,4751.0,8381.0,12177.0
138330.0,100.0,Arada,1.0,723.0,38.75123305118187,9.027612709698548,50,158,556,885,1408,1784,136.0,574.0,2187.0,4751.0,8381.0,12177.0
195024.0,40.0,Arada,1.0,723.0,38.75123305118187,9.027612709698548,50,158,556,885,1408,1784,136.0,574.0,2187.0,4751.0,8381.0,12177.0
128000.0,50.0,Arada,5.0,2179.0,38.74936281529376,9.039900449103891,27,130,373,689,1098,1456,204.0,660.0,2265.0,5062.0,8113.0,10783.0
100500.0,50.0,Arada,5.0,2179.0,38.74936281529376,9.039900449103891,27,130,373,689,1098,1456,204.0,660.0,2265.0,5062.0,8113.0,10783.0
80000.0,60.0,Arada,5.0,2179.0,38.74936281529376,9.039900449103891,27,130,373,689,1098,1456,204.0,660.0,2265.0,5062.0,8113.0,10783.0
70900.0,100.0,Arada,5.0,2064.0,38.74936281529376,9.039900449103891,27,130,373,689,1098,1456,204.0,660.0,2265.0,5062.0,8113.0,10783.0
47500.0,40.0,Arada,5.0,2064.0,38.74936281529376,9.039900449103891,27,130,373,689,1098,1456,204.0,660.0,2265.0,5062.0,8113.0,10783.0
43500.0,40.0,Arada,5.0,2064.0,38.74936281529376,9.039900449103891,27,130,373,689,1098,1456,204.0,660.0,2265.0,5062.0,8113.0,10783.0
89963.0,100.0,Arada,5.0,1819.0,38.74936281529376,9.039900449103891,27,130,373,689,1098,1456,204.0,660.0,2265.0,5062.0,8113.0,10783.0
43900.0,80.0,Arada,5.0,1819.0,38.74936281529376,9.039900449103891,27,130,373,689,1098,1456,204.0,660.0,2265.0,5062.0,8113.0,10783.0
52022.0,42.0,Arada,5.0,1819.0,38.74936281529376,9.039900449103891,27,130,373,689,1098,1456,204.0,660.0,2265.0,5062.0,8113.0,10783.0
125500.0,50.0,Arada,5.0,1994.0,38.74936281529376,9.039900449103891,27,130,373,689,1098,1456,204.0,660.0,2265.0,5062.0,8113.0,10783.0
83000.0,100.0,Arada,5.0,1994.0,38.74936281529376,9.039900449103891,27,130,373,689,1098,1456,204.0,660.0,2265.0,5062.0,8113.0,10783.0
80000.0,100.0,Arada,5.0,1994.0,38.74936281529376,9.039900449103891,27,130,373,689,1098,1456,204.0,660.0,2265.0,5062.0,8113.0,10783.0
119000.0,40.0,Arada,5.0,1293.0,38.74936281529376,9.039900449103891,27,130,373,689,1098,1456,204.0,660.0,2265.0,5062.0,8113.0,10783.0
52020.0,55.0,Arada,5.0,1293.0,38.74936281529376,9.039900449103891,27,130,373,689,1098,1456,204.0,660.0,2265.0,5062.0,8113.0,10783.0
6003.12,40.0,Arada,5.0,1293.0,38.74936281529376,9.039900449103891,27,130,373,689,1098,1456,204.0,660.0,2265.0,5062.0,8113.0,10783.0
127777.0,40.0,Arada,5.0,1273.0,38.74936281529376,9.039900449103891,27,130,373,689,1098,1456,204.0,660.0,2265.0,5062.0,8113.0,10783.0
50100.0,100.0,Arada,5.0,1273.0,38.74936281529376,9.039900449103891,27,130,373,689,1098,1456,204.0,660.0,2265.0,5062.0,8113.0,10783.0
40500.0,100.0,Arada,5.0,1273.0,38.74936281529376,9.039900449103891,27,130,373,689,1098,1456,204.0,660.0,2265.0,5062.0,8113.0,10783.0
125927.13,50.0,Arada,5.0,729.0,38.74936281529376,9.039900449103891,27,130,373,689,1098,1456,204.0,660.0,2265.0,5062.0,8113.0,10783.0
62010.0,100.0,Arada,5.0,729.0,38.74936281529376,9.039900449103891,27,130,373,689,1098,1456,204.0,660.0,2265.0,5062.0,8113.0,10783.0
102656.0,40.0,Arada,5.0,729.0,38.74936281529376,9.039900449103891,27,130,373,689,1098,1456,204.0,660.0,2265.0,5062.0,8113.0,10783.0
121513.0,100.0,Arada,1.0,907.0,38.75123305118187,9.027612709698548,50,158,556,885,1408,1784,136.0,574.0,2187.0,4751.0,8381.0,12177.0
113456.23,100.0,Arada,1.0,907.0,38.75123305118187,9.027612709698548,50,158,556,885,1408,1784,136.0,574.0,2187.0,4751.0,8381.0,12177.0
131000.0,50.0,Arada,1.0,907.0,38.75123305118187,9.027612709698548,50,158,556,885,1408,1784,136.0,574.0,2187.0,4751.0,8381.0,12177.0
213000.0,40.0,Arada,1.0,1400.0,38.75123305118187,9.027612709698548,50,158,556,885,1408,1784,136.0,574.0,2187.0,4751.0,8381.0,12177.0
91200.0,100.0,Arada,1.0,1400.0,38.75123305118187,9.027612709698548,50,158,556,885,1408,1784,136.0,574.0,2187.0,4751.0,8381.0,12177.0
57200.0,100.0,Arada,1.0,1400.0,38.75123305118187,9.027612709698548,50,158,556,885,1408,1784,136.0,574.0,2187.0,4751.0,8381.0,12177.0
264000.0,40.0,Arada,1.0,1384.0,38.75123305118187,9.027612709698548,50,158,556,885,1408,1784,136.0,574.0,2187.0,4751.0,8381.0,12177.0
116000.0,100.0,Arada,1.0,1384.0,38.75123305118187,9.027612709698548,50,158,556,885,1408,1784,136.0,574.0,2187.0,4751.0,8381.0,12177.0
86800.0,100.0,Arada,1.0,1384.0,38.75123305118187,9.027612709698548,50,158,556,885,1408,1784,136.0,574.0,2187.0,4751.0,8381.0,12177.0
266000.0,40.0,Arada,1.0,951.0,38.75123305118187,9.027612709698548,50,158,556,885,1408,1784,136.0,574.0,2187.0,4751.0,8381.0,12177.0
91600.0,100.0,Arada,1.0,951.0,38.75123305118187,9.027612709698548,50,158,556,885,1408,1784,136.0,574.0,2187.0,4751.0,8381.0,12177.0
87791.69,100.0,Arada,1.0,951.0,38.75123305118187,9.027612709698548,50,158,556,885,1408,1784,136.0,574.0,2187.0,4751.0,8381.0,12177.0
263000.0,40.0,Arada,1.0,942.0,38.75123305118187,9.027612709698548,50,158,556,885,1408,1784,136.0,574.0,2187.0,4751.0,8381.0,12177.0
131515.0,100.0,Arada,1.0,942.0,38.75123305118187,9.027612709698548,50,158,556,885,1408,1784,136.0,574.0,2187.0,4751.0,8381.0,12177.0
123422.59,100.0,Arada,1.0,942.0,38.75123305118187,9.027612709698548,50,158,556,885,1408,1784,136.0,574.0,2187.0,4751.0,8381.0,12177.0
330000.0,40.0,Arada,1.0,1891.0,38.75123305118187,9.027612709698548,50,158,556,885,1408,1784,136.0,574.0,2187.0,4751.0,8381.0,12177.0
325500.0,40.0,Arada,1.0,1891.0,38.75123305118187,9.027612709698548,50,158,556,885,1408,1784,136.0,574.0,2187.0,4751.0,8381.0,12177.0
165900.0,100.0,Arada,1.0,1891.0,38.75123305118187,9.027612709698548,50,158,556,885,1408,1784,136.0,574.0,2187.0,4751.0,8381.0,12177.0
120500.0,52.0,Arada,1.0,1174.0,38.75123305118187,9.027612709698548,50,158,556,885,1408,1784,136.0,574.0,2187.0,4751.0,8381.0,12177.0
101000.0,60.0,Arada,1.0,1174.0,38.75123305118187,9.027612709698548,50,158,556,885,1408,1784,136.0,574.0,2187.0,4751.0,8381.0,12177.0
100100.0,55.0,Arada,1.0,1174.0,38.75123305118187,9.027612709698548,50,158,556,885,1408,1784,136.0,574.0,2187.0,4751.0,8381.0,12177.0
101000.0,40.0,Arada,1.0,1240.0,38.75123305118187,9.027612709698548,50,158,556,885,1408,1784,136.0,574.0,2187.0,4751.0,8381.0,12177.0
90000.1,50.5,Arada,1.0,1240.0,38.75123305118187,9.027612709698548,50,158,556,885,1408,1784,136.0,574.0,2187.0,4751.0,8381.0,12177.0
71010.0,60.0,Arada,1.0,1240.0,38.75123305118187,9.027612709698548,50,158,556,885,1408,1784,136.0,574.0,2187.0,4751.0,8381.0,12177.0
102213.25,100.0,Arada,1.0,1585.0,38.75123305118187,9.027612709698548,50,158,556,885,1408,1784,136.0,574.0,2187.0,4751.0,8381.0,12177.0
100100.0,50.0,Arada,1.0,1585.0,38.75123305118187,9.027612709698548,50,158,556,885,1408,1784,136.0,574.0,2187.0,4751.0,8381.0,12177.0
42920.0,100.0,Arada,1.0,1585.0,38.75123305118187,9.027612709698548,50,158,556,885,1408,1784,136.0,574.0,2187.0,4751.0,8381.0,12177.0
53040.0,50.0,Addis Ketema,10.0,828.0,38.71430633913609,9.04523783424222,10,38,140,260,451,780,155.0,589.0,2311.0,5129.0,8077.0,11493.0
41153.0,50.0,Addis Ketema,10.0,828.0,38.71430633913609,9.04523783424222,10,38,140,260,451,780,155.0,589.0,2311.0,5129.0,8077.0,11493.0
15000.0,100.0,Addis Ketema,10.0,828.0,38.71430633913609,9.04523783424222,10,38,140,260,451,780,155.0,589.0,2311.0,5129.0,8077.0,11493.0
30500.0,100.0,Nefas - Silk Lafto,1.0,460.0,38.71525280229387,8.937081370336346,0,1,41,132,204,284,72.0,474.0,1590.0,3313.0,5755.0,8450.0
25675.0,100.0,Nefas - Silk Lafto,1.0,460.0,38.71525280229387,8.937081370336346,0,1,41,132,204,284,72.0,474.0,1590.0,3313.0,5755.0,8450.0
24000.0,70.0,Nefas - Silk Lafto,1.0,460.0,38.71525280229387,8.937081370336346,0,1,41,132,204,284,72.0,474.0,1590.0,3313.0,5755.0,8450.0
56102.0,61.0,Nefas - Silk Lafto,1.0,454.0,38.71525280229387,8.937081370336346,0,1,41,132,204,284,72.0,474.0,1590.0,3313.0,5755.0,8450.0
51187.77,62.0,Nefas - Silk Lafto,1.0,454.0,38.71525280229387,8.937081370336346,0,1,41,132,204,284,72.0,474.0,1590.0,3313.0,5755.0,8450.0
47100.0,72.0,Nefas - Silk Lafto,1.0,454.0,38.71525280229387,8.937081370336346,0,1,41,132,204,284,72.0,474.0,1590.0,3313.0,5755.0,8450.0
41000.0,100.0,Nefas - Silk Lafto,1.0,460.0,38.71525280229387,8.937081370336346,0,1,41,132,204,284,72.0,474.0,1590.0,3313.0,5755.0,8450.0
28695.65,100.0,Nefas - Silk Lafto,1.0,460.0,38.71525280229387,8.937081370336346,0,1,41,132,204,284,72.0,474.0,1590.0,3313.0,5755.0,8450.0
28560.0,100.0,Nefas - Silk Lafto,1.0,460.0,38.71525280229387,8.937081370336346,0,1,41,132,204,284,72.0,474.0,1590.0,3313.0,5755.0,8450.0
75169.99,80.0,Nefas - Silk Lafto,1.0,437.0,38.71525280229387,8.937081370336346,0,1,41,132,204,284,72.0,474.0,1590.0,3313.0,5755.0,8450.0
51000.0,100.0,Nefas - Silk Lafto,1.0,437.0,38.71525280229387,8.937081370336346,0,1,41,132,204,284,72.0,474.0,1590.0,3313.0,5755.0,8450.0
35612.0,100.0,Nefas - Silk Lafto,1.0,437.0,38.71525280229387,8.937081370336346,0,1,41,132,204,284,72.0,474.0,1590.0,3313.0,5755.0,8450.0
31500.0,100.0,Nefas - Silk Lafto,1.0,460.0,38.71525280229387,8.937081370336346,0,1,41,132,204,284,72.0,474.0,1590.0,3313.0,5755.0,8450.0
31304.35,100.0,Nefas - Silk Lafto,1.0,460.0,38.71525280229387,8.937081370336346,0,1,41,132,204,284,72.0,474.0,1590.0,3313.0,5755.0,8450.0
32100.0,70.0,Nefas - Silk Lafto,1.0,460.0,38.71525280229387,8.937081370336346,0,1,41,132,204,284,72.0,474.0,1590.0,3313.0,5755.0,8450.0
121151.0,45.0,Nefas - Silk Lafto,1.0,436.0,38.71525280229387,8.937081370336346,0,1,41,132,204,284,72.0,474.0,1590.0,3313.0,5755.0,8450.0
66158.0,100.0,Nefas - Silk Lafto,1.0,436.0,38.71525280229387,8.937081370336346,0,1,41,132,204,284,72.0,474.0,1590.0,3313.0,5755.0,8450.0
45872.0,100.0,Nefas - Silk Lafto,1.0,436.0,38.71525280229387,8.937081370336346,0,1,41,132,204,284,72.0,474.0,1590.0,3313.0,5755.0,8450.0
91150.0,40.0,Nefas - Silk Lafto,1.0,460.0,38.71525280229387,8.937081370336346,0,1,41,132,204,284,72.0,474.0,1590.0,3313.0,5755.0,8450.0
41304.5,100.0,Nefas - Silk Lafto,1.0,460.0,38.71525280229387,8.937081370336346,0,1,41,132,204,284,72.0,474.0,1590.0,3313.0,5755.0,8450.0
63377.0,60.0,Nefas - Silk Lafto,1.0,460.0,38.71525280229387,8.937081370336346,0,1,41,132,204,284,72.0,474.0,1590.0,3313.0,5755.0,8450.0
66168.0,100.0,Nefas - Silk Lafto,1.0,465.0,38.71525280229387,8.937081370336346,0,1,41,132,204,284,72.0,474.0,1590.0,3313.0,5755.0,8450.0
60000.0,100.0,Nefas - Silk Lafto,1.0,465.0,38.71525280229387,8.937081370336346,0,1,41,132,204,284,72.0,474.0,1590.0,3313.0,5755.0,8450.0
69295.19,70.0,Nefas - Silk Lafto,1.0,465.0,38.71525280229387,8.937081370336346,0,1,41,132,204,284,72.0,474.0,1590.0,3313.0,5755.0,8450.0
73110.0,60.0,Nefas - Silk Lafto,1.0,749.0,38.71525280229387,8.937081370336346,0,1,41,132,204,284,72.0,474.0,1590.0,3313.0,5755.0,8450.0
41617.0,100.0,Nefas - Silk Lafto,1.0,749.0,38.71525280229387,8.937081370336346,0,1,41,132,204,284,72.0,474.0,1590.0,3313.0,5755.0,8450.0
67500.0,100.0,Nefas - Silk Lafto,1.0,310.0,38.71525280229387,8.937081370336346,0,1,41,132,204,284,72.0,474.0,1590.0,3313.0,5755.0,8450.0
101175.0,45.0,Nefas - Silk Lafto,1.0,310.0,38.71525280229387,8.937081370336346,0,1,41,132,204,284,72.0,474.0,1590.0,3313.0,5755.0,8450.0
55800.0,100.0,Nefas - Silk Lafto,1.0,310.0,38.71525280229387,8.937081370336346,0,1,41,132,204,284,72.0,474.0,1590.0,3313.0,5755.0,8450.0
46015.0,100.0,Nefas - Silk Lafto,1.0,310.0,38.71525280229387,8.937081370336346,0,1,41,132,204,284,72.0,474.0,1590.0,3313.0,5755.0,8450.0
48421.0,65.0,Nefas - Silk Lafto,1.0,310.0,38.71525280229387,8.937081370336346,0,1,41,132,204,284,72.0,474.0,1590.0,3313.0,5755.0,8450.0
41110.0,40.0,Nefas - Silk Lafto,1.0,310.0,38.71525280229387,8.937081370336346,0,1,41,132,204,284,72.0,474.0,1590.0,3313.0,5755.0,8450.0
69001.0,100.0,Nefas - Silk Lafto,1.0,510.0,38.71525280229387,8.937081370336346,0,1,41,132,204,284,72.0,474.0,1590.0,3313.0,5755.0,8450.0
68900.0,100.0,Nefas - Silk Lafto,1.0,510.0,38.71525280229387,8.937081370336346,0,1,41,132,204,284,72.0,474.0,1590.0,3313.0,5755.0,8450.0
62501.0,100.0,Nefas - Silk Lafto,1.0,510.0,38.71525280229387,8.937081370336346,0,1,41,132,204,284,72.0,474.0,1590.0,3313.0,5755.0,8450.0
28675.0,100.0,Nefas - Silk Lafto,1.0,500.0,38.71525280229387,8.937081370336346,0,1,41,132,204,284,72.0,474.0,1590.0,3313.0,5755.0,8450.0
25100.0,100.0,Nefas - Silk Lafto,1.0,500.0,38.71525280229387,8.937081370336346,0,1,41,132,204,284,72.0,474.0,1590.0,3313.0,5755.0,8450.0
36100.0,40.0,Nefas - Silk Lafto,1.0,500.0,38.71525280229387,8.937081370336346,0,1,41,132,204,284,72.0,474.0,1590.0,3313.0,5755.0,8450.0
60119.0,60.0,Nefas - Silk Lafto,1.0,507.0,38.71525280229387,8.937081370336346,0,1,41,132,204,284,72.0,474.0,1590.0,3313.0,5755.0,8450.0
51511.0,70.0,Nefas - Silk Lafto,1.0,507.0,38.71525280229387,8.937081370336346,0,1,41,132,204,284,72.0,474.0,1590.0,3313.0,5755.0,8450.0
55210.0,55.2,Nefas - Silk Lafto,1.0,507.0,38.71525280229387,8.937081370336346,0,1,41,132,204,284,72.0,474.0,1590.0,3313.0,5755.0,8450.0
46666.66,95.0,Nefas - Silk Lafto,1.0,500.0,38.71525280229387,8.937081370336346,0,1,41,132,204,284,72.0,474.0,1590.0,3313.0,5755.0,8450.0
41050.0,100.0,Nefas - Silk Lafto,1.0,500.0,38.71525280229387,8.937081370336346,0,1,41,132,204,284,72.0,474.0,1590.0,3313.0,5755.0,8450.0
32675.0,100.0,Nefas - Silk Lafto,1.0,500.0,38.71525280229387,8.937081370336346,0,1,41,132,204,284,72.0,474.0,1590.0,3313.0,5755.0,8450.0
46846.84,100.0,Nefas - Silk Lafto,1.0,555.0,38.71525280229387,8.937081370336346,0,1,41,132,204,284,72.0,474.0,1590.0,3313.0,5755.0,8450.0
41000.0,100.0,Nefas - Silk Lafto,1.0,555.0,38.71525280229387,8.937081370336346,0,1,41,132,204,284,72.0,474.0,1590.0,3313.0,5755.0,8450.0
41000.0,100.0,Nefas - Silk Lafto,1.0,555.0,38.71525280229387,8.937081370336346,0,1,41,132,204,284,72.0,474.0,1590.0,3313.0,5755.0,8450.0
41325.0,40.0,Nefas - Silk Lafto,1.0,325.0,38.71525280229387,8.937081370336346,0,1,41,132,204,284,72.0,474.0,1590.0,3313.0,5755.0,8450.0
22500.0,100.0,Nefas - Silk Lafto,1.0,325.0,38.71525280229387,8.937081370336346,0,1,41,132,204,284,72.0,474.0,1590.0,3313.0,5755.0,8450.0
34859.0,40.0,Nefas - Silk Lafto,1.0,325.0,38.71525280229387,8.937081370336346,0,1,41,132,204,284,72.0,474.0,1590.0,3313.0,5755.0,8450.0
67096.77,40.0,Nefas - Silk Lafto,1.0,465.0,38.71525280229387,8.937081370336346,0,1,41,132,204,284,72.0,474.0,1590.0,3313.0,5755.0,8450.0
59969.99,50.0,Nefas - Silk Lafto,1.0,465.0,38.71525280229387,8.937081370336346,0,1,41,132,204,284,72.0,474.0,1590.0,3313.0,5755.0,8450.0
30800.0,100.0,Nefas - Silk Lafto,1.0,465.0,38.71525280229387,8.937081370336346,0,1,41,132,204,284,72.0,474.0,1590.0,3313.0,5755.0,8450.0
63777.0,70.0,Nefas - Silk Lafto,1.0,347.0,38.71525280229387,8.937081370336346,0,1,41,132,204,284,72.0,474.0,1590.0,3313.0,5755.0,8450.0
76111.11,40.0,Nefas - Silk Lafto,1.0,347.0,38.71525280229387,8.937081370336346,0,1,41,132,204,284,72.0,474.0,1590.0,3313.0,5755.0,8450.0
60727.0,70.0,Nefas - Silk Lafto,1.0,347.0,38.71525280229387,8.937081370336346,0,1,41,132,204,284,72.0,474.0,1590.0,3313.0,5755.0,8450.0
81399.0,40.0,Nefas - Silk Lafto,1.0,300.0,38.71525280229387,8.937081370336346,0,1,41,132,204,284,72.0,474.0,1590.0,3313.0,5755.0,8450.0
39566.35,100.0,Nefas - Silk Lafto,1.0,300.0,38.71525280229387,8.937081370336346,0,1,41,132,204,284,72.0,474.0,1590.0,3313.0,5755.0,8450.0
39400.0,100.0,Nefas - Silk Lafto,1.0,300.0,38.71525280229387,8.937081370336346,0,1,41,132,204,284,72.0,474.0,1590.0,3313.0,5755.0,8450.0
47400.0,74.0,Nefas - Silk Lafto,1.0,289.0,38.71525280229387,8.937081370336346,0,1,41,132,204,284,72.0,474.0,1590.0,3313.0,5755.0,8450.0
55201.0,40.0,Nefas - Silk Lafto,1.0,289.0,38.71525280229387,8.937081370336346,0,1,41,132,204,284,72.0,474.0,1590.0,3313.0,5755.0,8450.0
31000.0,100.0,Nefas - Silk Lafto,1.0,289.0,38.71525280229387,8.937081370336346,0,1,41,132,204,284,72.0,474.0,1590.0,3313.0,5755.0,8450.0
90000.0,45.0,Nefas - Silk Lafto,1.0,362.0,38.71525280229387,8.937081370336346,0,1,41,132,204,284,72.0,474.0,1590.0,3313.0,5755.0,8450.0
80000.0,45.0,Nefas - Silk Lafto,1.0,362.0,38.71525280229387,8.937081370336346,0,1,41,132,204,284,72.0,474.0,1590.0,3313.0,5755.0,8450.0
81499.0,40.0,Nefas - Silk Lafto,1.0,362.0,38.71525280229387,8.937081370336346,0,1,41,132,204,284,72.0,474.0,1590.0,3313.0,5755.0,8450.0
41800.0,100.0,Nefas - Silk Lafto,1.0,416.0,38.71525280229387,8.937081370336346,0,1,41,132,204,284,72.0,474.0,1590.0,3313.0,5755.0,8450.0
51930.0,62.0,Nefas - Silk Lafto,1.0,416.0,38.71525280229387,8.937081370336346,0,1,41,132,204,284,72.0,474.0,1590.0,3313.0,5755.0,8450.0
36900.0,100.0,Nefas - Silk Lafto,1.0,416.0,38.71525280229387,8.937081370336346,0,1,41,132,204,284,72.0,474.0,1590.0,3313.0,5755.0,8450.0
70000.0,45.0,Nefas - Silk Lafto,1.0,368.0,38.71525280229387,8.937081370336346,0,1,41,132,204,284,72.0,474.0,1590.0,3313.0,5755.0,8450.0
32611.3,100.0,Nefas - Silk Lafto,1.0,368.0,38.71525280229387,8.937081370336346,0,1,41,132,204,284,72.0,474.0,1590.0,3313.0,5755.0,8450.0
58222.0,42.0,Nefas - Silk Lafto,1.0,368.0,38.71525280229387,8.937081370336346,0,1,41,132,204,284,72.0,474.0,1590.0,3313.0,5755.0,8450.0
79100.0,53.1,Nefas - Silk Lafto,1.0,250.0,38.71525280229387,8.937081370336346,0,1,41,132,204,284,72.0,474.0,1590.0,3313.0,5755.0,8450.0
50380.0,100.0,Nefas - Silk Lafto,1.0,250.0,38.71525280229387,8.937081370336346,0,1,41,132,204,284,72.0,474.0,1590.0,3313.0,5755.0,8450.0
48914.0,100.0,Nefas - Silk Lafto,1.0,250.0,38.71525280229387,8.937081370336346,0,1,41,132,204,284,72.0,474.0,1590.0,3313.0,5755.0,8450.0
36000.0,100.0,Nefas - Silk Lafto,1.0,250.0,38.71525280229387,8.937081370336346,0,1,41,132,204,284,72.0,474.0,1590.0,3313.0,5755.0,8450.0
35250.0,90.0,Nefas - Silk Lafto,1.0,250.0,38.71525280229387,8.937081370336346,0,1,41,132,204,284,72.0,474.0,1590.0,3313.0,5755.0,8450.0
40000.0,45.0,Nefas - Silk Lafto,1.0,250.0,38.71525280229387,8.937081370336346,0,1,41,132,204,284,72.0,474.0,1590.0,3313.0,5755.0,8450.0
82127.0,50.0,Nefas - Silk Lafto,1.0,250.0,38.71525280229387,8.937081370336346,0,1,41,132,204,284,72.0,474.0,1590.0,3313.0,5755.0,8450.0
45100.0,100.0,Nefas - Silk Lafto,1.0,250.0,38.71525280229387,8.937081370336346,0,1,41,132,204,284,72.0,474.0,1590.0,3313.0,5755.0,8450.0
42000.0,100.0,Nefas - Silk Lafto,1.0,250.0,38.71525280229387,8.937081370336346,0,1,41,132,204,284,72.0,474.0,1590.0,3313.0,5755.0,8450.0
48000.0,100.0,Nefas - Silk Lafto,1.0,250.0,38.71525280229387,8.937081370336346,0,1,41,132,204,284,72.0,474.0,1590.0,3313.0,5755.0,8450.0
47328.0,70.0,Nefas - Silk Lafto,1.0,250.0,38.71525280229387,8.937081370336346,0,1,41,132,204,284,72.0,474.0,1590.0,3313.0,5755.0,8450.0
36000.0,100.0,Nefas - Silk Lafto,1.0,250.0,38.71525280229387,8.937081370336346,0,1,41,132,204,284,72.0,474.0,1590.0,3313.0,5755.0,8450.0
82721.0,50.0,Nefas - Silk Lafto,1.0,250.0,38.71525280229387,8.937081370336346,0,1,41,132,204,284,72.0,474.0,1590.0,3313.0,5755.0,8450.0
37777.0,100.0,Nefas - Silk Lafto,1.0,250.0,38.71525280229387,8.937081370336346,0,1,41,132,204,284,72.0,474.0,1590.0,3313.0,5755.0,8450.0
31000.0,100.0,Nefas - Silk Lafto,1.0,250.0,38.71525280229387,8.937081370336346,0,1,41,132,204,284,72.0,474.0,1590.0,3313.0,5755.0,8450.0
51100.0,100.0,Nefas - Silk Lafto,1.0,250.0,38.71525280229387,8.937081370336346,0,1,41,132,204,284,72.0,474.0,1590.0,3313.0,5755.0,8450.0
24102.0,100.0,Nefas - Silk Lafto,1.0,250.0,38.71525280229387,8.937081370336346,0,1,41,132,204,284,72.0,474.0,1590.0,3313.0,5755.0,8450.0
40100.0,50.0,Nefas - Silk Lafto,1.0,250.0,38.71525280229387,8.937081370336346,0,1,41,132,204,284,72.0,474.0,1590.0,3313.0,5755.0,8450.0
81001.0,50.0,Nefas - Silk Lafto,1.0,250.0,38.71525280229387,8.937081370336346,0,1,41,132,204,284,72.0,474.0,1590.0,3313.0,5755.0,8450.0
51025.0,100.0,Nefas - Silk Lafto,1.0,250.0,38.71525280229387,8.937081370336346,0,1,41,132,204,284,72.0,474.0,1590.0,3313.0,5755.0,8450.0
45900.0,100.0,Nefas - Silk Lafto,1.0,250.0,38.71525280229387,8.937081370336346,0,1,41,132,204,284,72.0,474.0,1590.0,3313.0,5755.0,8450.0
45989.04,40.0,Nefas - Silk Lafto,1.0,250.0,38.71525280229387,8.937081370336346,0,1,41,132,204,284,72.0,474.0,1590.0,3313.0,5755.0,8450.0
20170.0,100.0,Nefas - Silk Lafto,1.0,250.0,38.71525280229387,8.937081370336346,0,1,41,132,204,284,72.0,474.0,1590.0,3313.0,5755.0,8450.0
26111.0,61.0,Nefas - Silk Lafto,1.0,250.0,38.71525280229387,8.937081370336346,0,1,41,132,204,284,72.0,474.0,1590.0,3313.0,5755.0,8450.0
63777.0,70.0,Nefas - Silk Lafto,1.0,250.0,38.71525280229387,8.937081370336346,0,1,41,132,204,284,72.0,474.0,1590.0,3313.0,5755.0,8450.0
35150.0,100.0,Nefas - Silk Lafto,1.0,250.0,38.71525280229387,8.937081370336346,0,1,41,132,204,284,72.0,474.0,1590.0,3313.0,5755.0,8450.0
32101.0,100.0,Nefas - Silk Lafto,1.0,250.0,38.71525280229387,8.937081370336346,0,1,41,132,204,284,72.0,474.0,1590.0,3313.0,5755.0,8450.0
40100.0,70.0,Nefas - Silk Lafto,1.0,250.0,38.71525280229387,8.937081370336346,0,1,41,132,204,284,72.0,474.0,1590.0,3313.0,5755.0,8450.0
31689.0,100.0,Nefas - Silk Lafto,1.0,250.0,38.71525280229387,8.937081370336346,0,1,41,132,204,284,72.0,474.0,1590.0,3313.0,5755.0,8450.0
38888.0,46.0,Nefas - Silk Lafto,1.0,250.0,38.71525280229387,8.937081370336346,0,1,41,132,204,284,72.0,474.0,1590.0,3313.0,5755.0,8450.0
52250.0,80.0,Nefas - Silk Lafto,1.0,250.0,38.71525280229387,8.937081370336346,0,1,41,132,204,284,72.0,474.0,1590.0,3313.0,5755.0,8450.0
33150.0,100.0,Nefas - Silk Lafto,1.0,250.0,38.71525280229387,8.937081370336346,0,1,41,132,204,284,72.0,474.0,1590.0,3313.0,5755.0,8450.0
30612.0,100.0,Nefas - Silk Lafto,1.0,250.0,38.71525280229387,8.937081370336346,0,1,41,132,204,284,72.0,474.0,1590.0,3313.0,5755.0,8450.0
61252.0,65.0,Nefas - Silk Lafto,1.0,250.0,38.71525280229387,8.937081370336346,0,1,41,132,204,284,72.0,474.0,1590.0,3313.0,5755.0,8450.0
40100.0,100.0,Nefas - Silk Lafto,1.0,250.0,38.71525280229387,8.937081370336346,0,1,41,132,204,284,72.0,474.0,1590.0,3313.0,5755.0,8450.0
37100.0,100.0,Nefas - Silk Lafto,1.0,250.0,38.71525280229387,8.937081370336346,0,1,41,132,204,284,72.0,474.0,1590.0,3313.0,5755.0,8450.0
78777.0,60.0,Nefas - Silk Lafto,1.0,308.0,38.71525280229387,8.937081370336346,0,1,41,132,204,284,72.0,474.0,1590.0,3313.0,5755.0,8450.0
53000.0,70.0,Nefas - Silk Lafto,1.0,308.0,38.71525280229387,8.937081370336346,0,1,41,132,204,284,72.0,474.0,1590.0,3313.0,5755.0,8450.0
52498.0,68.5,Nefas - Silk Lafto,1.0,308.0,38.71525280229387,8.937081370336346,0,1,41,132,204,284,72.0,474.0,1590.0,3313.0,5755.0,8450.0
57000.0,100.0,Nefas - Silk Lafto,1.0,406.0,38.71525280229387,8.937081370336346,0,1,41,132,204,284,72.0,474.0,1590.0,3313.0,5755.0,8450.0
55100.0,51.0,Nefas - Silk Lafto,1.0,406.0,38.71525280229387,8.937081370336346,0,1,41,132,204,284,72.0,474.0,1590.0,3313.0,5755.0,8450.0
26555.0,50.0,Nefas - Silk Lafto,1.0,406.0,38.71525280229387,8.937081370336346,0,1,41,132,204,284,72.0,474.0,1590.0,3313.0,5755.0,8450.0
40101.0,100.0,Nefas - Silk Lafto,1.0,225.0,38.71525280229387,8.937081370336346,0,1,41,132,204,284,72.0,474.0,1590.0,3313.0,5755.0,8450.0
51222.0,70.0,Nefas - Silk Lafto,1.0,225.0,38.71525280229387,8.937081370336346,0,1,41,132,204,284,72.0,474.0,1590.0,3313.0,5755.0,8450.0
57779.0,50.0,Nefas - Silk Lafto,1.0,225.0,38.71525280229387,8.937081370336346,0,1,41,132,204,284,72.0,474.0,1590.0,3313.0,5755.0,8450.0
70000.0,45.0,Nefas - Silk Lafto,1.0,280.0,38.71525280229387,8.937081370336346,0,1,41,132,204,284,72.0,474.0,1590.0,3313.0,5755.0,8450.0
62255.0,55.55,Nefas - Silk Lafto,1.0,280.0,38.71525280229387,8.937081370336346,0,1,41,132,204,284,72.0,474.0,1590.0,3313.0,5755.0,8450.0
32110.5,100.0,Nefas - Silk Lafto,1.0,280.0,38.71525280229387,8.937081370336346,0,1,41,132,204,284,72.0,474.0,1590.0,3313.0,5755.0,8450.0
45122.0,60.0,Nefas - Silk Lafto,1.0,150.0,38.71525280229387,8.937081370336346,0,1,41,132,204,284,72.0,474.0,1590.0,3313.0,5755.0,8450.0
41500.0,55.0,Nefas - Silk Lafto,1.0,150.0,38.71525280229387,8.937081370336346,0,1,41,132,204,284,72.0,474.0,1590.0,3313.0,5755.0,8450.0
26750.0,100.0,Nefas - Silk Lafto,1.0,150.0,38.71525280229387,8.937081370336346,0,1,41,132,204,284,72.0,474.0,1590.0,3313.0,5755.0,8450.0
20100.0,100.0,Nefas - Silk Lafto,1.0,150.0,38.71525280229387,8.937081370336346,0,1,41,132,204,284,72.0,474.0,1590.0,3313.0,5755.0,8450.0
2500.0,100.0,Nefas - Silk Lafto,1.0,150.0,38.71525280229387,8.937081370336346,0,1,41,132,204,284,72.0,474.0,1590.0,3313.0,5755.0,8450.0
2300.0,100.0,Nefas - Silk Lafto,1.0,150.0,38.71525280229387,8.937081370336346,0,1,41,132,204,284,72.0,474.0,1590.0,3313.0,5755.0,8450.0
70585.0,60.0,Nefas - Silk Lafto,1.0,150.0,38.71525280229387,8.937081370336346,0,1,41,132,204,284,72.0,474.0,1590.0,3313.0,5755.0,8450.0
37660.0,100.0,Nefas - Silk Lafto,1.0,150.0,38.71525280229387,8.937081370336346,0,1,41,132,204,284,72.0,474.0,1590.0,3313.0,5755.0,8450.0
31100.0,100.0,Nefas - Silk Lafto,1.0,150.0,38.71525280229387,8.937081370336346,0,1,41,132,204,284,72.0,474.0,1590.0,3313.0,5755.0,8450.0
62001.99,40.0,Nefas - Silk Lafto,1.0,150.0,38.71525280229387,8.937081370336346,0,1,41,132,204,284,72.0,474.0,1590.0,3313.0,5755.0,8450.0
44880.0,73.0,Nefas - Silk Lafto,1.0,150.0,38.71525280229387,8.937081370336346,0,1,41,132,204,284,72.0,474.0,1590.0,3313.0,5755.0,8450.0
2250.0,50.0,Nefas - Silk Lafto,1.0,150.0,38.71525280229387,8.937081370336346,0,1,41,132,204,284,72.0,474.0,1590.0,3313.0,5755.0,8450.0
70650.0,61.0,Nefas - Silk Lafto,1.0,150.0,38.71525280229387,8.937081370336346,0,1,41,132,204,284,72.0,474.0,1590.0,3313.0,5755.0,8450.0
45000.0,100.0,Nefas - Silk Lafto,1.0,150.0,38.71525280229387,8.937081370336346,0,1,41,132,204,284,72.0,474.0,1590.0,3313.0,5755.0,8450.0
52551.5,65.0,Nefas - Silk Lafto,1.0,150.0,38.71525280229387,8.937081370336346,0,1,41,132,204,284,72.0,474.0,1590.0,3313.0,5755.0,8450.0
91590.0,42.0,Nefas - Silk Lafto,1.0,150.0,38.71525280229387,8.937081370336346,0,1,41,132,204,284,72.0,474.0,1590.0,3313.0,5755.0,8450.0
41650.0,100.0,Nefas - Silk Lafto,1.0,150.0,38.71525280229387,8.937081370336346,0,1,41,132,204,284,72.0,474.0,1590.0,3313.0,5755.0,8450.0
62000.0,51.0,Nefas - Silk Lafto,1.0,150.0,38.71525280229387,8.937081370336346,0,1,41,132,204,284,72.0,474.0,1590.0,3313.0,5755.0,8450.0
44115.75,100.0,Nefas - Silk Lafto,1.0,150.0,38.71525280229387,8.937081370336346,0,1,41,132,204,284,72.0,474.0,1590.0,3313.0,5755.0,8450.0
51200.0,75.0,Nefas - Silk Lafto,1.0,150.0,38.71525280229387,8.937081370336346,0,1,41,132,204,284,72.0,474.0,1590.0,3313.0,5755.0,8450.0
41710.0,100.0,Nefas - Silk Lafto,1.0,150.0,38.71525280229387,8.937081370336346,0,1,41,132,204,284,72.0,474.0,1590.0,3313.0,5755.0,8450.0
50775.0,100.0,Nefas - Silk Lafto,1.0,150.0,38.71525280229387,8.937081370336346,0,1,41,132,204,284,72.0,474.0,1590.0,3313.0,5755.0,8450.0
41857.0,100.0,Nefas - Silk Lafto,1.0,150.0,38.71525280229387,8.937081370336346,0,1,41,132,204,284,72.0,474.0,1590.0,3313.0,5755.0,8450.0
62000.0,42.0,Nefas - Silk Lafto,1.0,150.0,38.71525280229387,8.937081370336346,0,1,41,132,204,284,72.0,474.0,1590.0,3313.0,5755.0,8450.0
55700.0,100.0,Nefas - Silk Lafto,1.0,150.0,38.71525280229387,8.937081370336346,0,1,41,132,204,284,72.0,474.0,1590.0,3313.0,5755.0,8450.0
27444.16,100.0,Nefas - Silk Lafto,1.0,150.0,38.71525280229387,8.937081370336346,0,1,41,132,204,284,72.0,474.0,1590.0,3313.0,5755.0,8450.0
22222.0,100.0,Nefas - Silk Lafto,1.0,150.0,38.71525280229387,8.937081370336346,0,1,41,132,204,284,72.0,474.0,1590.0,3313.0,5755.0,8450.0
43000.0,100.0,Nefas - Silk Lafto,1.0,150.0,38.71525280229387,8.937081370336346,0,1,41,132,204,284,72.0,474.0,1590.0,3313.0,5755.0,8450.0
41550.0,100.0,Nefas - Silk Lafto,1.0,150.0,38.71525280229387,8.937081370336346,0,1,41,132,204,284,72.0,474.0,1590.0,3313.0,5755.0,8450.0
47151.0,52.0,Nefas - Silk Lafto,1.0,150.0,38.71525280229387,8.937081370336346,0,1,41,132,204,284,72.0,474.0,1590.0,3313.0,5755.0,8450.0
58000.0,100.0,Nefas - Silk Lafto,1.0,150.0,38.71525280229387,8.937081370336346,0,1,41,132,204,284,72.0,474.0,1590.0,3313.0,5755.0,8450.0
53889.0,100.0,Nefas - Silk Lafto,1.0,150.0,38.71525280229387,8.937081370336346,0,1,41,132,204,284,72.0,474.0,1590.0,3313.0,5755.0,8450.0
52000.0,80.0,Nefas - Silk Lafto,1.0,150.0,38.71525280229387,8.937081370336346,0,1,41,132,204,284,72.0,474.0,1590.0,3313.0,5755.0,8450.0
58000.0,100.0,Nefas - Silk Lafto,1.0,150.0,38.71525280229387,8.937081370336346,0,1,41,132,204,284,72.0,474.0,1590.0,3313.0,5755.0,8450.0
71000.0,70.0,Nefas - Silk Lafto,1.0,150.0,38.71525280229387,8.937081370336346,0,1,41,132,204,284,72.0,474.0,1590.0,3313.0,5755.0,8450.0
75000.0,43.0,Nefas - Silk Lafto,1.0,150.0,38.71525280229387,8.937081370336346,0,1,41,132,204,284,72.0,474.0,1590.0,3313.0,5755.0,8450.0
62177.0,42.0,Nefas - Silk Lafto,1.0,150.0,38.71525280229387,8.937081370336346,0,1,41,132,204,284,72.0,474.0,1590.0,3313.0,5755.0,8450.0
33150.0,100.0,Nefas - Silk Lafto,1.0,150.0,38.71525280229387,8.937081370336346,0,1,41,132,204,284,72.0,474.0,1590.0,3313.0,5755.0,8450.0
33100.0,100.0,Nefas - Silk Lafto,1.0,150.0,38.71525280229387,8.937081370336346,0,1,41,132,204,284,72.0,474.0,1590.0,3313.0,5755.0,8450.0
47654.0,100.0,Nefas - Silk Lafto,1.0,150.0,38.71525280229387,8.937081370336346,0,1,41,132,204,284,72.0,474.0,1590.0,3313.0,5755.0,8450.0
45900.0,100.0,Nefas - Silk Lafto,1.0,150.0,38.71525280229387,8.937081370336346,0,1,41,132,204,284,72.0,474.0,1590.0,3313.0,5755.0,8450.0
63333.0,50.0,Nefas - Silk Lafto,1.0,150.0,38.71525280229387,8.937081370336346,0,1,41,132,204,284,72.0,474.0,1590.0,3313.0,5755.0,8450.0
54971.0,100.0,Nefas - Silk Lafto,1.0,150.0,38.71525280229387,8.937081370336346,0,1,41,132,204,284,72.0,474.0,1590.0,3313.0,5755.0,8450.0
47150.0,100.0,Nefas - Silk Lafto,1.0,150.0,38.71525280229387,8.937081370336346,0,1,41,132,204,284,72.0,474.0,1590.0,3313.0,5755.0,8450.0
46500.0,85.0,Nefas - Silk Lafto,1.0,150.0,38.71525280229387,8.937081370336346,0,1,41,132,204,284,72.0,474.0,1590.0,3313.0,5755.0,8450.0
45800.0,100.0,Nefas - Silk Lafto,1.0,150.0,38.71525280229387,8.937081370336346,0,1,41,132,204,284,72.0,474.0,1590.0,3313.0,5755.0,8450.0
36016.0,100.0,Nefas - Silk Lafto,1.0,150.0,38.71525280229387,8.937081370336346,0,1,41,132,204,284,72.0,474.0,1590.0,3313.0,5755.0,8450.0
35000.0,100.0,Nefas - Silk Lafto,1.0,150.0,38.71525280229387,8.937081370336346,0,1,41,132,204,284,72.0,474.0,1590.0,3313.0,5755.0,8450.0
73333.0,70.0,Nefas - Silk Lafto,1.0,150.0,38.71525280229387,8.937081370336346,0,1,41,132,204,284,72.0,474.0,1590.0,3313.0,5755.0,8450.0
47654.0,100.0,Nefas - Silk Lafto,1.0,150.0,38.71525280229387,8.937081370336346,0,1,41,132,204,284,72.0,474.0,1590.0,3313.0,5755.0,8450.0
26600.0,100.0,Nefas - Silk Lafto,1.0,150.0,38.71525280229387,8.937081370336346,0,1,41,132,204,284,72.0,474.0,1590.0,3313.0,5755.0,8450.0
50100.0,100.0,Nefas - Silk Lafto,1.0,181.0,38.71525280229387,8.937081370336346,0,1,41,132,204,284,72.0,474.0,1590.0,3313.0,5755.0,8450.0
71100.5,40.0,Nefas - Silk Lafto,1.0,181.0,38.71525280229387,8.937081370336346,0,1,41,132,204,284,72.0,474.0,1590.0,3313.0,5755.0,8450.0
42200.0,100.0,Nefas - Silk Lafto,1.0,181.0,38.71525280229387,8.937081370336346,0,1,41,132,204,284,72.0,474.0,1590.0,3313.0,5755.0,8450.0
107000.0,40.0,Nefas - Silk Lafto,1.0,154.0,38.71525280229387,8.937081370336346,0,1,41,132,204,284,72.0,474.0,1590.0,3313.0,5755.0,8450.0
23111.0,100.0,Nefas - Silk Lafto,1.0,154.0,38.71525280229387,8.937081370336346,0,1,41,132,204,284,72.0,474.0,1590.0,3313.0,5755.0,8450.0
25050.0,45.5,Nefas - Silk Lafto,1.0,154.0,38.71525280229387,8.937081370336346,0,1,41,132,204,284,72.0,474.0,1590.0,3313.0,5755.0,8450.0
70160.0,50.0,Nefas - Silk Lafto,1.0,259.0,38.71525280229387,8.937081370336346,0,1,41,132,204,284,72.0,474.0,1590.0,3313.0,5755.0,8450.0
19500.0,100.0,Nefas - Silk Lafto,1.0,259.0,38.71525280229387,8.937081370336346,0,1,41,132,204,284,72.0,474.0,1590.0,3313.0,5755.0,8450.0
32790.5,52.0,Nefas - Silk Lafto,1.0,259.0,38.71525280229387,8.937081370336346,0,1,41,132,204,284,72.0,474.0,1590.0,3313.0,5755.0,8450.0
40000.0,100.0,Nefas - Silk Lafto,1.0,232.0,38.71525280229387,8.937081370336346,0,1,41,132,204,284,72.0,474.0,1590.0,3313.0,5755.0,8450.0
30000.0,100.0,Nefas - Silk Lafto,1.0,232.0,38.71525280229387,8.937081370336346,0,1,41,132,204,284,72.0,474.0,1590.0,3313.0,5755.0,8450.0
27000.0,100.0,Nefas - Silk Lafto,1.0,232.0,38.71525280229387,8.937081370336346,0,1,41,132,204,284,72.0,474.0,1590.0,3313.0,5755.0,8450.0
55378.0,100.0,Nefas - Silk Lafto,1.0,150.0,38.71525280229387,8.937081370336346,0,1,41,132,204,284,72.0,474.0,1590.0,3313.0,5755.0,8450.0
52141.0,100.0,Nefas - Silk Lafto,1.0,150.0,38.71525280229387,8.937081370336346,0,1,41,132,204,284,72.0,474.0,1590.0,3313.0,5755.0,8450.0
70000.0,60.0,Nefas - Silk Lafto,1.0,150.0,38.71525280229387,8.937081370336346,0,1,41,132,204,284,72.0,474.0,1590.0,3313.0,5755.0,8450.0
47100.0,100.0,Nefas - Silk Lafto,1.0,150.0,38.71525280229387,8.937081370336346,0,1,41,132,204,284,72.0,474.0,1590.0,3313.0,5755.0,8450.0
53340.0,75.0,Nefas - Silk Lafto,1.0,150.0,38.71525280229387,8.937081370336346,0,1,41,132,204,284,72.0,474.0,1590.0,3313.0,5755.0,8450.0
40100.0,100.0,Nefas - Silk Lafto,1.0,150.0,38.71525280229387,8.937081370336346,0,1,41,132,204,284,72.0,474.0,1590.0,3313.0,5755.0,8450.0
47654.0,100.0,Nefas - Silk Lafto,1.0,150.0,38.71525280229387,8.937081370336346,0,1,41,132,204,284,72.0,474.0,1590.0,3313.0,5755.0,8450.0
71521.21,40.0,Nefas - Silk Lafto,1.0,150.0,38.71525280229387,8.937081370336346,0,1,41,132,204,284,72.0,474.0,1590.0,3313.0,5755.0,8450.0
66666.67,40.0,Nefas - Silk Lafto,1.0,150.0,38.71525280229387,8.937081370336346,0,1,41,132,204,284,72.0,474.0,1590.0,3313.0,5755.0,8450.0
47800.0,100.0,Nefas - Silk Lafto,1.0,150.0,38.71525280229387,8.937081370336346,0,1,41,132,204,284,72.0,474.0,1590.0,3313.0,5755.0,8450.0
47414.75,100.0,Nefas - Silk Lafto,1.0,150.0,38.71525280229387,8.937081370336346,0,1,41,132,204,284,72.0,474.0,1590.0,3313.0,5755.0,8450.0
46510.0,100.0,Nefas - Silk Lafto,1.0,150.0,38.71525280229387,8.937081370336346,0,1,41,132,204,284,72.0,474.0,1590.0,3313.0,5755.0,8450.0
56671.0,100.0,Nefas - Silk Lafto,1.0,150.0,38.71525280229387,8.937081370336346,0,1,41,132,204,284,72.0,474.0,1590.0,3313.0,5755.0,8450.0
56216.0,100.0,Nefas - Silk Lafto,1.0,150.0,38.71525280229387,8.937081370336346,0,1,41,132,204,284,72.0,474.0,1590.0,3313.0,5755.0,8450.0
53000.0,100.0,Nefas - Silk Lafto,1.0,150.0,38.71525280229387,8.937081370336346,0,1,41,132,204,284,72.0,474.0,1590.0,3313.0,5755.0,8450.0
60000.0,55.0,Nefas - Silk Lafto,1.0,150.0,38.71525280229387,8.937081370336346,0,1,41,132,204,284,72.0,474.0,1590.0,3313.0,5755.0,8450.0
57900.0,40.0,Nefas - Silk Lafto,1.0,150.0,38.71525280229387,8.937081370336346,0,1,41,132,204,284,72.0,474.0,1590.0,3313.0,5755.0,8450.0
41721.99,70.0,Nefas - Silk Lafto,1.0,150.0,38.71525280229387,8.937081370336346,0,1,41,132,204,284,72.0,474.0,1590.0,3313.0,5755.0,8450.0
111023.0,40.0,Nefas - Silk Lafto,1.0,150.0,38.71525280229387,8.937081370336346,0,1,41,132,204,284,72.0,474.0,1590.0,3313.0,5755.0,8450.0
41500.0,100.0,Nefas - Silk Lafto,1.0,150.0,38.71525280229387,8.937081370336346,0,1,41,132,204,284,72.0,474.0,1590.0,3313.0,5755.0,8450.0
65227.21,55.0,Nefas - Silk Lafto,1.0,150.0,38.71525280229387,8.937081370336346,0,1,41,132,204,284,72.0,474.0,1590.0,3313.0,5755.0,8450.0
90000.0,100.0,Nefas - Silk Lafto,1.0,150.0,38.71525280229387,8.937081370336346,0,1,41,132,204,284,72.0,474.0,1590.0,3313.0,5755.0,8450.0
76000.0,40.0,Nefas - Silk Lafto,1.0,150.0,38.71525280229387,8.937081370336346,0,1,41,132,204,284,72.0,474.0,1590.0,3313.0,5755.0,8450.0
72100.0,42.0,Nefas - Silk Lafto,1.0,150.0,38.71525280229387,8.937081370336346,0,1,41,132,204,284,72.0,474.0,1590.0,3313.0,5755.0,8450.0
55144.05,100.0,Nefas - Silk Lafto,1.0,150.0,38.71525280229387,8.937081370336346,0,1,41,132,204,284,72.0,474.0,1590.0,3313.0,5755.0,8450.0
48351.44,100.0,Nefas - Silk Lafto,1.0,150.0,38.71525280229387,8.937081370336346,0,1,41,132,204,284,72.0,474.0,1590.0,3313.0,5755.0,8450.0
45100.0,100.0,Nefas - Silk Lafto,1.0,150.0,38.71525280229387,8.937081370336346,0,1,41,132,204,284,72.0,474.0,1590.0,3313.0,5755.0,8450.0
61150.0,100.0,Nefas - Silk Lafto,1.0,150.0,38.71525280229387,8.937081370336346,0,1,41,132,204,284,72.0,474.0,1590.0,3313.0,5755.0,8450.0
42666.0,100.0,Nefas - Silk Lafto,1.0,150.0,38.71525280229387,8.937081370336346,0,1,41,132,204,284,72.0,474.0,1590.0,3313.0,5755.0,8450.0
25600.0,100.0,Nefas - Silk Lafto,1.0,150.0,38.71525280229387,8.937081370336346,0,1,41,132,204,284,72.0,474.0,1590.0,3313.0,5755.0,8450.0
46700.0,100.0,Nefas - Silk Lafto,1.0,150.0,38.71525280229387,8.937081370336346,0,1,41,132,204,284,72.0,474.0,1590.0,3313.0,5755.0,8450.0
76522.0,40.0,Nefas - Silk Lafto,1.0,150.0,38.71525280229387,8.937081370336346,0,1,41,132,204,284,72.0,474.0,1590.0,3313.0,5755.0,8450.0
62251.0,50.0,Nefas - Silk Lafto,1.0,150.0,38.71525280229387,8.937081370336346,0,1,41,132,204,284,72.0,474.0,1590.0,3313.0,5755.0,8450.0
61150.0,100.0,Nefas - Silk Lafto,1.0,150.0,38.71525280229387,8.937081370336346,0,1,41,132,204,284,72.0,474.0,1590.0,3313.0,5755.0,8450.0
47667.0,100.0,Nefas - Silk Lafto,1.0,150.0,38.71525280229387,8.937081370336346,0,1,41,132,204,284,72.0,474.0,1590.0,3313.0,5755.0,8450.0
41300.0,100.0,Nefas - Silk Lafto,1.0,150.0,38.71525280229387,8.937081370336346,0,1,41,132,204,284,72.0,474.0,1590.0,3313.0,5755.0,8450.0
48889.0,100.0,Nefas - Silk Lafto,1.0,150.0,38.71525280229387,8.937081370336346,0,1,41,132,204,284,72.0,474.0,1590.0,3313.0,5755.0,8450.0
42020.0,100.0,Nefas - Silk Lafto,1.0,150.0,38.71525280229387,8.937081370336346,0,1,41,132,204,284,72.0,474.0,1590.0,3313.0,5755.0,8450.0
31030.0,61.0,Nefas - Silk Lafto,1.0,150.0,38.71525280229387,8.937081370336346,0,1,41,132,204,284,72.0,474.0,1590.0,3313.0,5755.0,8450.0
80000.0,40.0,Nefas - Silk Lafto,1.0,150.0,38.71525280229387,8.937081370336346,0,1,41,132,204,284,72.0,474.0,1590.0,3313.0,5755.0,8450.0
47216.0,50.0,Nefas - Silk Lafto,1.0,150.0,38.71525280229387,8.937081370336346,0,1,41,132,204,284,72.0,474.0,1590.0,3313.0,5755.0,8450.0
10700.0,40.0,Nefas - Silk Lafto,1.0,150.0,38.71525280229387,8.937081370336346,0,1,41,132,204,284,72.0,474.0,1590.0,3313.0,5755.0,8450.0
50746.66,100.0,Nefas - Silk Lafto,1.0,150.0,38.71525280229387,8.937081370336346,0,1,41,132,204,284,72.0,474.0,1590.0,3313.0,5755.0,8450.0
25000.0,100.0,Nefas - Silk Lafto,1.0,150.0,38.71525280229387,8.937081370336346,0,1,41,132,204,284,72.0,474.0,1590.0,3313.0,5755.0,8450.0
36256.26,40.0,Nefas - Silk Lafto,1.0,150.0,38.71525280229387,8.937081370336346,0,1,41,132,204,284,72.0,474.0,1590.0,3313.0,5755.0,8450.0
35350.0,100.0,Nefas - Silk Lafto,1.0,222.0,38.71525280229387,8.937081370336346,0,1,41,132,204,284,72.0,474.0,1590.0,3313.0,5755.0,8450.0
46000.0,50.0,Nefas - Silk Lafto,1.0,222.0,38.71525280229387,8.937081370336346,0,1,41,132,204,284,72.0,474.0,1590.0,3313.0,5755.0,8450.0
13500.0,100.0,Nefas - Silk Lafto,1.0,222.0,38.71525280229387,8.937081370336346,0,1,41,132,204,284,72.0,474.0,1590.0,3313.0,5755.0,8450.0
48000.0,52.0,Nefas - Silk Lafto,1.0,276.0,38.71525280229387,8.937081370336346,0,1,41,132,204,284,72.0,474.0,1590.0,3313.0,5755.0,8450.0
27200.0,100.0,Nefas - Silk Lafto,1.0,276.0,38.71525280229387,8.937081370336346,0,1,41,132,204,284,72.0,474.0,1590.0,3313.0,5755.0,8450.0
22615.0,100.0,Nefas - Silk Lafto,1.0,276.0,38.71525280229387,8.937081370336346,0,1,41,132,204,284,72.0,474.0,1590.0,3313.0,5755.0,8450.0
59889.0,100.0,Nefas - Silk Lafto,1.0,183.0,38.71525280229387,8.937081370336346,0,1,41,132,204,284,72.0,474.0,1590.0,3313.0,5755.0,8450.0
60200.0,60.0,Nefas - Silk Lafto,1.0,183.0,38.71525280229387,8.937081370336346,0,1,41,132,204,284,72.0,474.0,1590.0,3313.0,5755.0,8450.0
43100.0,100.0,Nefas - Silk Lafto,1.0,183.0,38.71525280229387,8.937081370336346,0,1,41,132,204,284,72.0,474.0,1590.0,3313.0,5755.0,8450.0
61376.0,40.0,Nefas - Silk Lafto,1.0,210.0,38.71525280229387,8.937081370336346,0,1,41,132,204,284,72.0,474.0,1590.0,3313.0,5755.0,8450.0
61113.0,40.0,Nefas - Silk Lafto,1.0,210.0,38.71525280229387,8.937081370336346,0,1,41,132,204,284,72.0,474.0,1590.0,3313.0,5755.0,8450.0
61000.0,40.0,Nefas - Silk Lafto,1.0,210.0,38.71525280229387,8.937081370336346,0,1,41,132,204,284,72.0,474.0,1590.0,3313.0,5755.0,8450.0
47473.33,100.0,Nefas - Silk Lafto,1.0,150.0,38.71525280229387,8.937081370336346,0,1,41,132,204,284,72.0,474.0,1590.0,3313.0,5755.0,8450.0
76516.0,40.0,Nefas - Silk Lafto,1.0,150.0,38.71525280229387,8.937081370336346,0,1,41,132,204,284,72.0,474.0,1590.0,3313.0,5755.0,8450.0
62515.0,40.0,Nefas - Silk Lafto,1.0,150.0,38.71525280229387,8.937081370336346,0,1,41,132,204,284,72.0,474.0,1590.0,3313.0,5755.0,8450.0
47019.0,100.0,Nefas - Silk Lafto,1.0,150.0,38.71525280229387,8.937081370336346,0,1,41,132,204,284,72.0,474.0,1590.0,3313.0,5755.0,8450.0
60000.0,45.0,Nefas - Silk Lafto,1.0,150.0,38.71525280229387,8.937081370336346,0,1,41,132,204,284,72.0,474.0,1590.0,3313.0,5755.0,8450.0
26202.0,100.0,Nefas - Silk Lafto,1.0,150.0,38.71525280229387,8.937081370336346,0,1,41,132,204,284,72.0,474.0,1590.0,3313.0,5755.0,8450.0
32515.0,100.0,Nefas - Silk Lafto,1.0,150.0,38.71525280229387,8.937081370336346,0,1,41,132,204,284,72.0,474.0,1590.0,3313.0,5755.0,8450.0
48700.0,40.0,Nefas - Silk Lafto,1.0,150.0,38.71525280229387,8.937081370336346,0,1,41,132,204,284,72.0,474.0,1590.0,3313.0,5755.0,8450.0
48666.0,40.0,Nefas - Silk Lafto,1.0,150.0,38.71525280229387,8.937081370336346,0,1,41,132,204,284,72.0,474.0,1590.0,3313.0,5755.0,8450.0
51020.0,100.0,Nefas - Silk Lafto,1.0,150.0,38.71525280229387,8.937081370336346,0,1,41,132,204,284,72.0,474.0,1590.0,3313.0,5755.0,8450.0
50100.0,80.0,Nefas - Silk Lafto,1.0,150.0,38.71525280229387,8.937081370336346,0,1,41,132,204,284,72.0,474.0,1590.0,3313.0,5755.0,8450.0
37590.0,100.0,Nefas - Silk Lafto,1.0,150.0,38.71525280229387,8.937081370336346,0,1,41,132,204,284,72.0,474.0,1590.0,3313.0,5755.0,8450.0
46958.0,100.0,Nefas - Silk Lafto,1.0,150.0,38.71525280229387,8.937081370336346,0,1,41,132,204,284,72.0,474.0,1590.0,3313.0,5755.0,8450.0
66650.0,40.0,Nefas - Silk Lafto,1.0,150.0,38.71525280229387,8.937081370336346,0,1,41,132,204,284,72.0,474.0,1590.0,3313.0,5755.0,8450.0
38457.63,100.0,Nefas - Silk Lafto,1.0,150.0,38.71525280229387,8.937081370336346,0,1,41,132,204,284,72.0,474.0,1590.0,3313.0,5755.0,8450.0
82500.0,50.0,Nefas - Silk Lafto,1.0,150.0,38.71525280229387,8.937081370336346,0,1,41,132,204,284,72.0,474.0,1590.0,3313.0,5755.0,8450.0
47721.21,100.0,Nefas - Silk Lafto,1.0,150.0,38.71525280229387,8.937081370336346,0,1,41,132,204,284,72.0,474.0,1590.0,3313.0,5755.0,8450.0
26666.66,75.0,Nefas - Silk Lafto,1.0,150.0,38.71525280229387,8.937081370336346,0,1,41,132,204,284,72.0,474.0,1590.0,3313.0,5755.0,8450.0
50199.6,100.0,Nefas - Silk Lafto,1.0,134.0,38.71525280229387,8.937081370336346,0,1,41,132,204,284,72.0,474.0,1590.0,3313.0,5755.0,8450.0
72560.0,40.0,Nefas - Silk Lafto,1.0,134.0,38.71525280229387,8.937081370336346,0,1,41,132,204,284,72.0,474.0,1590.0,3313.0,5755.0,8450.0
52077.0,80.0,Nefas - Silk Lafto,1.0,134.0,38.71525280229387,8.937081370336346,0,1,41,132,204,284,72.0,474.0,1590.0,3313.0,5755.0,8450.0
55000.0,50.0,Nefas - Silk Lafto,1.0,230.0,38.71525280229387,8.937081370336346,0,1,41,132,204,284,72.0,474.0,1590.0,3313.0,5755.0,8450.0
40530.0,40.0,Nefas - Silk Lafto,1.0,230.0,38.71525280229387,8.937081370336346,0,1,41,132,204,284,72.0,474.0,1590.0,3313.0,5755.0,8450.0
30003.0,51.0,Nefas - Silk Lafto,1.0,230.0,38.71525280229387,8.937081370336346,0,1,41,132,204,284,72.0,474.0,1590.0,3313.0,5755.0,8450.0
52133.0,65.0,Nefas - Silk Lafto,1.0,219.0,38.71525280229387,8.937081370336346,0,1,41,132,204,284,72.0,474.0,1590.0,3313.0,5755.0,8450.0
37500.0,100.0,Nefas - Silk Lafto,1.0,219.0,38.71525280229387,8.937081370336346,0,1,41,132,204,284,72.0,474.0,1590.0,3313.0,5755.0,8450.0
35000.0,80.0,Nefas - Silk Lafto,1.0,219.0,38.71525280229387,8.937081370336346,0,1,41,132,204,284,72.0,474.0,1590.0,3313.0,5755.0,8450.0
46680.0,100.0,Nefas - Silk Lafto,1.0,150.0,38.71525280229387,8.937081370336346,0,1,41,132,204,284,72.0,474.0,1590.0,3313.0,5755.0,8450.0
21000.0,65.0,Nefas - Silk Lafto,1.0,150.0,38.71525280229387,8.937081370336346,0,1,41,132,204,284,72.0,474.0,1590.0,3313.0,5755.0,8450.0
21200.0,40.0,Nefas - Silk Lafto,1.0,150.0,38.71525280229387,8.937081370336346,0,1,41,132,204,284,72.0,474.0,1590.0,3313.0,5755.0,8450.0
114640.0,40.0,Nefas - Silk Lafto,1.0,150.0,38.71525280229387,8.937081370336346,0,1,41,132,204,284,72.0,474.0,1590.0,3313.0,5755.0,8450.0
71550.0,65.0,Nefas - Silk Lafto,1.0,150.0,38.71525280229387,8.937081370336346,0,1,41,132,204,284,72.0,474.0,1590.0,3313.0,5755.0,8450.0
42100.0,100.0,Nefas - Silk Lafto,1.0,150.0,38.71525280229387,8.937081370336346,0,1,41,132,204,284,72.0,474.0,1590.0,3313.0,5755.0,8450.0
86668.0,50.0,Nefas - Silk Lafto,1.0,150.0,38.71525280229387,8.937081370336346,0,1,41,132,204,284,72.0,474.0,1590.0,3313.0,5755.0,8450.0
42710.6,100.0,Nefas - Silk Lafto,1.0,150.0,38.71525280229387,8.937081370336346,0,1,41,132,204,284,72.0,474.0,1590.0,3313.0,5755.0,8450.0
42010.0,70.0,Nefas - Silk Lafto,1.0,150.0,38.71525280229387,8.937081370336346,0,1,41,132,204,284,72.0,474.0,1590.0,3313.0,5755.0,8450.0
84440.0,60.0,Nefas - Silk Lafto,1.0,150.0,38.71525280229387,8.937081370336346,0,1,41,132,204,284,72.0,474.0,1590.0,3313.0,5755.0,8450.0
81000.0,61.0,Nefas - Silk Lafto,1.0,150.0,38.71525280229387,8.937081370336346,0,1,41,132,204,284,72.0,474.0,1590.0,3313.0,5755.0,8450.0
81077.0,42.0,Nefas - Silk Lafto,1.0,150.0,38.71525280229387,8.937081370336346,0,1,41,132,204,284,72.0,474.0,1590.0,3313.0,5755.0,8450.0
41555.0,100.0,Nefas - Silk Lafto,1.0,172.0,38.71525280229387,8.937081370336346,0,1,41,132,204,284,72.0,474.0,1590.0,3313.0,5755.0,8450.0
39534.88,100.0,Nefas - Silk Lafto,1.0,172.0,38.71525280229387,8.937081370336346,0,1,41,132,204,284,72.0,474.0,1590.0,3313.0,5755.0,8450.0
38457.63,100.0,Nefas - Silk Lafto,1.0,172.0,38.71525280229387,8.937081370336346,0,1,41,132,204,284,72.0,474.0,1590.0,3313.0,5755.0,8450.0
65023.27,100.0,Nefas - Silk Lafto,1.0,145.0,38.71525280229387,8.937081370336346,0,1,41,132,204,284,72.0,474.0,1590.0,3313.0,5755.0,8450.0
56600.0,100.0,Nefas - Silk Lafto,1.0,145.0,38.71525280229387,8.937081370336346,0,1,41,132,204,284,72.0,474.0,1590.0,3313.0,5755.0,8450.0
43760.0,100.0,Nefas - Silk Lafto,1.0,145.0,38.71525280229387,8.937081370336346,0,1,41,132,204,284,72.0,474.0,1590.0,3313.0,5755.0,8450.0
35703.0,100.0,Nefas - Silk Lafto,1.0,242.0,38.71525280229387,8.937081370336346,0,1,41,132,204,284,72.0,474.0,1590.0,3313.0,5755.0,8450.0
34556.0,100.0,Nefas - Silk Lafto,1.0,242.0,38.71525280229387,8.937081370336346,0,1,41,132,204,284,72.0,474.0,1590.0,3313.0,5755.0,8450.0
55550.5,40.0,Nefas - Silk Lafto,1.0,242.0,38.71525280229387,8.937081370336346,0,1,41,132,204,284,72.0,474.0,1590.0,3313.0,5755.0,8450.0
43460.0,100.0,Nefas - Silk Lafto,1.0,237.0,38.71525280229387,8.937081370336346,0,1,41,132,204,284,72.0,474.0,1590.0,3313.0,5755.0,8450.0
42800.0,100.0,Nefas - Silk Lafto,1.0,237.0,38.71525280229387,8.937081370336346,0,1,41,132,204,284,72.0,474.0,1590.0,3313.0,5755.0,8450.0
42300.0,100.0,Nefas - Silk Lafto,1.0,237.0,38.71525280229387,8.937081370336346,0,1,41,132,204,284,72.0,474.0,1590.0,3313.0,5755.0,8450.0
101111.0,40.0,Nefas - Silk Lafto,1.0,156.0,38.71525280229387,8.937081370336346,0,1,41,132,204,284,72.0,474.0,1590.0,3313.0,5755.0,8450.0
46191.0,100.0,Nefas - Silk Lafto,1.0,156.0,38.71525280229387,8.937081370336346,0,1,41,132,204,284,72.0,474.0,1590.0,3313.0,5755.0,8450.0
45003.0,100.0,Nefas - Silk Lafto,1.0,156.0,38.71525280229387,8.937081370336346,0,1,41,132,204,284,72.0,474.0,1590.0,3313.0,5755.0,8450.0
46678.0,100.0,Nefas - Silk Lafto,1.0,150.0,38.71525280229387,8.937081370336346,0,1,41,132,204,284,72.0,474.0,1590.0,3313.0,5755.0,8450.0
55447.0,40.0,Nefas - Silk Lafto,1.0,150.0,38.71525280229387,8.937081370336346,0,1,41,132,204,284,72.0,474.0,1590.0,3313.0,5755.0,8450.0
31857.0,100.0,Nefas - Silk Lafto,1.0,150.0,38.71525280229387,8.937081370336346,0,1,41,132,204,284,72.0,474.0,1590.0,3313.0,5755.0,8450.0
61120.0,40.0,Nefas - Silk Lafto,1.0,150.0,38.71525280229387,8.937081370336346,0,1,41,132,204,284,72.0,474.0,1590.0,3313.0,5755.0,8450.0
43157.0,40.0,Nefas - Silk Lafto,1.0,150.0,38.71525280229387,8.937081370336346,0,1,41,132,204,284,72.0,474.0,1590.0,3313.0,5755.0,8450.0
33300.0,50.0,Nefas - Silk Lafto,1.0,150.0,38.71525280229387,8.937081370336346,0,1,41,132,204,284,72.0,474.0,1590.0,3313.0,5755.0,8450.0
36000.0,100.0,Nefas - Silk Lafto,1.0,281.0,38.71525280229387,8.937081370336346,0,1,41,132,204,284,72.0,474.0,1590.0,3313.0,5755.0,8450.0
40533.0,75.0,Nefas - Silk Lafto,1.0,281.0,38.71525280229387,8.937081370336346,0,1,41,132,204,284,72.0,474.0,1590.0,3313.0,5755.0,8450.0
45151.0,40.0,Nefas - Silk Lafto,1.0,281.0,38.71525280229387,8.937081370336346,0,1,41,132,204,284,72.0,474.0,1590.0,3313.0,5755.0,8450.0
46876.56,100.0,Nefas - Silk Lafto,1.0,150.0,38.71525280229387,8.937081370336346,0,1,41,132,204,284,72.0,474.0,1590.0,3313.0,5755.0,8450.0
41167.0,100.0,Nefas - Silk Lafto,1.0,150.0,38.71525280229387,8.937081370336346,0,1,41,132,204,284,72.0,474.0,1590.0,3313.0,5755.0,8450.0
27777.0,100.0,Nefas - Silk Lafto,1.0,150.0,38.71525280229387,8.937081370336346,0,1,41,132,204,284,72.0,474.0,1590.0,3313.0,5755.0,8450.0
72350.0,60.0,Nefas - Silk Lafto,1.0,214.0,38.71525280229387,8.937081370336346,0,1,41,132,204,284,72.0,474.0,1590.0,3313.0,5755.0,8450.0
48000.5,100.0,Nefas - Silk Lafto,1.0,214.0,38.71525280229387,8.937081370336346,0,1,41,132,204,284,72.0,474.0,1590.0,3313.0,5755.0,8450.0
62196.0,70.0,Nefas - Silk Lafto,1.0,214.0,38.71525280229387,8.937081370336346,0,1,41,132,204,284,72.0,474.0,1590.0,3313.0,5755.0,8450.0
100150.0,40.0,Nefas - Silk Lafto,1.0,150.0,38.71525280229387,8.937081370336346,0,1,41,132,204,284,72.0,474.0,1590.0,3313.0,5755.0,8450.0
45050.0,100.0,Nefas - Silk Lafto,1.0,150.0,38.71525280229387,8.937081370336346,0,1,41,132,204,284,72.0,474.0,1590.0,3313.0,5755.0,8450.0
54699.0,40.0,Nefas - Silk Lafto,1.0,150.0,38.71525280229387,8.937081370336346,0,1,41,132,204,284,72.0,474.0,1590.0,3313.0,5755.0,8450.0
61150.0,100.0,Nefas - Silk Lafto,1.0,190.0,38.71525280229387,8.937081370336346,0,1,41,132,204,284,72.0,474.0,1590.0,3313.0,5755.0,8450.0
65150.0,45.0,Nefas - Silk Lafto,1.0,190.0,38.71525280229387,8.937081370336346,0,1,41,132,204,284,72.0,474.0,1590.0,3313.0,5755.0,8450.0
35590.0,100.0,Nefas - Silk Lafto,1.0,190.0,38.71525280229387,8.937081370336346,0,1,41,132,204,284,72.0,474.0,1590.0,3313.0,5755.0,8450.0
41170.0,100.0,Nefas - Silk Lafto,1.0,150.0,38.71525280229387,8.937081370336346,0,1,41,132,204,284,72.0,474.0,1590.0,3313.0,5755.0,8450.0
38333.33,100.0,Nefas - Silk Lafto,1.0,150.0,38.71525280229387,8.937081370336346,0,1,41,132,204,284,72.0,474.0,1590.0,3313.0,5755.0,8450.0
51201.0,50.0,Nefas - Silk Lafto,1.0,150.0,38.71525280229387,8.937081370336346,0,1,41,132,204,284,72.0,474.0,1590.0,3313.0,5755.0,8450.0
75200.0,60.0,Nefas - Silk Lafto,1.0,164.0,38.71525280229387,8.937081370336346,0,1,41,132,204,284,72.0,474.0,1590.0,3313.0,5755.0,8450.0
46000.0,100.0,Nefas - Silk Lafto,1.0,164.0,38.71525280229387,8.937081370336346,0,1,41,132,204,284,72.0,474.0,1590.0,3313.0,5755.0,8450.0
43150.0,100.0,Nefas - Silk Lafto,1.0,164.0,38.71525280229387,8.937081370336346,0,1,41,132,204,284,72.0,474.0,1590.0,3313.0,5755.0,8450.0
70800.0,90.0,Nefas - Silk Lafto,1.0,150.0,38.71525280229387,8.937081370336346,0,1,41,132,204,284,72.0,474.0,1590.0,3313.0,5755.0,8450.0
43150.0,100.0,Nefas - Silk Lafto,1.0,150.0,38.71525280229387,8.937081370336346,0,1,41,132,204,284,72.0,474.0,1590.0,3313.0,5755.0,8450.0
71104.43,60.0,Nefas - Silk Lafto,1.0,150.0,38.71525280229387,8.937081370336346,0,1,41,132,204,284,72.0,474.0,1590.0,3313.0,5755.0,8450.0
75663.0,70.0,Nefas - Silk Lafto,1.0,146.0,38.71525280229387,8.937081370336346,0,1,41,132,204,284,72.0,474.0,1590.0,3313.0,5755.0,8450.0
50000.0,100.0,Nefas - Silk Lafto,1.0,146.0,38.71525280229387,8.937081370336346,0,1,41,132,204,284,72.0,474.0,1590.0,3313.0,5755.0,8450.0
49150.0,85.0,Nefas - Silk Lafto,1.0,146.0,38.71525280229387,8.937081370336346,0,1,41,132,204,284,72.0,474.0,1590.0,3313.0,5755.0,8450.0
57900.0,100.0,Nefas - Silk Lafto,1.0,261.0,38.71525280229387,8.937081370336346,0,1,41,132,204,284,72.0,474.0,1590.0,3313.0,5755.0,8450.0
52150.0,100.0,Nefas - Silk Lafto,1.0,261.0,38.71525280229387,8.937081370336346,0,1,41,132,204,284,72.0,474.0,1590.0,3313.0,5755.0,8450.0
50000.0,100.0,Nefas - Silk Lafto,1.0,261.0,38.71525280229387,8.937081370336346,0,1,41,132,204,284,72.0,474.0,1590.0,3313.0,5755.0,8450.0
75340.0,70.0,Nefas - Silk Lafto,1.0,164.0,38.71525280229387,8.937081370336346,0,1,41,132,204,284,72.0,474.0,1590.0,3313.0,5755.0,8450.0
55119.21,100.0,Nefas - Silk Lafto,1.0,164.0,38.71525280229387,8.937081370336346,0,1,41,132,204,284,72.0,474.0,1590.0,3313.0,5755.0,8450.0
72000.0,40.0,Nefas - Silk Lafto,1.0,164.0,38.71525280229387,8.937081370336346,0,1,41,132,204,284,72.0,474.0,1590.0,3313.0,5755.0,8450.0
50120.0,100.0,Nefas - Silk Lafto,1.0,430.0,38.71525280229387,8.937081370336346,0,1,41,132,204,284,72.0,474.0,1590.0,3313.0,5755.0,8450.0
65600.0,50.0,Nefas - Silk Lafto,1.0,430.0,38.71525280229387,8.937081370336346,0,1,41,132,204,284,72.0,474.0,1590.0,3313.0,5755.0,8450.0
61110.0,51.0,Nefas - Silk Lafto,1.0,430.0,38.71525280229387,8.937081370336346,0,1,41,132,204,284,72.0,474.0,1590.0,3313.0,5755.0,8450.0
31270.0,100.0,Nefas - Silk Lafto,1.0,227.0,38.71525280229387,8.937081370336346,0,1,41,132,204,284,72.0,474.0,1590.0,3313.0,5755.0,8450.0
31000.0,100.0,Nefas - Silk Lafto,1.0,227.0,38.71525280229387,8.937081370336346,0,1,41,132,204,284,72.0,474.0,1590.0,3313.0,5755.0,8450.0
30000.0,100.0,Nefas - Silk Lafto,1.0,227.0,38.71525280229387,8.937081370336346,0,1,41,132,204,284,72.0,474.0,1590.0,3313.0,5755.0,8450.0
34000.0,100.0,Nefas - Silk Lafto,1.0,227.0,38.71525280229387,8.937081370336346,0,1,41,132,204,284,72.0,474.0,1590.0,3313.0,5755.0,8450.0
21000.0,100.0,Nefas - Silk Lafto,1.0,227.0,38.71525280229387,8.937081370336346,0,1,41,132,204,284,72.0,474.0,1590.0,3313.0,5755.0,8450.0
10350.0,100.0,Nefas - Silk Lafto,1.0,227.0,38.71525280229387,8.937081370336346,0,1,41,132,204,284,72.0,474.0,1590.0,3313.0,5755.0,8450.0
124200.0,40.0,Nefas - Silk Lafto,1.0,250.0,38.71525280229387,8.937081370336346,0,1,41,132,204,284,72.0,474.0,1590.0,3313.0,5755.0,8450.0
41101.0,100.0,Nefas - Silk Lafto,1.0,250.0,38.71525280229387,8.937081370336346,0,1,41,132,204,284,72.0,474.0,1590.0,3313.0,5755.0,8450.0
36300.0,100.0,Nefas - Silk Lafto,1.0,250.0,38.71525280229387,8.937081370336346,0,1,41,132,204,284,72.0,474.0,1590.0,3313.0,5755.0,8450.0
51199.0,60.0,Nefas - Silk Lafto,1.0,250.0,38.71525280229387,8.937081370336346,0,1,41,132,204,284,72.0,474.0,1590.0,3313.0,5755.0,8450.0
21205.0,62.0,Nefas - Silk Lafto,1.0,250.0,38.71525280229387,8.937081370336346,0,1,41,132,204,284,72.0,474.0,1590.0,3313.0,5755.0,8450.0
21171.0,40.0,Nefas - Silk Lafto,1.0,250.0,38.71525280229387,8.937081370336346,0,1,41,132,204,284,72.0,474.0,1590.0,3313.0,5755.0,8450.0
42200.0,100.0,Nefas - Silk Lafto,1.0,250.0,38.71525280229387,8.937081370336346,0,1,41,132,204,284,72.0,474.0,1590.0,3313.0,5755.0,8450.0
37289.3,100.0,Nefas - Silk Lafto,1.0,250.0,38.71525280229387,8.937081370336346,0,1,41,132,204,284,72.0,474.0,1590.0,3313.0,5755.0,8450.0
41027.0,80.0,Nefas - Silk Lafto,1.0,250.0,38.71525280229387,8.937081370336346,0,1,41,132,204,284,72.0,474.0,1590.0,3313.0,5755.0,8450.0
41101.0,100.0,Nefas - Silk Lafto,1.0,250.0,38.71525280229387,8.937081370336346,0,1,41,132,204,284,72.0,474.0,1590.0,3313.0,5755.0,8450.0
61002.4,40.0,Nefas - Silk Lafto,1.0,250.0,38.71525280229387,8.937081370336346,0,1,41,132,204,284,72.0,474.0,1590.0,3313.0,5755.0,8450.0
51019.0,60.0,Nefas - Silk Lafto,1.0,250.0,38.71525280229387,8.937081370336346,0,1,41,132,204,284,72.0,474.0,1590.0,3313.0,5755.0,8450.0
50000.0,80.0,Nefas - Silk Lafto,1.0,250.0,38.71525280229387,8.937081370336346,0,1,41,132,204,284,72.0,474.0,1590.0,3313.0,5755.0,8450.0
39520.3,100.0,Nefas - Silk Lafto,1.0,250.0,38.71525280229387,8.937081370336346,0,1,41,132,204,284,72.0,474.0,1590.0,3313.0,5755.0,8450.0
64000.0,65.0,Nefas - Silk Lafto,1.0,250.0,38.71525280229387,8.937081370336346,0,1,41,132,204,284,72.0,474.0,1590.0,3313.0,5755.0,8450.0
35800.0,100.0,Nefas - Silk Lafto,1.0,250.0,38.71525280229387,8.937081370336346,0,1,41,132,204,284,72.0,474.0,1590.0,3313.0,5755.0,8450.0
31555.0,100.0,Nefas - Silk Lafto,1.0,250.0,38.71525280229387,8.937081370336346,0,1,41,132,204,284,72.0,474.0,1590.0,3313.0,5755.0,8450.0
41101.0,100.0,Nefas - Silk Lafto,1.0,250.0,38.71525280229387,8.937081370336346,0,1,41,132,204,284,72.0,474.0,1590.0,3313.0,5755.0,8450.0
41050.0,100.0,Nefas - Silk Lafto,1.0,250.0,38.71525280229387,8.937081370336346,0,1,41,132,204,284,72.0,474.0,1590.0,3313.0,5755.0,8450.0
38800.0,100.0,Nefas - Silk Lafto,1.0,250.0,38.71525280229387,8.937081370336346,0,1,41,132,204,284,72.0,474.0,1590.0,3313.0,5755.0,8450.0
38000.0,100.0,Nefas - Silk Lafto,1.0,250.0,38.71525280229387,8.937081370336346,0,1,41,132,204,284,72.0,474.0,1590.0,3313.0,5755.0,8450.0
32618.21,100.0,Nefas - Silk Lafto,1.0,250.0,38.71525280229387,8.937081370336346,0,1,41,132,204,284,72.0,474.0,1590.0,3313.0,5755.0,8450.0
36000.0,71.2,Nefas - Silk Lafto,1.0,250.0,38.71525280229387,8.937081370336346,0,1,41,132,204,284,72.0,474.0,1590.0,3313.0,5755.0,8450.0
50320.0,100.0,Nefas - Silk Lafto,1.0,250.0,38.71525280229387,8.937081370336346,0,1,41,132,204,284,72.0,474.0,1590.0,3313.0,5755.0,8450.0
68444.0,40.0,Nefas - Silk Lafto,1.0,250.0,38.71525280229387,8.937081370336346,0,1,41,132,204,284,72.0,474.0,1590.0,3313.0,5755.0,8450.0
33200.0,100.0,Nefas - Silk Lafto,1.0,250.0,38.71525280229387,8.937081370336346,0,1,41,132,204,284,72.0,474.0,1590.0,3313.0,5755.0,8450.0
44000.0,100.0,Nefas - Silk Lafto,1.0,250.0,38.71525280229387,8.937081370336346,0,1,41,132,204,284,72.0,474.0,1590.0,3313.0,5755.0,8450.0
39230.5,100.0,Nefas - Silk Lafto,1.0,250.0,38.71525280229387,8.937081370336346,0,1,41,132,204,284,72.0,474.0,1590.0,3313.0,5755.0,8450.0
50050.0,60.0,Nefas - Silk Lafto,1.0,250.0,38.71525280229387,8.937081370336346,0,1,41,132,204,284,72.0,474.0,1590.0,3313.0,5755.0,8450.0
51000.0,51.0,Nefas - Silk Lafto,1.0,250.0,38.71525280229387,8.937081370336346,0,1,41,132,204,284,72.0,474.0,1590.0,3313.0,5755.0,8450.0
30120.0,100.0,Nefas - Silk Lafto,1.0,250.0,38.71525280229387,8.937081370336346,0,1,41,132,204,284,72.0,474.0,1590.0,3313.0,5755.0,8450.0
26500.0,100.0,Nefas - Silk Lafto,1.0,250.0,38.71525280229387,8.937081370336346,0,1,41,132,204,284,72.0,474.0,1590.0,3313.0,5755.0,8450.0
84000.0,100.0,Nefas - Silk Lafto,1.0,250.0,38.71525280229387,8.937081370336346,0,1,41,132,204,284,72.0,474.0,1590.0,3313.0,5755.0,8450.0
41101.0,100.0,Nefas - Silk Lafto,1.0,250.0,38.71525280229387,8.937081370336346,0,1,41,132,204,284,72.0,474.0,1590.0,3313.0,5755.0,8450.0
63150.0,48.0,Nefas - Silk Lafto,1.0,250.0,38.71525280229387,8.937081370336346,0,1,41,132,204,284,72.0,474.0,1590.0,3313.0,5755.0,8450.0
36050.0,100.0,Nefas - Silk Lafto,1.0,250.0,38.71525280229387,8.937081370336346,0,1,41,132,204,284,72.0,474.0,1590.0,3313.0,5755.0,8450.0
32000.0,100.0,Nefas - Silk Lafto,1.0,250.0,38.71525280229387,8.937081370336346,0,1,41,132,204,284,72.0,474.0,1590.0,3313.0,5755.0,8450.0
27100.0,100.0,Nefas - Silk Lafto,1.0,250.0,38.71525280229387,8.937081370336346,0,1,41,132,204,284,72.0,474.0,1590.0,3313.0,5755.0,8450.0
41888.0,46.0,Nefas - Silk Lafto,1.0,240.0,38.71525280229387,8.937081370336346,0,1,41,132,204,284,72.0,474.0,1590.0,3313.0,5755.0,8450.0
37100.0,40.0,Nefas - Silk Lafto,1.0,240.0,38.71525280229387,8.937081370336346,0,1,41,132,204,284,72.0,474.0,1590.0,3313.0,5755.0,8450.0
31000.0,50.0,Nefas - Silk Lafto,1.0,240.0,38.71525280229387,8.937081370336346,0,1,41,132,204,284,72.0,474.0,1590.0,3313.0,5755.0,8450.0
73199.0,100.0,Kolfe Keranyo,7.0,96.0,38.682952902214105,9.007266440069444,5,20,41,73,143,268,301.0,980.0,2790.0,4678.0,7413.0,10417.0
121121.21,40.0,Kolfe Keranyo,7.0,96.0,38.682952902214105,9.007266440069444,5,20,41,73,143,268,301.0,980.0,2790.0,4678.0,7413.0,10417.0
70110.0,100.0,Kolfe Keranyo,7.0,96.0,38.682952902214105,9.007266440069444,5,20,41,73,143,268,301.0,980.0,2790.0,4678.0,7413.0,10417.0
81099.0,100.0,Kolfe Keranyo,4.0,206.0,38.6827559088353,8.993163079818315,3,11,69,81,145,300,200.0,709.0,2850.0,5041.0,7329.0,10181.0
66500.0,100.0,Kolfe Keranyo,4.0,206.0,38.6827559088353,8.993163079818315,3,11,69,81,145,300,200.0,709.0,2850.0,5041.0,7329.0,10181.0
56266.0,100.0,Kolfe Keranyo,4.0,206.0,38.6827559088353,8.993163079818315,3,11,69,81,145,300,200.0,709.0,2850.0,5041.0,7329.0,10181.0
72215.0,100.0,Kolfe Keranyo,4.0,199.0,38.6827559088353,8.993163079818315,3,11,69,81,145,300,200.0,709.0,2850.0,5041.0,7329.0,10181.0
65636.6,100.0,Kolfe Keranyo,4.0,199.0,38.6827559088353,8.993163079818315,3,11,69,81,145,300,200.0,709.0,2850.0,5041.0,7329.0,10181.0
63000.0,100.0,Kolfe Keranyo,4.0,199.0,38.6827559088353,8.993163079818315,3,11,69,81,145,300,200.0,709.0,2850.0,5041.0,7329.0,10181.0
66501.0,100.0,Kolfe Keranyo,7.0,106.0,38.682952902214105,9.007266440069444,5,20,41,73,143,268,301.0,980.0,2790.0,4678.0,7413.0,10417.0
58374.52,100.0,Kolfe Keranyo,7.0,106.0,38.682952902214105,9.007266440069444,5,20,41,73,143,268,301.0,980.0,2790.0,4678.0,7413.0,10417.0
67500.0,75.5,Kolfe Keranyo,7.0,106.0,38.682952902214105,9.007266440069444,5,20,41,73,143,268,301.0,980.0,2790.0,4678.0,7413.0,10417.0
76100.0,100.0,Kolfe Keranyo,7.0,184.0,38.682952902214105,9.007266440069444,5,20,41,73,143,268,301.0,980.0,2790.0,4678.0,7413.0,10417.0
73700.0,100.0,Kolfe Keranyo,7.0,184.0,38.682952902214105,9.007266440069444,5,20,41,73,143,268,301.0,980.0,2790.0,4678.0,7413.0,10417.0
65155.0,100.0,Kolfe Keranyo,7.0,184.0,38.682952902214105,9.007266440069444,5,20,41,73,143,268,301.0,980.0,2790.0,4678.0,7413.0,10417.0
74520.0,100.0,Kolfe Keranyo,7.0,130.0,38.682952902214105,9.007266440069444,5,20,41,73,143,268,301.0,980.0,2790.0,4678.0,7413.0,10417.0
72999.0,100.0,Kolfe Keranyo,7.0,130.0,38.682952902214105,9.007266440069444,5,20,41,73,143,268,301.0,980.0,2790.0,4678.0,7413.0,10417.0
70150.0,100.0,Kolfe Keranyo,7.0,130.0,38.682952902214105,9.007266440069444,5,20,41,73,143,268,301.0,980.0,2790.0,4678.0,7413.0,10417.0
61000.0,100.0,Kolfe Keranyo,8.0,200.0,38.68911980443161,9.02104573484426,0,1,34,92,193,365,148.0,455.0,2403.0,4830.0,7668.0,11469.0
59990.0,100.0,Kolfe Keranyo,8.0,200.0,38.68911980443161,9.02104573484426,0,1,34,92,193,365,148.0,455.0,2403.0,4830.0,7668.0,11469.0
60500.0,90.0,Kolfe Keranyo,8.0,200.0,38.68911980443161,9.02104573484426,0,1,34,92,193,365,148.0,455.0,2403.0,4830.0,7668.0,11469.0
79000.0,80.0,Kolfe Keranyo,8.0,150.0,38.68911980443161,9.02104573484426,0,1,34,92,193,365,148.0,455.0,2403.0,4830.0,7668.0,11469.0
54289.0,100.0,Kolfe Keranyo,8.0,150.0,38.68911980443161,9.02104573484426,0,1,34,92,193,365,148.0,455.0,2403.0,4830.0,7668.0,11469.0
52150.0,100.0,Kolfe Keranyo,8.0,150.0,38.68911980443161,9.02104573484426,0,1,34,92,193,365,148.0,455.0,2403.0,4830.0,7668.0,11469.0
91500.0,67.0,Kolfe Keranyo,8.0,151.0,38.68911980443161,9.02104573484426,0,1,34,92,193,365,148.0,455.0,2403.0,4830.0,7668.0,11469.0
52150.0,100.0,Kolfe Keranyo,8.0,151.0,38.68911980443161,9.02104573484426,0,1,34,92,193,365,148.0,455.0,2403.0,4830.0,7668.0,11469.0
50000.0,100.0,Kolfe Keranyo,8.0,151.0,38.68911980443161,9.02104573484426,0,1,34,92,193,365,148.0,455.0,2403.0,4830.0,7668.0,11469.0
32105.0,100.0,Kolfe Keranyo,11.0,338.0,38.69151415483088,9.03730402006131,1,5,22,67,199,365,175.0,594.0,1835.0,4269.0,7526.0,11036.0
23770.0,100.0,Kolfe Keranyo,11.0,338.0,38.69151415483088,9.03730402006131,1,5,22,67,199,365,175.0,594.0,1835.0,4269.0,7526.0,11036.0
13011.99,100.0,Kolfe Keranyo,11.0,338.0,38.69151415483088,9.03730402006131,1,5,22,67,199,365,175.0,594.0,1835.0,4269.0,7526.0,11036.0
34550.0,100.0,Kolfe Keranyo,4.0,165.0,38.6827559088353,8.993163079818315,3,11,69,81,145,300,200.0,709.0,2850.0,5041.0,7329.0,10181.0
25500.0,100.0,Kolfe Keranyo,4.0,165.0,38.6827559088353,8.993163079818315,3,11,69,81,145,300,200.0,709.0,2850.0,5041.0,7329.0,10181.0
21500.0,100.0,Kolfe Keranyo,4.0,165.0,38.6827559088353,8.993163079818315,3,11,69,81,145,300,200.0,709.0,2850.0,5041.0,7329.0,10181.0
37555.0,100.0,Kolfe Keranyo,4.0,172.0,38.6827559088353,8.993163079818315,3,11,69,81,145,300,200.0,709.0,2850.0,5041.0,7329.0,10181.0
45114.0,40.0,Kolfe Keranyo,4.0,172.0,38.6827559088353,8.993163079818315,3,11,69,81,145,300,200.0,709.0,2850.0,5041.0,7329.0,10181.0
26150.0,100.0,Kolfe Keranyo,4.0,172.0,38.6827559088353,8.993163079818315,3,11,69,81,145,300,200.0,709.0,2850.0,5041.0,7329.0,10181.0
47175.0,100.0,Kolfe Keranyo,4.0,176.0,38.6827559088353,8.993163079818315,3,11,69,81,145,300,200.0,709.0,2850.0,5041.0,7329.0,10181.0
35110.0,100.0,Kolfe Keranyo,4.0,176.0,38.6827559088353,8.993163079818315,3,11,69,81,145,300,200.0,709.0,2850.0,5041.0,7329.0,10181.0
35100.0,100.0,Kolfe Keranyo,4.0,176.0,38.6827559088353,8.993163079818315,3,11,69,81,145,300,200.0,709.0,2850.0,5041.0,7329.0,10181.0
55050.0,100.0,Kolfe Keranyo,4.0,173.0,38.6827559088353,8.993163079818315,3,11,69,81,145,300,200.0,709.0,2850.0,5041.0,7329.0,10181.0
54000.0,80.0,Kolfe Keranyo,4.0,173.0,38.6827559088353,8.993163079818315,3,11,69,81,145,300,200.0,709.0,2850.0,5041.0,7329.0,10181.0
40500.0,70.0,Kolfe Keranyo,4.0,173.0,38.6827559088353,8.993163079818315,3,11,69,81,145,300,200.0,709.0,2850.0,5041.0,7329.0,10181.0
52700.0,100.0,Kolfe Keranyo,5.0,152.0,38.70133998874034,8.99109133083579,0,20,69,157,325,630,137.0,567.0,2418.0,4865.0,8440.0,12430.0
35130.0,100.0,Kolfe Keranyo,5.0,152.0,38.70133998874034,8.99109133083579,0,20,69,157,325,630,137.0,567.0,2418.0,4865.0,8440.0,12430.0
56612.0,40.0,Kolfe Keranyo,5.0,152.0,38.70133998874034,8.99109133083579,0,20,69,157,325,630,137.0,567.0,2418.0,4865.0,8440.0,12430.0
81000.0,70.0,Kolfe Keranyo,5.0,155.0,38.70133998874034,8.99109133083579,0,20,69,157,325,630,137.0,567.0,2418.0,4865.0,8440.0,12430.0
59741.0,100.0,Kolfe Keranyo,5.0,155.0,38.70133998874034,8.99109133083579,0,20,69,157,325,630,137.0,567.0,2418.0,4865.0,8440.0,12430.0
52700.0,100.0,Kolfe Keranyo,5.0,155.0,38.70133998874034,8.99109133083579,0,20,69,157,325,630,137.0,567.0,2418.0,4865.0,8440.0,12430.0
63200.0,100.0,Kolfe Keranyo,7.0,206.0,38.682952902214105,9.007266440069444,5,20,41,73,143,268,301.0,980.0,2790.0,4678.0,7413.0,10417.0
73898.0,68.0,Kolfe Keranyo,7.0,206.0,38.682952902214105,9.007266440069444,5,20,41,73,143,268,301.0,980.0,2790.0,4678.0,7413.0,10417.0
58000.0,100.0,Kolfe Keranyo,7.0,206.0,38.682952902214105,9.007266440069444,5,20,41,73,143,268,301.0,980.0,2790.0,4678.0,7413.0,10417.0
85821.0,100.0,Kolfe Keranyo,7.0,134.0,38.682952902214105,9.007266440069444,5,20,41,73,143,268,301.0,980.0,2790.0,4678.0,7413.0,10417.0
72999.0,100.0,Kolfe Keranyo,7.0,134.0,38.682952902214105,9.007266440069444,5,20,41,73,143,268,301.0,980.0,2790.0,4678.0,7413.0,10417.0
68000.0,100.0,Kolfe Keranyo,7.0,134.0,38.682952902214105,9.007266440069444,5,20,41,73,143,268,301.0,980.0,2790.0,4678.0,7413.0,10417.0
75019.0,100.0,Gulele,7.0,174.0,38.73876325393147,9.070532817420135,2,9,41,162,313,615,181.0,563.0,1646.0,3095.0,4875.0,7364.0
83820.0,66.0,Gulele,7.0,174.0,38.73876325393147,9.070532817420135,2,9,41,162,313,615,181.0,563.0,1646.0,3095.0,4875.0,7364.0
85000.0,55.0,Gulele,7.0,174.0,38.73876325393147,9.070532817420135,2,9,41,162,313,615,181.0,563.0,1646.0,3095.0,4875.0,7364.0
50000.0,70.0,Gulele,2.0,254.0,38.76287138736336,9.051273373732766,16,39,192,437,734,1138,141.0,435.0,2004.0,4009.0,6389.0,8913.0
10950.0,100.0,Gulele,2.0,254.0,38.76287138736336,9.051273373732766,16,39,192,437,734,1138,141.0,435.0,2004.0,4009.0,6389.0,8913.0
14123.25,70.0,Gulele,2.0,254.0,38.76287138736336,9.051273373732766,16,39,192,437,734,1138,141.0,435.0,2004.0,4009.0,6389.0,8913.0
65600.0,100.0,Gulele,8.0,195.0,38.73134628238545,9.066191460917656,7,21,70,160,463,635,297.0,771.0,1863.0,3347.0,5551.0,8068.0
76923.07,40.0,Gulele,8.0,195.0,38.73134628238545,9.066191460917656,7,21,70,160,463,635,297.0,771.0,1863.0,3347.0,5551.0,8068.0
36389.0,100.0,Gulele,8.0,195.0,38.73134628238545,9.066191460917656,7,21,70,160,463,635,297.0,771.0,1863.0,3347.0,5551.0,8068.0
43000.0,60.0,Gulele,8.0,257.0,38.73134628238545,9.066191460917656,7,21,70,160,463,635,297.0,771.0,1863.0,3347.0,5551.0,8068.0
31160.0,100.0,Gulele,8.0,257.0,38.73134628238545,9.066191460917656,7,21,70,160,463,635,297.0,771.0,1863.0,3347.0,5551.0,8068.0
30105.91,100.0,Gulele,8.0,257.0,38.73134628238545,9.066191460917656,7,21,70,160,463,635,297.0,771.0,1863.0,3347.0,5551.0,8068.0
60000.0,70.0,Gulele,7.0,131.0,38.73876325393147,9.070532817420135,2,9,41,162,313,615,181.0,563.0,1646.0,3095.0,4875.0,7364.0
65010.0,50.0,Gulele,7.0,131.0,38.73876325393147,9.070532817420135,2,9,41,162,313,615,181.0,563.0,1646.0,3095.0,4875.0,7364.0
36900.0,100.0,Gulele,7.0,131.0,38.73876325393147,9.070532817420135,2,9,41,162,313,615,181.0,563.0,1646.0,3095.0,4875.0,7364.0
111000.0,100.0,Lideta,4.0,127.0,38.73408832926543,9.016605708939036,28,70,354,710,1128,1443,202.0,697.0,2266.0,4654.0,8197.0,13163.0
105560.0,100.0,Lideta,4.0,127.0,38.73408832926543,9.016605708939036,28,70,354,710,1128,1443,202.0,697.0,2266.0,4654.0,8197.0,13163.0
96700.0,100.0,Lideta,4.0,127.0,38.73408832926543,9.016605708939036,28,70,354,710,1128,1443,202.0,697.0,2266.0,4654.0,8197.0,13163.0
60000.0,70.0,Yeka,10.0,518.0,38.81551144932411,9.05976397126058,0,0,2,12,79,355,47.0,101.0,427.0,1076.0,2480.0,4902.0
36210.0,100.0,Yeka,10.0,519.0,38.81551144932411,9.05976397126058,0,0,2,12,79,355,47.0,101.0,427.0,1076.0,2480.0,4902.0
60231.66,40.0,Yeka,10.0,520.0,38.81551144932411,9.05976397126058,0,0,2,12,79,355,47.0,101.0,427.0,1076.0,2480.0,4902.0
101527.0,52.0,Yeka,5.0,1509.0,38.79868382957799,9.03445539174537,0,6,134,335,765,1243,44.0,170.0,1126.0,3240.0,5774.0,8898.0
72022.0,42.0,Yeka,5.0,1509.0,38.79868382957799,9.03445539174537,0,6,134,335,765,1243,44.0,170.0,1126.0,3240.0,5774.0,8898.0
70000.0,40.0,Yeka,5.0,1509.0,38.79868382957799,9.03445539174537,0,6,134,335,765,1243,44.0,170.0,1126.0,3240.0,5774.0,8898.0
110003.0,70.0,Yeka,8.0,730.0,38.79147005819739,9.020790152983842,34,126,321,754,1165,1598,185.0,623.0,1949.0,3836.0,6627.0,10133.0
78110.0,100.0,Yeka,8.0,730.0,38.79147005819739,9.020790152983842,34,126,321,754,1165,1598,185.0,623.0,1949.0,3836.0,6627.0,10133.0
76000.0,100.0,Yeka,8.0,730.0,38.79147005819739,9.020790152983842,34,126,321,754,1165,1598,185.0,623.0,1949.0,3836.0,6627.0,10133.0
71000.0,40.0,Yeka,5.0,2862.0,38.79868382957799,9.03445539174537,0,6,134,335,765,1243,44.0,170.0,1126.0,3240.0,5774.0,8898.0
55000.0,56.0,Yeka,5.0,2862.0,38.79868382957799,9.03445539174537,0,6,134,335,765,1243,44.0,170.0,1126.0,3240.0,5774.0,8898.0
61500.0,40.0,Yeka,5.0,2862.0,38.79868382957799,9.03445539174537,0,6,134,335,765,1243,44.0,170.0,1126.0,3240.0,5774.0,8898.0
66720.0,100.0,Yeka,9.0,1020.0,38.81945709608729,9.027805099951848,3,27,95,262,563,888,94.0,396.0,1544.0,3493.0,6175.0,9091.0
65512.0,100.0,Yeka,9.0,1020.0,38.81945709608729,9.027805099951848,3,27,95,262,563,888,94.0,396.0,1544.0,3493.0,6175.0,9091.0
60500.0,40.0,Yeka,9.0,1020.0,38.81945709608729,9.027805099951848,3,27,95,262,563,888,94.0,396.0,1544.0,3493.0,6175.0,9091.0
215000.0,40.0,Arada,5.0,1235.0,38.74936281529376,9.039900449103891,27,130,373,689,1098,1456,204.0,660.0,2265.0,5062.0,8113.0,10783.0
166513.0,70.0,Arada,5.0,1235.0,38.74936281529376,9.039900449103891,27,130,373,689,1098,1456,204.0,660.0,2265.0,5062.0,8113.0,10783.0
110526.31,100.0,Arada,5.0,1235.0,38.74936281529376,9.039900449103891,27,130,373,689,1098,1456,204.0,660.0,2265.0,5062.0,8113.0,10783.0
268000.0,51.0,Arada,5.0,1157.0,38.74936281529376,9.039900449103891,27,130,373,689,1098,1456,204.0,660.0,2265.0,5062.0,8113.0,10783.0
271000.0,40.0,Arada,5.0,1157.0,38.74936281529376,9.039900449103891,27,130,373,689,1098,1456,204.0,660.0,2265.0,5062.0,8113.0,10783.0
96513.0,100.0,Arada,5.0,1157.0,38.74936281529376,9.039900449103891,27,130,373,689,1098,1456,204.0,660.0,2265.0,5062.0,8113.0,10783.0
167000.0,40.0,Arada,5.0,4798.0,38.74936281529376,9.039900449103891,27,130,373,689,1098,1456,204.0,660.0,2265.0,5062.0,8113.0,10783.0
40201.0,100.0,Arada,5.0,4798.0,38.74936281529376,9.039900449103891,27,130,373,689,1098,1456,204.0,660.0,2265.0,5062.0,8113.0,10783.0
82022.0,42.0,Arada,5.0,4798.0,38.74936281529376,9.039900449103891,27,130,373,689,1098,1456,204.0,660.0,2265.0,5062.0,8113.0,10783.0
24225.0,100.0,Akaki Kality,9.0,868.0,38.82570107346104,8.890751016621174,0,0,16,25,32,50,47.0,145.0,661.0,1572.0,2332.0,3051.0
23105.0,100.0,Akaki Kality,9.0,868.0,38.82570107346104,8.890751016621174,0,0,16,25,32,50,47.0,145.0,661.0,1572.0,2332.0,3051.0
23555.55,63.0,Akaki Kality,9.0,868.0,38.82570107346104,8.890751016621174,0,0,16,25,32,50,47.0,145.0,661.0,1572.0,2332.0,3051.0
80000.0,40.0,Akaki Kality,9.0,866.0,38.82570107346104,8.890751016621174,0,0,16,25,32,50,47.0,145.0,661.0,1572.0,2332.0,3051.0
23333.33,61.0,Akaki Kality,9.0,866.0,38.82570107346104,8.890751016621174,0,0,16,25,32,50,47.0,145.0,661.0,1572.0,2332.0,3051.0
22524.0,60.0,Akaki Kality,9.0,866.0,38.82570107346104,8.890751016621174,0,0,16,25,32,50,47.0,145.0,661.0,1572.0,2332.0,3051.0
31000.0,43.0,Akaki Kality,9.0,868.0,38.82570107346104,8.890751016621174,0,0,16,25,32,50,47.0,145.0,661.0,1572.0,2332.0,3051.0
15889.0,100.0,Akaki Kality,9.0,868.0,38.82570107346104,8.890751016621174,0,0,16,25,32,50,47.0,145.0,661.0,1572.0,2332.0,3051.0
25000.0,40.0,Akaki Kality,9.0,868.0,38.82570107346104,8.890751016621174,0,0,16,25,32,50,47.0,145.0,661.0,1572.0,2332.0,3051.0
69379.2,100.0,Akaki Kality,4.0,135.0,38.76162967755072,8.878099647196903,4,13,33,69,82,100,53.0,207.0,678.0,1438.0,2262.0,3466.0
51500.0,60.0,Akaki Kality,4.0,135.0,38.76162967755072,8.878099647196903,4,13,33,69,82,100,53.0,207.0,678.0,1438.0,2262.0,3466.0
24000.0,100.0,Akaki Kality,4.0,135.0,38.76162967755072,8.878099647196903,4,13,33,69,82,100,53.0,207.0,678.0,1438.0,2262.0,3466.0
26010.0,100.0,Akaki Kality,4.0,125.0,38.76162967755072,8.878099647196903,4,13,33,69,82,100,53.0,207.0,678.0,1438.0,2262.0,3466.0
25551.0,100.0,Akaki Kality,4.0,125.0,38.76162967755072,8.878099647196903,4,13,33,69,82,100,53.0,207.0,678.0,1438.0,2262.0,3466.0
32127.27,50.0,Akaki Kality,4.0,125.0,38.76162967755072,8.878099647196903,4,13,33,69,82,100,53.0,207.0,678.0,1438.0,2262.0,3466.0
50250.0,40.0,Akaki Kality,4.0,135.0,38.76162967755072,8.878099647196903,4,13,33,69,82,100,53.0,207.0,678.0,1438.0,2262.0,3466.0
22493.0,100.0,Akaki Kality,4.0,135.0,38.76162967755072,8.878099647196903,4,13,33,69,82,100,53.0,207.0,678.0,1438.0,2262.0,3466.0
23000.0,100.0,Akaki Kality,4.0,135.0,38.76162967755072,8.878099647196903,4,13,33,69,82,100,53.0,207.0,678.0,1438.0,2262.0,3466.0
43321.0,100.0,Akaki Kality,4.0,125.0,38.76162967755072,8.878099647196903,4,13,33,69,82,100,53.0,207.0,678.0,1438.0,2262.0,3466.0
47800.0,81.0,Akaki Kality,4.0,125.0,38.76162967755072,8.878099647196903,4,13,33,69,82,100,53.0,207.0,678.0,1438.0,2262.0,3466.0
48100.0,70.0,Akaki Kality,4.0,125.0,38.76162967755072,8.878099647196903,4,13,33,69,82,100,53.0,207.0,678.0,1438.0,2262.0,3466.0
37159.0,100.0,Akaki Kality,4.0,135.0,38.76162967755072,8.878099647196903,4,13,33,69,82,100,53.0,207.0,678.0,1438.0,2262.0,3466.0
33340.0,100.0,Akaki Kality,4.0,135.0,38.76162967755072,8.878099647196903,4,13,33,69,82,100,53.0,207.0,678.0,1438.0,2262.0,3466.0
36100.0,60.0,Akaki Kality,4.0,135.0,38.76162967755072,8.878099647196903,4,13,33,69,82,100,53.0,207.0,678.0,1438.0,2262.0,3466.0
47777.0,81.0,Akaki Kality,4.0,125.0,38.76162967755072,8.878099647196903,4,13,33,69,82,100,53.0,207.0,678.0,1438.0,2262.0,3466.0
34800.0,100.0,Akaki Kality,4.0,125.0,38.76162967755072,8.878099647196903,4,13,33,69,82,100,53.0,207.0,678.0,1438.0,2262.0,3466.0
32989.99,100.0,Akaki Kality,4.0,125.0,38.76162967755072,8.878099647196903,4,13,33,69,82,100,53.0,207.0,678.0,1438.0,2262.0,3466.0
35010.0,100.0,Akaki Kality,4.0,135.0,38.76162967755072,8.878099647196903,4,13,33,69,82,100,53.0,207.0,678.0,1438.0,2262.0,3466.0
31275.0,100.0,Akaki Kality,4.0,135.0,38.76162967755072,8.878099647196903,4,13,33,69,82,100,53.0,207.0,678.0,1438.0,2262.0,3466.0
37900.0,56.0,Akaki Kality,4.0,135.0,38.76162967755072,8.878099647196903,4,13,33,69,82,100,53.0,207.0,678.0,1438.0,2262.0,3466.0
51000.5,100.0,Akaki Kality,4.0,125.0,38.76162967755072,8.878099647196903,4,13,33,69,82,100,53.0,207.0,678.0,1438.0,2262.0,3466.0
61777.0,70.0,Akaki Kality,4.0,125.0,38.76162967755072,8.878099647196903,4,13,33,69,82,100,53.0,207.0,678.0,1438.0,2262.0,3466.0
47777.0,81.0,Akaki Kality,4.0,125.0,38.76162967755072,8.878099647196903,4,13,33,69,82,100,53.0,207.0,678.0,1438.0,2262.0,3466.0
47777.0,83.0,Akaki Kality,4.0,122.0,38.76162967755072,8.878099647196903,4,13,33,69,82,100,53.0,207.0,678.0,1438.0,2262.0,3466.0
37888.0,100.0,Akaki Kality,4.0,122.0,38.76162967755072,8.878099647196903,4,13,33,69,82,100,53.0,207.0,678.0,1438.0,2262.0,3466.0
19000.0,90.0,Akaki Kality,4.0,122.0,38.76162967755072,8.878099647196903,4,13,33,69,82,100,53.0,207.0,678.0,1438.0,2262.0,3466.0
47800.0,81.0,Akaki Kality,4.0,112.0,38.76162967755072,8.878099647196903,4,13,33,69,82,100,53.0,207.0,678.0,1438.0,2262.0,3466.0
50000.0,50.0,Akaki Kality,4.0,112.0,38.76162967755072,8.878099647196903,4,13,33,69,82,100,53.0,207.0,678.0,1438.0,2262.0,3466.0
46127.0,41.0,Akaki Kality,4.0,112.0,38.76162967755072,8.878099647196903,4,13,33,69,82,100,53.0,207.0,678.0,1438.0,2262.0,3466.0
45000.0,100.0,Akaki Kality,4.0,141.0,38.76162967755072,8.878099647196903,4,13,33,69,82,100,53.0,207.0,678.0,1438.0,2262.0,3466.0
57127.0,57.0,Akaki Kality,4.0,141.0,38.76162967755072,8.878099647196903,4,13,33,69,82,100,53.0,207.0,678.0,1438.0,2262.0,3466.0
39101.0,85.0,Akaki Kality,4.0,141.0,38.76162967755072,8.878099647196903,4,13,33,69,82,100,53.0,207.0,678.0,1438.0,2262.0,3466.0
55000.0,74.0,Akaki Kality,4.0,126.0,38.76162967755072,8.878099647196903,4,13,33,69,82,100,53.0,207.0,678.0,1438.0,2262.0,3466.0
47777.0,83.0,Akaki Kality,4.0,126.0,38.76162967755072,8.878099647196903,4,13,33,69,82,100,53.0,207.0,678.0,1438.0,2262.0,3466.0
57000.0,57.0,Akaki Kality,4.0,126.0,38.76162967755072,8.878099647196903,4,13,33,69,82,100,53.0,207.0,678.0,1438.0,2262.0,3466.0
32300.0,100.0,Akaki Kality,4.0,125.0,38.76162967755072,8.878099647196903,4,13,33,69,82,100,53.0,207.0,678.0,1438.0,2262.0,3466.0
31927.99,51.0,Akaki Kality,4.0,125.0,38.76162967755072,8.878099647196903,4,13,33,69,82,100,53.0,207.0,678.0,1438.0,2262.0,3466.0
28255.0,50.0,Akaki Kality,4.0,125.0,38.76162967755072,8.878099647196903,4,13,33,69,82,100,53.0,207.0,678.0,1438.0,2262.0,3466.0
41001.0,95.0,Akaki Kality,4.0,125.0,38.76162967755072,8.878099647196903,4,13,33,69,82,100,53.0,207.0,678.0,1438.0,2262.0,3466.0
33750.0,50.0,Akaki Kality,4.0,125.0,38.76162967755072,8.878099647196903,4,13,33,69,82,100,53.0,207.0,678.0,1438.0,2262.0,3466.0
15225.0,100.0,Akaki Kality,4.0,125.0,38.76162967755072,8.878099647196903,4,13,33,69,82,100,53.0,207.0,678.0,1438.0,2262.0,3466.0
35555.0,100.0,Akaki Kality,4.0,125.0,38.76162967755072,8.878099647196903,4,13,33,69,82,100,53.0,207.0,678.0,1438.0,2262.0,3466.0
32500.0,85.0,Akaki Kality,4.0,125.0,38.76162967755072,8.878099647196903,4,13,33,69,82,100,53.0,207.0,678.0,1438.0,2262.0,3466.0
25105.0,100.0,Akaki Kality,4.0,125.0,38.76162967755072,8.878099647196903,4,13,33,69,82,100,53.0,207.0,678.0,1438.0,2262.0,3466.0
44100.0,75.0,Akaki Kality,4.0,125.0,38.76162967755072,8.878099647196903,4,13,33,69,82,100,53.0,207.0,678.0,1438.0,2262.0,3466.0
35000.0,100.0,Akaki Kality,4.0,125.0,38.76162967755072,8.878099647196903,4,13,33,69,82,100,53.0,207.0,678.0,1438.0,2262.0,3466.0
34000.0,100.0,Akaki Kality,4.0,125.0,38.76162967755072,8.878099647196903,4,13,33,69,82,100,53.0,207.0,678.0,1438.0,2262.0,3466.0
45555.55,100.0,Akaki Kality,4.0,125.0,38.76162967755072,8.878099647196903,4,13,33,69,82,100,53.0,207.0,678.0,1438.0,2262.0,3466.0
28666.0,100.0,Akaki Kality,4.0,125.0,38.76162967755072,8.878099647196903,4,13,33,69,82,100,53.0,207.0,678.0,1438.0,2262.0,3466.0
24514.5,100.0,Akaki Kality,4.0,125.0,38.76162967755072,8.878099647196903,4,13,33,69,82,100,53.0,207.0,678.0,1438.0,2262.0,3466.0
41157.0,100.0,Akaki Kality,4.0,125.0,38.76162967755072,8.878099647196903,4,13,33,69,82,100,53.0,207.0,678.0,1438.0,2262.0,3466.0
40150.0,100.0,Akaki Kality,4.0,125.0,38.76162967755072,8.878099647196903,4,13,33,69,82,100,53.0,207.0,678.0,1438.0,2262.0,3466.0
37105.0,100.0,Akaki Kality,4.0,125.0,38.76162967755072,8.878099647196903,4,13,33,69,82,100,53.0,207.0,678.0,1438.0,2262.0,3466.0
40100.0,100.0,Akaki Kality,4.0,125.0,38.76162967755072,8.878099647196903,4,13,33,69,82,100,53.0,207.0,678.0,1438.0,2262.0,3466.0
32000.0,90.0,Akaki Kality,4.0,125.0,38.76162967755072,8.878099647196903,4,13,33,69,82,100,53.0,207.0,678.0,1438.0,2262.0,3466.0
28667.69,50.0,Akaki Kality,4.0,125.0,38.76162967755072,8.878099647196903,4,13,33,69,82,100,53.0,207.0,678.0,1438.0,2262.0,3466.0
42621.0,100.0,Akaki Kality,4.0,125.0,38.76162967755072,8.878099647196903,4,13,33,69,82,100,53.0,207.0,678.0,1438.0,2262.0,3466.0
40125.0,80.0,Akaki Kality,4.0,125.0,38.76162967755072,8.878099647196903,4,13,33,69,82,100,53.0,207.0,678.0,1438.0,2262.0,3466.0
40100.0,80.0,Akaki Kality,4.0,125.0,38.76162967755072,8.878099647196903,4,13,33,69,82,100,53.0,207.0,678.0,1438.0,2262.0,3466.0
32019.0,80.0,Akaki Kality,4.0,193.0,38.76162967755072,8.878099647196903,4,13,33,69,82,100,53.0,207.0,678.0,1438.0,2262.0,3466.0
31155.0,50.0,Akaki Kality,4.0,193.0,38.76162967755072,8.878099647196903,4,13,33,69,82,100,53.0,207.0,678.0,1438.0,2262.0,3466.0
16282.0,100.0,Akaki Kality,4.0,193.0,38.76162967755072,8.878099647196903,4,13,33,69,82,100,53.0,207.0,678.0,1438.0,2262.0,3466.0
51623.0,80.0,Akaki Kality,4.0,191.0,38.76162967755072,8.878099647196903,4,13,33,69,82,100,53.0,207.0,678.0,1438.0,2262.0,3466.0
42565.0,50.0,Akaki Kality,4.0,191.0,38.76162967755072,8.878099647196903,4,13,33,69,82,100,53.0,207.0,678.0,1438.0,2262.0,3466.0
40001.0,40.0,Akaki Kality,4.0,191.0,38.76162967755072,8.878099647196903,4,13,33,69,82,100,53.0,207.0,678.0,1438.0,2262.0,3466.0
41000.0,40.0,Akaki Kality,4.0,4404.0,38.76162967755072,8.878099647196903,4,13,33,69,82,100,53.0,207.0,678.0,1438.0,2262.0,3466.0
23000.0,100.0,Akaki Kality,4.0,4404.0,38.76162967755072,8.878099647196903,4,13,33,69,82,100,53.0,207.0,678.0,1438.0,2262.0,3466.0
5950.0,100.0,Akaki Kality,4.0,4404.0,38.76162967755072,8.878099647196903,4,13,33,69,82,100,53.0,207.0,678.0,1438.0,2262.0,3466.0
28127.21,100.0,Akaki Kality,4.0,125.0,38.76162967755072,8.878099647196903,4,13,33,69,82,100,53.0,207.0,678.0,1438.0,2262.0,3466.0
41652.3,51.0,Akaki Kality,4.0,125.0,38.76162967755072,8.878099647196903,4,13,33,69,82,100,53.0,207.0,678.0,1438.0,2262.0,3466.0
40100.0,40.0,Akaki Kality,4.0,125.0,38.76162967755072,8.878099647196903,4,13,33,69,82,100,53.0,207.0,678.0,1438.0,2262.0,3466.0
51012.0,85.0,Akaki Kality,4.0,125.0,38.76162967755072,8.878099647196903,4,13,33,69,82,100,53.0,207.0,678.0,1438.0,2262.0,3466.0
43999.99,100.0,Akaki Kality,4.0,125.0,38.76162967755072,8.878099647196903,4,13,33,69,82,100,53.0,207.0,678.0,1438.0,2262.0,3466.0
41639.5,51.0,Akaki Kality,4.0,125.0,38.76162967755072,8.878099647196903,4,13,33,69,82,100,53.0,207.0,678.0,1438.0,2262.0,3466.0
41621.0,100.0,Akaki Kality,4.0,125.0,38.76162967755072,8.878099647196903,4,13,33,69,82,100,53.0,207.0,678.0,1438.0,2262.0,3466.0
36410.0,100.0,Akaki Kality,4.0,125.0,38.76162967755072,8.878099647196903,4,13,33,69,82,100,53.0,207.0,678.0,1438.0,2262.0,3466.0
31712.0,100.0,Akaki Kality,4.0,125.0,38.76162967755072,8.878099647196903,4,13,33,69,82,100,53.0,207.0,678.0,1438.0,2262.0,3466.0
52178.0,70.0,Akaki Kality,4.0,125.0,38.76162967755072,8.878099647196903,4,13,33,69,82,100,53.0,207.0,678.0,1438.0,2262.0,3466.0
40130.0,70.0,Akaki Kality,4.0,125.0,38.76162967755072,8.878099647196903,4,13,33,69,82,100,53.0,207.0,678.0,1438.0,2262.0,3466.0
25000.0,100.0,Akaki Kality,4.0,125.0,38.76162967755072,8.878099647196903,4,13,33,69,82,100,53.0,207.0,678.0,1438.0,2262.0,3466.0
45555.0,100.0,Akaki Kality,4.0,125.0,38.76162967755072,8.878099647196903,4,13,33,69,82,100,53.0,207.0,678.0,1438.0,2262.0,3466.0
36400.0,100.0,Akaki Kality,4.0,125.0,38.76162967755072,8.878099647196903,4,13,33,69,82,100,53.0,207.0,678.0,1438.0,2262.0,3466.0
29000.0,100.0,Akaki Kality,4.0,125.0,38.76162967755072,8.878099647196903,4,13,33,69,82,100,53.0,207.0,678.0,1438.0,2262.0,3466.0
36019.0,100.0,Akaki Kality,4.0,125.0,38.76162967755072,8.878099647196903,4,13,33,69,82,100,53.0,207.0,678.0,1438.0,2262.0,3466.0
45123.0,60.0,Akaki Kality,4.0,125.0,38.76162967755072,8.878099647196903,4,13,33,69,82,100,53.0,207.0,678.0,1438.0,2262.0,3466.0
30400.0,100.0,Akaki Kality,4.0,125.0,38.76162967755072,8.878099647196903,4,13,33,69,82,100,53.0,207.0,678.0,1438.0,2262.0,3466.0
41333.33,100.0,Akaki Kality,4.0,125.0,38.76162967755072,8.878099647196903,4,13,33,69,82,100,53.0,207.0,678.0,1438.0,2262.0,3466.0
42000.0,60.0,Akaki Kality,4.0,125.0,38.76162967755072,8.878099647196903,4,13,33,69,82,100,53.0,207.0,678.0,1438.0,2262.0,3466.0
41600.0,45.0,Akaki Kality,4.0,125.0,38.76162967755072,8.878099647196903,4,13,33,69,82,100,53.0,207.0,678.0,1438.0,2262.0,3466.0
58456.0,80.0,Akaki Kality,4.0,150.0,38.76162967755072,8.878099647196903,4,13,33,69,82,100,53.0,207.0,678.0,1438.0,2262.0,3466.0
45000.0,75.0,Akaki Kality,4.0,150.0,38.76162967755072,8.878099647196903,4,13,33,69,82,100,53.0,207.0,678.0,1438.0,2262.0,3466.0
28000.0,100.0,Akaki Kality,4.0,150.0,38.76162967755072,8.878099647196903,4,13,33,69,82,100,53.0,207.0,678.0,1438.0,2262.0,3466.0
55501.0,40.0,Akaki Kality,4.0,112.0,38.76162967755072,8.878099647196903,4,13,33,69,82,100,53.0,207.0,678.0,1438.0,2262.0,3466.0
25222.5,80.0,Akaki Kality,4.0,112.0,38.76162967755072,8.878099647196903,4,13,33,69,82,100,53.0,207.0,678.0,1438.0,2262.0,3466.0
31500.0,50.0,Akaki Kality,4.0,112.0,38.76162967755072,8.878099647196903,4,13,33,69,82,100,53.0,207.0,678.0,1438.0,2262.0,3466.0
39540.0,90.0,Akaki Kality,4.0,188.0,38.76162967755072,8.878099647196903,4,13,33,69,82,100,53.0,207.0,678.0,1438.0,2262.0,3466.0
31111.0,100.0,Akaki Kality,4.0,188.0,38.76162967755072,8.878099647196903,4,13,33,69,82,100,53.0,207.0,678.0,1438.0,2262.0,3466.0
45100.0,50.0,Akaki Kality,4.0,188.0,38.76162967755072,8.878099647196903,4,13,33,69,82,100,53.0,207.0,678.0,1438.0,2262.0,3466.0
51101.0,100.0,Akaki Kality,4.0,118.0,38.76162967755072,8.878099647196903,4,13,33,69,82,100,53.0,207.0,678.0,1438.0,2262.0,3466.0
44120.0,90.0,Akaki Kality,4.0,118.0,38.76162967755072,8.878099647196903,4,13,33,69,82,100,53.0,207.0,678.0,1438.0,2262.0,3466.0
34321.0,80.0,Akaki Kality,4.0,118.0,38.76162967755072,8.878099647196903,4,13,33,69,82,100,53.0,207.0,678.0,1438.0,2262.0,3466.0
40214.0,100.0,Akaki Kality,4.0,125.0,38.76162967755072,8.878099647196903,4,13,33,69,82,100,53.0,207.0,678.0,1438.0,2262.0,3466.0
37200.0,100.0,Akaki Kality,4.0,125.0,38.76162967755072,8.878099647196903,4,13,33,69,82,100,53.0,207.0,678.0,1438.0,2262.0,3466.0
41600.0,81.0,Akaki Kality,4.0,125.0,38.76162967755072,8.878099647196903,4,13,33,69,82,100,53.0,207.0,678.0,1438.0,2262.0,3466.0
81612.0,40.0,Akaki Kality,4.0,125.0,38.76162967755072,8.878099647196903,4,13,33,69,82,100,53.0,207.0,678.0,1438.0,2262.0,3466.0
40214.0,100.0,Akaki Kality,4.0,125.0,38.76162967755072,8.878099647196903,4,13,33,69,82,100,53.0,207.0,678.0,1438.0,2262.0,3466.0
37657.0,100.0,Akaki Kality,4.0,125.0,38.76162967755072,8.878099647196903,4,13,33,69,82,100,53.0,207.0,678.0,1438.0,2262.0,3466.0
40214.0,100.0,Akaki Kality,4.0,125.0,38.76162967755072,8.878099647196903,4,13,33,69,82,100,53.0,207.0,678.0,1438.0,2262.0,3466.0
44001.0,77.0,Akaki Kality,4.0,125.0,38.76162967755072,8.878099647196903,4,13,33,69,82,100,53.0,207.0,678.0,1438.0,2262.0,3466.0
33600.0,100.0,Akaki Kality,4.0,125.0,38.76162967755072,8.878099647196903,4,13,33,69,82,100,53.0,207.0,678.0,1438.0,2262.0,3466.0
65312.0,40.0,Akaki Kality,4.0,125.0,38.76162967755072,8.878099647196903,4,13,33,69,82,100,53.0,207.0,678.0,1438.0,2262.0,3466.0
40214.0,90.0,Akaki Kality,4.0,125.0,38.76162967755072,8.878099647196903,4,13,33,69,82,100,53.0,207.0,678.0,1438.0,2262.0,3466.0
31715.0,100.0,Akaki Kality,4.0,125.0,38.76162967755072,8.878099647196903,4,13,33,69,82,100,53.0,207.0,678.0,1438.0,2262.0,3466.0
40214.0,100.0,Akaki Kality,4.0,125.0,38.76162967755072,8.878099647196903,4,13,33,69,82,100,53.0,207.0,678.0,1438.0,2262.0,3466.0
33667.0,100.0,Akaki Kality,4.0,125.0,38.76162967755072,8.878099647196903,4,13,33,69,82,100,53.0,207.0,678.0,1438.0,2262.0,3466.0
33333.0,100.0,Akaki Kality,4.0,125.0,38.76162967755072,8.878099647196903,4,13,33,69,82,100,53.0,207.0,678.0,1438.0,2262.0,3466.0
40214.0,100.0,Akaki Kality,4.0,125.0,38.76162967755072,8.878099647196903,4,13,33,69,82,100,53.0,207.0,678.0,1438.0,2262.0,3466.0
55321.0,40.0,Akaki Kality,4.0,125.0,38.76162967755072,8.878099647196903,4,13,33,69,82,100,53.0,207.0,678.0,1438.0,2262.0,3466.0
27716.0,100.0,Akaki Kality,4.0,125.0,38.76162967755072,8.878099647196903,4,13,33,69,82,100,53.0,207.0,678.0,1438.0,2262.0,3466.0
55162.0,75.0,Akaki Kality,4.0,184.0,38.76162967755072,8.878099647196903,4,13,33,69,82,100,53.0,207.0,678.0,1438.0,2262.0,3466.0
21800.0,100.0,Akaki Kality,4.0,184.0,38.76162967755072,8.878099647196903,4,13,33,69,82,100,53.0,207.0,678.0,1438.0,2262.0,3466.0
18900.0,100.0,Akaki Kality,4.0,184.0,38.76162967755072,8.878099647196903,4,13,33,69,82,100,53.0,207.0,678.0,1438.0,2262.0,3466.0
53012.0,80.0,Akaki Kality,4.0,178.0,38.76162967755072,8.878099647196903,4,13,33,69,82,100,53.0,207.0,678.0,1438.0,2262.0,3466.0
45500.0,100.0,Akaki Kality,4.0,178.0,38.76162967755072,8.878099647196903,4,13,33,69,82,100,53.0,207.0,678.0,1438.0,2262.0,3466.0
37127.0,75.0,Akaki Kality,4.0,178.0,38.76162967755072,8.878099647196903,4,13,33,69,82,100,53.0,207.0,678.0,1438.0,2262.0,3466.0
57210.0,50.0,Akaki Kality,1.0,282.0,38.79769047574577,8.871845782757074,0,8,37,73,108,121,181.0,567.0,1559.0,2513.0,3366.0,4271.0
37101.0,100.0,Akaki Kality,1.0,282.0,38.79769047574577,8.871845782757074,0,8,37,73,108,121,181.0,567.0,1559.0,2513.0,3366.0,4271.0
36000.0,100.0,Akaki Kality,1.0,282.0,38.79769047574577,8.871845782757074,0,8,37,73,108,121,181.0,567.0,1559.0,2513.0,3366.0,4271.0
61600.0,70.0,Akaki Kality,1.0,500.0,38.79769047574577,8.871845782757074,0,8,37,73,108,121,181.0,567.0,1559.0,2513.0,3366.0,4271.0
36000.0,100.0,Akaki Kality,1.0,500.0,38.79769047574577,8.871845782757074,0,8,37,73,108,121,181.0,567.0,1559.0,2513.0,3366.0,4271.0
35100.0,100.0,Akaki Kality,1.0,500.0,38.79769047574577,8.871845782757074,0,8,37,73,108,121,181.0,567.0,1559.0,2513.0,3366.0,4271.0
56600.0,67.0,Akaki Kality,1.0,500.0,38.79769047574577,8.871845782757074,0,8,37,73,108,121,181.0,567.0,1559.0,2513.0,3366.0,4271.0
52520.0,71.0,Akaki Kality,1.0,500.0,38.79769047574577,8.871845782757074,0,8,37,73,108,121,181.0,567.0,1559.0,2513.0,3366.0,4271.0
36666.0,100.0,Akaki Kality,1.0,500.0,38.79769047574577,8.871845782757074,0,8,37,73,108,121,181.0,567.0,1559.0,2513.0,3366.0,4271.0
52100.0,80.0,Akaki Kality,1.0,500.0,38.79769047574577,8.871845782757074,0,8,37,73,108,121,181.0,567.0,1559.0,2513.0,3366.0,4271.0
43333.0,100.0,Akaki Kality,1.0,500.0,38.79769047574577,8.871845782757074,0,8,37,73,108,121,181.0,567.0,1559.0,2513.0,3366.0,4271.0
45100.0,82.0,Akaki Kality,1.0,500.0,38.79769047574577,8.871845782757074,0,8,37,73,108,121,181.0,567.0,1559.0,2513.0,3366.0,4271.0
42320.0,100.0,Akaki Kality,1.0,500.0,38.79769047574577,8.871845782757074,0,8,37,73,108,121,181.0,567.0,1559.0,2513.0,3366.0,4271.0
60900.0,50.0,Akaki Kality,1.0,500.0,38.79769047574577,8.871845782757074,0,8,37,73,108,121,181.0,567.0,1559.0,2513.0,3366.0,4271.0
35100.0,100.0,Akaki Kality,1.0,500.0,38.79769047574577,8.871845782757074,0,8,37,73,108,121,181.0,567.0,1559.0,2513.0,3366.0,4271.0
33150.0,100.0,Akaki Kality,1.0,248.0,38.79769047574577,8.871845782757074,0,8,37,73,108,121,181.0,567.0,1559.0,2513.0,3366.0,4271.0
50500.0,100.0,Akaki Kality,1.0,248.0,38.79769047574577,8.871845782757074,0,8,37,73,108,121,181.0,567.0,1559.0,2513.0,3366.0,4271.0
30100.0,100.0,Akaki Kality,1.0,248.0,38.79769047574577,8.871845782757074,0,8,37,73,108,121,181.0,567.0,1559.0,2513.0,3366.0,4271.0
48160.0,72.0,Akaki Kality,1.0,500.0,38.79769047574577,8.871845782757074,0,8,37,73,108,121,181.0,567.0,1559.0,2513.0,3366.0,4271.0
35100.0,70.0,Akaki Kality,1.0,500.0,38.79769047574577,8.871845782757074,0,8,37,73,108,121,181.0,567.0,1559.0,2513.0,3366.0,4271.0
25001.0,100.0,Akaki Kality,1.0,500.0,38.79769047574577,8.871845782757074,0,8,37,73,108,121,181.0,567.0,1559.0,2513.0,3366.0,4271.0
26310.0,100.0,Addis Ketema,3.0,182.0,38.72228063505917,9.02296632280951,3,21,185,442,809,1202,190.0,663.0,2268.0,4833.0,8839.0,13500.0
33695.0,50.0,Addis Ketema,3.0,182.0,38.72228063505917,9.02296632280951,3,21,185,442,809,1202,190.0,663.0,2268.0,4833.0,8839.0,13500.0
16200.0,60.0,Addis Ketema,3.0,182.0,38.72228063505917,9.02296632280951,3,21,185,442,809,1202,190.0,663.0,2268.0,4833.0,8839.0,13500.0
30822.0,100.0,Addis Ketema,4.0,146.0,38.71866762076331,9.033243115388968,15,55,156,345,698,1017,176.0,637.0,2270.0,5174.0,9211.0,13021.0
32000.0,70.0,Addis Ketema,4.0,146.0,38.71866762076331,9.033243115388968,15,55,156,345,698,1017,176.0,637.0,2270.0,5174.0,9211.0,13021.0
21100.0,100.0,Addis Ketema,4.0,146.0,38.71866762076331,9.033243115388968,15,55,156,345,698,1017,176.0,637.0,2270.0,5174.0,9211.0,13021.0
65759.0,70.0,Nefas - Silk Lafto,1.0,441.0,38.71525280229387,8.937081370336346,0,1,41,132,204,284,72.0,474.0,1590.0,3313.0,5755.0,8450.0
50000.0,100.0,Nefas - Silk Lafto,1.0,441.0,38.71525280229387,8.937081370336346,0,1,41,132,204,284,72.0,474.0,1590.0,3313.0,5755.0,8450.0
47666.2,100.0,Nefas - Silk Lafto,1.0,441.0,38.71525280229387,8.937081370336346,0,1,41,132,204,284,72.0,474.0,1590.0,3313.0,5755.0,8450.0
47250.0,100.0,Nefas - Silk Lafto,1.0,466.0,38.71525280229387,8.937081370336346,0,1,41,132,204,284,72.0,474.0,1590.0,3313.0,5755.0,8450.0
45050.0,100.0,Nefas - Silk Lafto,1.0,466.0,38.71525280229387,8.937081370336346,0,1,41,132,204,284,72.0,474.0,1590.0,3313.0,5755.0,8450.0
37000.0,100.0,Nefas - Silk Lafto,1.0,466.0,38.71525280229387,8.937081370336346,0,1,41,132,204,284,72.0,474.0,1590.0,3313.0,5755.0,8450.0
60101.0,100.0,Nefas - Silk Lafto,1.0,436.0,38.71525280229387,8.937081370336346,0,1,41,132,204,284,72.0,474.0,1590.0,3313.0,5755.0,8450.0
50455.0,100.0,Nefas - Silk Lafto,1.0,436.0,38.71525280229387,8.937081370336346,0,1,41,132,204,284,72.0,474.0,1590.0,3313.0,5755.0,8450.0
73679.0,60.0,Nefas - Silk Lafto,1.0,436.0,38.71525280229387,8.937081370336346,0,1,41,132,204,284,72.0,474.0,1590.0,3313.0,5755.0,8450.0
62001.0,70.0,Nefas - Silk Lafto,1.0,749.0,38.71525280229387,8.937081370336346,0,1,41,132,204,284,72.0,474.0,1590.0,3313.0,5755.0,8450.0
46900.0,100.0,Nefas - Silk Lafto,1.0,749.0,38.71525280229387,8.937081370336346,0,1,41,132,204,284,72.0,474.0,1590.0,3313.0,5755.0,8450.0
45290.0,100.0,Nefas - Silk Lafto,1.0,749.0,38.71525280229387,8.937081370336346,0,1,41,132,204,284,72.0,474.0,1590.0,3313.0,5755.0,8450.0
65000.0,60.0,Nefas - Silk Lafto,1.0,310.0,38.71525280229387,8.937081370336346,0,1,41,132,204,284,72.0,474.0,1590.0,3313.0,5755.0,8450.0
46666.0,100.0,Nefas - Silk Lafto,1.0,310.0,38.71525280229387,8.937081370336346,0,1,41,132,204,284,72.0,474.0,1590.0,3313.0,5755.0,8450.0
65000.0,50.0,Nefas - Silk Lafto,1.0,310.0,38.71525280229387,8.937081370336346,0,1,41,132,204,284,72.0,474.0,1590.0,3313.0,5755.0,8450.0
50301.81,100.0,Nefas - Silk Lafto,1.0,497.0,38.71525280229387,8.937081370336346,0,1,41,132,204,284,72.0,474.0,1590.0,3313.0,5755.0,8450.0
50283.0,100.0,Nefas - Silk Lafto,1.0,497.0,38.71525280229387,8.937081370336346,0,1,41,132,204,284,72.0,474.0,1590.0,3313.0,5755.0,8450.0
50100.0,70.0,Nefas - Silk Lafto,1.0,497.0,38.71525280229387,8.937081370336346,0,1,41,132,204,284,72.0,474.0,1590.0,3313.0,5755.0,8450.0
56000.0,70.0,Nefas - Silk Lafto,1.0,368.0,38.71525280229387,8.937081370336346,0,1,41,132,204,284,72.0,474.0,1590.0,3313.0,5755.0,8450.0
35100.0,100.0,Nefas - Silk Lafto,1.0,368.0,38.71525280229387,8.937081370336346,0,1,41,132,204,284,72.0,474.0,1590.0,3313.0,5755.0,8450.0
33520.0,100.0,Nefas - Silk Lafto,1.0,368.0,38.71525280229387,8.937081370336346,0,1,41,132,204,284,72.0,474.0,1590.0,3313.0,5755.0,8450.0
46250.04,100.0,Nefas - Silk Lafto,1.0,362.0,38.71525280229387,8.937081370336346,0,1,41,132,204,284,72.0,474.0,1590.0,3313.0,5755.0,8450.0
42519.19,100.0,Nefas - Silk Lafto,1.0,362.0,38.71525280229387,8.937081370336346,0,1,41,132,204,284,72.0,474.0,1590.0,3313.0,5755.0,8450.0
46000.0,81.0,Nefas - Silk Lafto,1.0,362.0,38.71525280229387,8.937081370336346,0,1,41,132,204,284,72.0,474.0,1590.0,3313.0,5755.0,8450.0
38511.0,100.0,Nefas - Silk Lafto,1.0,416.0,38.71525280229387,8.937081370336346,0,1,41,132,204,284,72.0,474.0,1590.0,3313.0,5755.0,8450.0
55100.0,50.0,Nefas - Silk Lafto,1.0,416.0,38.71525280229387,8.937081370336346,0,1,41,132,204,284,72.0,474.0,1590.0,3313.0,5755.0,8450.0
36356.0,100.0,Nefas - Silk Lafto,1.0,416.0,38.71525280229387,8.937081370336346,0,1,41,132,204,284,72.0,474.0,1590.0,3313.0,5755.0,8450.0
35555.0,100.0,Nefas - Silk Lafto,1.0,368.0,38.71525280229387,8.937081370336346,0,1,41,132,204,284,72.0,474.0,1590.0,3313.0,5755.0,8450.0
51200.0,50.0,Nefas - Silk Lafto,1.0,368.0,38.71525280229387,8.937081370336346,0,1,41,132,204,284,72.0,474.0,1590.0,3313.0,5755.0,8450.0
31320.0,100.0,Nefas - Silk Lafto,1.0,368.0,38.71525280229387,8.937081370336346,0,1,41,132,204,284,72.0,474.0,1590.0,3313.0,5755.0,8450.0
45000.0,100.0,Nefas - Silk Lafto,1.0,250.0,38.71525280229387,8.937081370336346,0,1,41,132,204,284,72.0,474.0,1590.0,3313.0,5755.0,8450.0
41111.0,100.0,Nefas - Silk Lafto,1.0,250.0,38.71525280229387,8.937081370336346,0,1,41,132,204,284,72.0,474.0,1590.0,3313.0,5755.0,8450.0
40251.0,100.0,Nefas - Silk Lafto,1.0,250.0,38.71525280229387,8.937081370336346,0,1,41,132,204,284,72.0,474.0,1590.0,3313.0,5755.0,8450.0
43122.22,100.0,Nefas - Silk Lafto,1.0,250.0,38.71525280229387,8.937081370336346,0,1,41,132,204,284,72.0,474.0,1590.0,3313.0,5755.0,8450.0
42261.0,100.0,Nefas - Silk Lafto,1.0,250.0,38.71525280229387,8.937081370336346,0,1,41,132,204,284,72.0,474.0,1590.0,3313.0,5755.0,8450.0
41050.0,100.0,Nefas - Silk Lafto,1.0,250.0,38.71525280229387,8.937081370336346,0,1,41,132,204,284,72.0,474.0,1590.0,3313.0,5755.0,8450.0
42620.0,100.0,Nefas - Silk Lafto,1.0,250.0,38.71525280229387,8.937081370336346,0,1,41,132,204,284,72.0,474.0,1590.0,3313.0,5755.0,8450.0
42000.0,100.0,Nefas - Silk Lafto,1.0,250.0,38.71525280229387,8.937081370336346,0,1,41,132,204,284,72.0,474.0,1590.0,3313.0,5755.0,8450.0
40500.0,100.0,Nefas - Silk Lafto,1.0,250.0,38.71525280229387,8.937081370336346,0,1,41,132,204,284,72.0,474.0,1590.0,3313.0,5755.0,8450.0
48556.0,100.0,Nefas - Silk Lafto,1.0,250.0,38.71525280229387,8.937081370336346,0,1,41,132,204,284,72.0,474.0,1590.0,3313.0,5755.0,8450.0
42712.0,100.0,Nefas - Silk Lafto,1.0,250.0,38.71525280229387,8.937081370336346,0,1,41,132,204,284,72.0,474.0,1590.0,3313.0,5755.0,8450.0
42027.0,100.0,Nefas - Silk Lafto,1.0,250.0,38.71525280229387,8.937081370336346,0,1,41,132,204,284,72.0,474.0,1590.0,3313.0,5755.0,8450.0
42077.0,100.0,Nefas - Silk Lafto,1.0,250.0,38.71525280229387,8.937081370336346,0,1,41,132,204,284,72.0,474.0,1590.0,3313.0,5755.0,8450.0
41433.99,100.0,Nefas - Silk Lafto,1.0,250.0,38.71525280229387,8.937081370336346,0,1,41,132,204,284,72.0,474.0,1590.0,3313.0,5755.0,8450.0
35325.0,100.0,Nefas - Silk Lafto,1.0,250.0,38.71525280229387,8.937081370336346,0,1,41,132,204,284,72.0,474.0,1590.0,3313.0,5755.0,8450.0
46799.99,100.0,Nefas - Silk Lafto,1.0,308.0,38.71525280229387,8.937081370336346,0,1,41,132,204,284,72.0,474.0,1590.0,3313.0,5755.0,8450.0
39321.82,100.0,Nefas - Silk Lafto,1.0,308.0,38.71525280229387,8.937081370336346,0,1,41,132,204,284,72.0,474.0,1590.0,3313.0,5755.0,8450.0
35310.0,100.0,Nefas - Silk Lafto,1.0,308.0,38.71525280229387,8.937081370336346,0,1,41,132,204,284,72.0,474.0,1590.0,3313.0,5755.0,8450.0
92364.5,42.0,Nefas - Silk Lafto,1.0,406.0,38.71525280229387,8.937081370336346,0,1,41,132,204,284,72.0,474.0,1590.0,3313.0,5755.0,8450.0
51712.0,100.0,Nefas - Silk Lafto,1.0,406.0,38.71525280229387,8.937081370336346,0,1,41,132,204,284,72.0,474.0,1590.0,3313.0,5755.0,8450.0
69087.99,50.0,Nefas - Silk Lafto,1.0,406.0,38.71525280229387,8.937081370336346,0,1,41,132,204,284,72.0,474.0,1590.0,3313.0,5755.0,8450.0
51200.0,100.0,Nefas - Silk Lafto,1.0,150.0,38.71525280229387,8.937081370336346,0,1,41,132,204,284,72.0,474.0,1590.0,3313.0,5755.0,8450.0
46011.0,100.0,Nefas - Silk Lafto,1.0,150.0,38.71525280229387,8.937081370336346,0,1,41,132,204,284,72.0,474.0,1590.0,3313.0,5755.0,8450.0
44051.0,100.0,Nefas - Silk Lafto,1.0,150.0,38.71525280229387,8.937081370336346,0,1,41,132,204,284,72.0,474.0,1590.0,3313.0,5755.0,8450.0
46011.0,100.0,Nefas - Silk Lafto,1.0,150.0,38.71525280229387,8.937081370336346,0,1,41,132,204,284,72.0,474.0,1590.0,3313.0,5755.0,8450.0
37127.0,100.0,Nefas - Silk Lafto,1.0,150.0,38.71525280229387,8.937081370336346,0,1,41,132,204,284,72.0,474.0,1590.0,3313.0,5755.0,8450.0
40000.0,60.0,Nefas - Silk Lafto,1.0,150.0,38.71525280229387,8.937081370336346,0,1,41,132,204,284,72.0,474.0,1590.0,3313.0,5755.0,8450.0
51712.19,100.0,Nefas - Silk Lafto,1.0,150.0,38.71525280229387,8.937081370336346,0,1,41,132,204,284,72.0,474.0,1590.0,3313.0,5755.0,8450.0
47174.0,100.0,Nefas - Silk Lafto,1.0,150.0,38.71525280229387,8.937081370336346,0,1,41,132,204,284,72.0,474.0,1590.0,3313.0,5755.0,8450.0
47100.0,100.0,Nefas - Silk Lafto,1.0,150.0,38.71525280229387,8.937081370336346,0,1,41,132,204,284,72.0,474.0,1590.0,3313.0,5755.0,8450.0
85000.0,40.0,Nefas - Silk Lafto,1.0,150.0,38.71525280229387,8.937081370336346,0,1,41,132,204,284,72.0,474.0,1590.0,3313.0,5755.0,8450.0
47127.0,100.0,Nefas - Silk Lafto,1.0,150.0,38.71525280229387,8.937081370336346,0,1,41,132,204,284,72.0,474.0,1590.0,3313.0,5755.0,8450.0
41000.0,100.0,Nefas - Silk Lafto,1.0,150.0,38.71525280229387,8.937081370336346,0,1,41,132,204,284,72.0,474.0,1590.0,3313.0,5755.0,8450.0
53349.5,100.0,Nefas - Silk Lafto,1.0,150.0,38.71525280229387,8.937081370336346,0,1,41,132,204,284,72.0,474.0,1590.0,3313.0,5755.0,8450.0
51150.0,100.0,Nefas - Silk Lafto,1.0,150.0,38.71525280229387,8.937081370336346,0,1,41,132,204,284,72.0,474.0,1590.0,3313.0,5755.0,8450.0
47150.25,100.0,Nefas - Silk Lafto,1.0,150.0,38.71525280229387,8.937081370336346,0,1,41,132,204,284,72.0,474.0,1590.0,3313.0,5755.0,8450.0
56701.1,100.0,Nefas - Silk Lafto,1.0,150.0,38.71525280229387,8.937081370336346,0,1,41,132,204,284,72.0,474.0,1590.0,3313.0,5755.0,8450.0
51136.55,100.0,Nefas - Silk Lafto,1.0,150.0,38.71525280229387,8.937081370336346,0,1,41,132,204,284,72.0,474.0,1590.0,3313.0,5755.0,8450.0
50667.0,100.0,Nefas - Silk Lafto,1.0,150.0,38.71525280229387,8.937081370336346,0,1,41,132,204,284,72.0,474.0,1590.0,3313.0,5755.0,8450.0
43530.8,100.0,Nefas - Silk Lafto,1.0,150.0,38.71525280229387,8.937081370336346,0,1,41,132,204,284,72.0,474.0,1590.0,3313.0,5755.0,8450.0
42500.0,100.0,Nefas - Silk Lafto,1.0,150.0,38.71525280229387,8.937081370336346,0,1,41,132,204,284,72.0,474.0,1590.0,3313.0,5755.0,8450.0
41620.0,100.0,Nefas - Silk Lafto,1.0,150.0,38.71525280229387,8.937081370336346,0,1,41,132,204,284,72.0,474.0,1590.0,3313.0,5755.0,8450.0
46100.0,100.0,Nefas - Silk Lafto,1.0,154.0,38.71525280229387,8.937081370336346,0,1,41,132,204,284,72.0,474.0,1590.0,3313.0,5755.0,8450.0
40500.0,100.0,Nefas - Silk Lafto,1.0,154.0,38.71525280229387,8.937081370336346,0,1,41,132,204,284,72.0,474.0,1590.0,3313.0,5755.0,8450.0
36500.0,100.0,Nefas - Silk Lafto,1.0,154.0,38.71525280229387,8.937081370336346,0,1,41,132,204,284,72.0,474.0,1590.0,3313.0,5755.0,8450.0
65637.0,45.0,Nefas - Silk Lafto,1.0,259.0,38.71525280229387,8.937081370336346,0,1,41,132,204,284,72.0,474.0,1590.0,3313.0,5755.0,8450.0
38000.0,100.0,Nefas - Silk Lafto,1.0,259.0,38.71525280229387,8.937081370336346,0,1,41,132,204,284,72.0,474.0,1590.0,3313.0,5755.0,8450.0
36000.0,100.0,Nefas - Silk Lafto,1.0,259.0,38.71525280229387,8.937081370336346,0,1,41,132,204,284,72.0,474.0,1590.0,3313.0,5755.0,8450.0
47444.0,100.0,Nefas - Silk Lafto,1.0,150.0,38.71525280229387,8.937081370336346,0,1,41,132,204,284,72.0,474.0,1590.0,3313.0,5755.0,8450.0
61101.0,61.0,Nefas - Silk Lafto,1.0,150.0,38.71525280229387,8.937081370336346,0,1,41,132,204,284,72.0,474.0,1590.0,3313.0,5755.0,8450.0
32999.99,100.0,Nefas - Silk Lafto,1.0,150.0,38.71525280229387,8.937081370336346,0,1,41,132,204,284,72.0,474.0,1590.0,3313.0,5755.0,8450.0
52150.0,100.0,Nefas - Silk Lafto,1.0,150.0,38.71525280229387,8.937081370336346,0,1,41,132,204,284,72.0,474.0,1590.0,3313.0,5755.0,8450.0
42300.0,100.0,Nefas - Silk Lafto,1.0,150.0,38.71525280229387,8.937081370336346,0,1,41,132,204,284,72.0,474.0,1590.0,3313.0,5755.0,8450.0
36800.0,100.0,Nefas - Silk Lafto,1.0,150.0,38.71525280229387,8.937081370336346,0,1,41,132,204,284,72.0,474.0,1590.0,3313.0,5755.0,8450.0
52500.0,100.0,Nefas - Silk Lafto,1.0,150.0,38.71525280229387,8.937081370336346,0,1,41,132,204,284,72.0,474.0,1590.0,3313.0,5755.0,8450.0
51300.0,100.0,Nefas - Silk Lafto,1.0,150.0,38.71525280229387,8.937081370336346,0,1,41,132,204,284,72.0,474.0,1590.0,3313.0,5755.0,8450.0
51081.0,100.0,Nefas - Silk Lafto,1.0,150.0,38.71525280229387,8.937081370336346,0,1,41,132,204,284,72.0,474.0,1590.0,3313.0,5755.0,8450.0
46700.0,100.0,Nefas - Silk Lafto,1.0,150.0,38.71525280229387,8.937081370336346,0,1,41,132,204,284,72.0,474.0,1590.0,3313.0,5755.0,8450.0
46125.0,100.0,Nefas - Silk Lafto,1.0,150.0,38.71525280229387,8.937081370336346,0,1,41,132,204,284,72.0,474.0,1590.0,3313.0,5755.0,8450.0
38150.0,100.0,Nefas - Silk Lafto,1.0,150.0,38.71525280229387,8.937081370336346,0,1,41,132,204,284,72.0,474.0,1590.0,3313.0,5755.0,8450.0
54167.0,100.0,Nefas - Silk Lafto,1.0,150.0,38.71525280229387,8.937081370336346,0,1,41,132,204,284,72.0,474.0,1590.0,3313.0,5755.0,8450.0
43321.0,100.0,Nefas - Silk Lafto,1.0,150.0,38.71525280229387,8.937081370336346,0,1,41,132,204,284,72.0,474.0,1590.0,3313.0,5755.0,8450.0
62120.0,50.0,Nefas - Silk Lafto,1.0,150.0,38.71525280229387,8.937081370336346,0,1,41,132,204,284,72.0,474.0,1590.0,3313.0,5755.0,8450.0
52150.0,100.0,Nefas - Silk Lafto,1.0,150.0,38.71525280229387,8.937081370336346,0,1,41,132,204,284,72.0,474.0,1590.0,3313.0,5755.0,8450.0
37577.0,82.0,Nefas - Silk Lafto,1.0,150.0,38.71525280229387,8.937081370336346,0,1,41,132,204,284,72.0,474.0,1590.0,3313.0,5755.0,8450.0
27634.0,100.0,Nefas - Silk Lafto,1.0,150.0,38.71525280229387,8.937081370336346,0,1,41,132,204,284,72.0,474.0,1590.0,3313.0,5755.0,8450.0
54556.0,100.0,Nefas - Silk Lafto,1.0,150.0,38.71525280229387,8.937081370336346,0,1,41,132,204,284,72.0,474.0,1590.0,3313.0,5755.0,8450.0
45592.8,100.0,Nefas - Silk Lafto,1.0,150.0,38.71525280229387,8.937081370336346,0,1,41,132,204,284,72.0,474.0,1590.0,3313.0,5755.0,8450.0
45521.0,100.0,Nefas - Silk Lafto,1.0,150.0,38.71525280229387,8.937081370336346,0,1,41,132,204,284,72.0,474.0,1590.0,3313.0,5755.0,8450.0
51338.0,100.0,Nefas - Silk Lafto,1.0,150.0,38.71525280229387,8.937081370336346,0,1,41,132,204,284,72.0,474.0,1590.0,3313.0,5755.0,8450.0
56250.0,80.0,Nefas - Silk Lafto,1.0,150.0,38.71525280229387,8.937081370336346,0,1,41,132,204,284,72.0,474.0,1590.0,3313.0,5755.0,8450.0
37555.0,100.0,Nefas - Silk Lafto,1.0,150.0,38.71525280229387,8.937081370336346,0,1,41,132,204,284,72.0,474.0,1590.0,3313.0,5755.0,8450.0
45855.0,100.0,Nefas - Silk Lafto,1.0,150.0,38.71525280229387,8.937081370336346,0,1,41,132,204,284,72.0,474.0,1590.0,3313.0,5755.0,8450.0
41520.0,100.0,Nefas - Silk Lafto,1.0,150.0,38.71525280229387,8.937081370336346,0,1,41,132,204,284,72.0,474.0,1590.0,3313.0,5755.0,8450.0
41101.0,100.0,Nefas - Silk Lafto,1.0,150.0,38.71525280229387,8.937081370336346,0,1,41,132,204,284,72.0,474.0,1590.0,3313.0,5755.0,8450.0
49296.95,100.0,Nefas - Silk Lafto,1.0,150.0,38.71525280229387,8.937081370336346,0,1,41,132,204,284,72.0,474.0,1590.0,3313.0,5755.0,8450.0
70000.0,47.5,Nefas - Silk Lafto,1.0,150.0,38.71525280229387,8.937081370336346,0,1,41,132,204,284,72.0,474.0,1590.0,3313.0,5755.0,8450.0
39900.0,100.0,Nefas - Silk Lafto,1.0,150.0,38.71525280229387,8.937081370336346,0,1,41,132,204,284,72.0,474.0,1590.0,3313.0,5755.0,8450.0
52104.0,100.0,Nefas - Silk Lafto,1.0,150.0,38.71525280229387,8.937081370336346,0,1,41,132,204,284,72.0,474.0,1590.0,3313.0,5755.0,8450.0
51444.0,100.0,Nefas - Silk Lafto,1.0,150.0,38.71525280229387,8.937081370336346,0,1,41,132,204,284,72.0,474.0,1590.0,3313.0,5755.0,8450.0
42192.0,100.0,Nefas - Silk Lafto,1.0,150.0,38.71525280229387,8.937081370336346,0,1,41,132,204,284,72.0,474.0,1590.0,3313.0,5755.0,8450.0
46500.0,100.0,Nefas - Silk Lafto,1.0,150.0,38.71525280229387,8.937081370336346,0,1,41,132,204,284,72.0,474.0,1590.0,3313.0,5755.0,8450.0
43500.0,100.0,Nefas - Silk Lafto,1.0,150.0,38.71525280229387,8.937081370336346,0,1,41,132,204,284,72.0,474.0,1590.0,3313.0,5755.0,8450.0
43333.0,100.0,Nefas - Silk Lafto,1.0,150.0,38.71525280229387,8.937081370336346,0,1,41,132,204,284,72.0,474.0,1590.0,3313.0,5755.0,8450.0
42102.0,100.0,Nefas - Silk Lafto,1.0,150.0,38.71525280229387,8.937081370336346,0,1,41,132,204,284,72.0,474.0,1590.0,3313.0,5755.0,8450.0
41755.56,100.0,Nefas - Silk Lafto,1.0,150.0,38.71525280229387,8.937081370336346,0,1,41,132,204,284,72.0,474.0,1590.0,3313.0,5755.0,8450.0
41000.0,100.0,Nefas - Silk Lafto,1.0,150.0,38.71525280229387,8.937081370336346,0,1,41,132,204,284,72.0,474.0,1590.0,3313.0,5755.0,8450.0
48656.0,100.0,Nefas - Silk Lafto,1.0,145.0,38.71525280229387,8.937081370336346,0,1,41,132,204,284,72.0,474.0,1590.0,3313.0,5755.0,8450.0
48276.0,100.0,Nefas - Silk Lafto,1.0,145.0,38.71525280229387,8.937081370336346,0,1,41,132,204,284,72.0,474.0,1590.0,3313.0,5755.0,8450.0
48000.0,100.0,Nefas - Silk Lafto,1.0,145.0,38.71525280229387,8.937081370336346,0,1,41,132,204,284,72.0,474.0,1590.0,3313.0,5755.0,8450.0
52320.0,100.0,Nefas - Silk Lafto,1.0,156.0,38.71525280229387,8.937081370336346,0,1,41,132,204,284,72.0,474.0,1590.0,3313.0,5755.0,8450.0
48216.0,100.0,Nefas - Silk Lafto,1.0,156.0,38.71525280229387,8.937081370336346,0,1,41,132,204,284,72.0,474.0,1590.0,3313.0,5755.0,8450.0
42156.0,100.0,Nefas - Silk Lafto,1.0,156.0,38.71525280229387,8.937081370336346,0,1,41,132,204,284,72.0,474.0,1590.0,3313.0,5755.0,8450.0
47000.0,100.0,Nefas - Silk Lafto,1.0,214.0,38.71525280229387,8.937081370336346,0,1,41,132,204,284,72.0,474.0,1590.0,3313.0,5755.0,8450.0
46822.22,100.0,Nefas - Silk Lafto,1.0,214.0,38.71525280229387,8.937081370336346,0,1,41,132,204,284,72.0,474.0,1590.0,3313.0,5755.0,8450.0
46050.0,100.0,Nefas - Silk Lafto,1.0,214.0,38.71525280229387,8.937081370336346,0,1,41,132,204,284,72.0,474.0,1590.0,3313.0,5755.0,8450.0
102000.0,47.0,Nefas - Silk Lafto,1.0,150.0,38.71525280229387,8.937081370336346,0,1,41,132,204,284,72.0,474.0,1590.0,3313.0,5755.0,8450.0
52106.0,100.0,Nefas - Silk Lafto,1.0,150.0,38.71525280229387,8.937081370336346,0,1,41,132,204,284,72.0,474.0,1590.0,3313.0,5755.0,8450.0
51220.0,100.0,Nefas - Silk Lafto,1.0,150.0,38.71525280229387,8.937081370336346,0,1,41,132,204,284,72.0,474.0,1590.0,3313.0,5755.0,8450.0
50110.0,100.0,Nefas - Silk Lafto,1.0,146.0,38.71525280229387,8.937081370336346,0,1,41,132,204,284,72.0,474.0,1590.0,3313.0,5755.0,8450.0
46500.0,100.0,Nefas - Silk Lafto,1.0,146.0,38.71525280229387,8.937081370336346,0,1,41,132,204,284,72.0,474.0,1590.0,3313.0,5755.0,8450.0
43656.0,100.0,Nefas - Silk Lafto,1.0,146.0,38.71525280229387,8.937081370336346,0,1,41,132,204,284,72.0,474.0,1590.0,3313.0,5755.0,8450.0
52900.0,100.0,Nefas - Silk Lafto,1.0,261.0,38.71525280229387,8.937081370336346,0,1,41,132,204,284,72.0,474.0,1590.0,3313.0,5755.0,8450.0
45220.0,100.0,Nefas - Silk Lafto,1.0,261.0,38.71525280229387,8.937081370336346,0,1,41,132,204,284,72.0,474.0,1590.0,3313.0,5755.0,8450.0
42650.0,100.0,Nefas - Silk Lafto,1.0,261.0,38.71525280229387,8.937081370336346,0,1,41,132,204,284,72.0,474.0,1590.0,3313.0,5755.0,8450.0
55015.0,100.0,Nefas - Silk Lafto,1.0,164.0,38.71525280229387,8.937081370336346,0,1,41,132,204,284,72.0,474.0,1590.0,3313.0,5755.0,8450.0
51700.0,100.0,Nefas - Silk Lafto,1.0,164.0,38.71525280229387,8.937081370336346,0,1,41,132,204,284,72.0,474.0,1590.0,3313.0,5755.0,8450.0
45732.0,100.0,Nefas - Silk Lafto,1.0,164.0,38.71525280229387,8.937081370336346,0,1,41,132,204,284,72.0,474.0,1590.0,3313.0,5755.0,8450.0
41700.0,100.0,Nefas - Silk Lafto,1.0,250.0,38.71525280229387,8.937081370336346,0,1,41,132,204,284,72.0,474.0,1590.0,3313.0,5755.0,8450.0
65015.0,40.0,Nefas - Silk Lafto,1.0,250.0,38.71525280229387,8.937081370336346,0,1,41,132,204,284,72.0,474.0,1590.0,3313.0,5755.0,8450.0
37121.0,100.0,Nefas - Silk Lafto,1.0,250.0,38.71525280229387,8.937081370336346,0,1,41,132,204,284,72.0,474.0,1590.0,3313.0,5755.0,8450.0
41919.0,100.0,Nefas - Silk Lafto,1.0,250.0,38.71525280229387,8.937081370336346,0,1,41,132,204,284,72.0,474.0,1590.0,3313.0,5755.0,8450.0
45000.0,75.0,Nefas - Silk Lafto,1.0,250.0,38.71525280229387,8.937081370336346,0,1,41,132,204,284,72.0,474.0,1590.0,3313.0,5755.0,8450.0
36100.0,100.0,Nefas - Silk Lafto,1.0,250.0,38.71525280229387,8.937081370336346,0,1,41,132,204,284,72.0,474.0,1590.0,3313.0,5755.0,8450.0
43215.0,100.0,Nefas - Silk Lafto,1.0,250.0,38.71525280229387,8.937081370336346,0,1,41,132,204,284,72.0,474.0,1590.0,3313.0,5755.0,8450.0
41700.0,100.0,Nefas - Silk Lafto,1.0,250.0,38.71525280229387,8.937081370336346,0,1,41,132,204,284,72.0,474.0,1590.0,3313.0,5755.0,8450.0
44352.0,87.0,Nefas - Silk Lafto,1.0,250.0,38.71525280229387,8.937081370336346,0,1,41,132,204,284,72.0,474.0,1590.0,3313.0,5755.0,8450.0
61111.11,100.0,Nefas - Silk Lafto,1.0,250.0,38.71525280229387,8.937081370336346,0,1,41,132,204,284,72.0,474.0,1590.0,3313.0,5755.0,8450.0
46560.12,100.0,Nefas - Silk Lafto,1.0,250.0,38.71525280229387,8.937081370336346,0,1,41,132,204,284,72.0,474.0,1590.0,3313.0,5755.0,8450.0
42380.0,100.0,Nefas - Silk Lafto,1.0,250.0,38.71525280229387,8.937081370336346,0,1,41,132,204,284,72.0,474.0,1590.0,3313.0,5755.0,8450.0
55000.0,100.0,Nefas - Silk Lafto,1.0,250.0,38.71525280229387,8.937081370336346,0,1,41,132,204,284,72.0,474.0,1590.0,3313.0,5755.0,8450.0
45500.0,100.0,Nefas - Silk Lafto,1.0,250.0,38.71525280229387,8.937081370336346,0,1,41,132,204,284,72.0,474.0,1590.0,3313.0,5755.0,8450.0
44320.0,100.0,Nefas - Silk Lafto,1.0,250.0,38.71525280229387,8.937081370336346,0,1,41,132,204,284,72.0,474.0,1590.0,3313.0,5755.0,8450.0
40650.0,100.0,Nefas - Silk Lafto,1.0,202.0,38.71525280229387,8.937081370336346,0,1,41,132,204,284,72.0,474.0,1590.0,3313.0,5755.0,8450.0
40010.0,100.0,Nefas - Silk Lafto,1.0,202.0,38.71525280229387,8.937081370336346,0,1,41,132,204,284,72.0,474.0,1590.0,3313.0,5755.0,8450.0
37000.0,100.0,Nefas - Silk Lafto,1.0,202.0,38.71525280229387,8.937081370336346,0,1,41,132,204,284,72.0,474.0,1590.0,3313.0,5755.0,8450.0
46021.06,100.0,Nefas - Silk Lafto,1.0,175.0,38.71525280229387,8.937081370336346,0,1,41,132,204,284,72.0,474.0,1590.0,3313.0,5755.0,8450.0
48900.0,60.0,Nefas - Silk Lafto,1.0,175.0,38.71525280229387,8.937081370336346,0,1,41,132,204,284,72.0,474.0,1590.0,3313.0,5755.0,8450.0
35100.5,100.0,Nefas - Silk Lafto,1.0,175.0,38.71525280229387,8.937081370336346,0,1,41,132,204,284,72.0,474.0,1590.0,3313.0,5755.0,8450.0
43200.0,100.0,Nefas - Silk Lafto,1.0,175.0,38.71525280229387,8.937081370336346,0,1,41,132,204,284,72.0,474.0,1590.0,3313.0,5755.0,8450.0
41660.0,100.0,Nefas - Silk Lafto,1.0,175.0,38.71525280229387,8.937081370336346,0,1,41,132,204,284,72.0,474.0,1590.0,3313.0,5755.0,8450.0
40200.0,100.0,Nefas - Silk Lafto,1.0,175.0,38.71525280229387,8.937081370336346,0,1,41,132,204,284,72.0,474.0,1590.0,3313.0,5755.0,8450.0
48572.05,100.0,Nefas - Silk Lafto,1.0,175.0,38.71525280229387,8.937081370336346,0,1,41,132,204,284,72.0,474.0,1590.0,3313.0,5755.0,8450.0
42358.9,100.0,Nefas - Silk Lafto,1.0,175.0,38.71525280229387,8.937081370336346,0,1,41,132,204,284,72.0,474.0,1590.0,3313.0,5755.0,8450.0
42100.0,100.0,Nefas - Silk Lafto,1.0,175.0,38.71525280229387,8.937081370336346,0,1,41,132,204,284,72.0,474.0,1590.0,3313.0,5755.0,8450.0
51150.0,85.0,Nefas - Silk Lafto,1.0,175.0,38.71525280229387,8.937081370336346,0,1,41,132,204,284,72.0,474.0,1590.0,3313.0,5755.0,8450.0
45000.0,100.0,Nefas - Silk Lafto,1.0,175.0,38.71525280229387,8.937081370336346,0,1,41,132,204,284,72.0,474.0,1590.0,3313.0,5755.0,8450.0
43275.0,100.0,Nefas - Silk Lafto,1.0,175.0,38.71525280229387,8.937081370336346,0,1,41,132,204,284,72.0,474.0,1590.0,3313.0,5755.0,8450.0
49999.0,60.0,Nefas - Silk Lafto,1.0,175.0,38.71525280229387,8.937081370336346,0,1,41,132,204,284,72.0,474.0,1590.0,3313.0,5755.0,8450.0
53888.35,45.0,Nefas - Silk Lafto,1.0,175.0,38.71525280229387,8.937081370336346,0,1,41,132,204,284,72.0,474.0,1590.0,3313.0,5755.0,8450.0
37500.0,85.0,Nefas - Silk Lafto,1.0,175.0,38.71525280229387,8.937081370336346,0,1,41,132,204,284,72.0,474.0,1590.0,3313.0,5755.0,8450.0
45250.0,100.0,Nefas - Silk Lafto,1.0,175.0,38.71525280229387,8.937081370336346,0,1,41,132,204,284,72.0,474.0,1590.0,3313.0,5755.0,8450.0
37777.0,100.0,Nefas - Silk Lafto,1.0,175.0,38.71525280229387,8.937081370336346,0,1,41,132,204,284,72.0,474.0,1590.0,3313.0,5755.0,8450.0
48600.0,60.0,Nefas - Silk Lafto,1.0,175.0,38.71525280229387,8.937081370336346,0,1,41,132,204,284,72.0,474.0,1590.0,3313.0,5755.0,8450.0
51167.0,100.0,Nefas - Silk Lafto,1.0,175.0,38.71525280229387,8.937081370336346,0,1,41,132,204,284,72.0,474.0,1590.0,3313.0,5755.0,8450.0
43000.0,100.0,Nefas - Silk Lafto,1.0,175.0,38.71525280229387,8.937081370336346,0,1,41,132,204,284,72.0,474.0,1590.0,3313.0,5755.0,8450.0
39100.0,100.0,Nefas - Silk Lafto,1.0,175.0,38.71525280229387,8.937081370336346,0,1,41,132,204,284,72.0,474.0,1590.0,3313.0,5755.0,8450.0
69000.0,52.0,Nefas - Silk Lafto,1.0,175.0,38.71525280229387,8.937081370336346,0,1,41,132,204,284,72.0,474.0,1590.0,3313.0,5755.0,8450.0
44216.0,100.0,Nefas - Silk Lafto,1.0,175.0,38.71525280229387,8.937081370336346,0,1,41,132,204,284,72.0,474.0,1590.0,3313.0,5755.0,8450.0
42300.0,100.0,Nefas - Silk Lafto,1.0,175.0,38.71525280229387,8.937081370336346,0,1,41,132,204,284,72.0,474.0,1590.0,3313.0,5755.0,8450.0
53000.0,100.0,Nefas - Silk Lafto,1.0,175.0,38.71525280229387,8.937081370336346,0,1,41,132,204,284,72.0,474.0,1590.0,3313.0,5755.0,8450.0
44133.0,100.0,Nefas - Silk Lafto,1.0,175.0,38.71525280229387,8.937081370336346,0,1,41,132,204,284,72.0,474.0,1590.0,3313.0,5755.0,8450.0
40121.0,100.0,Nefas - Silk Lafto,1.0,175.0,38.71525280229387,8.937081370336346,0,1,41,132,204,284,72.0,474.0,1590.0,3313.0,5755.0,8450.0
37700.0,100.0,Nefas - Silk Lafto,1.0,255.0,38.71525280229387,8.937081370336346,0,1,41,132,204,284,72.0,474.0,1590.0,3313.0,5755.0,8450.0
52137.6,51.0,Nefas - Silk Lafto,1.0,255.0,38.71525280229387,8.937081370336346,0,1,41,132,204,284,72.0,474.0,1590.0,3313.0,5755.0,8450.0
34650.0,100.0,Nefas - Silk Lafto,1.0,255.0,38.71525280229387,8.937081370336346,0,1,41,132,204,284,72.0,474.0,1590.0,3313.0,5755.0,8450.0
75651.68,40.0,Nefas - Silk Lafto,1.0,267.0,38.71525280229387,8.937081370336346,0,1,41,132,204,284,72.0,474.0,1590.0,3313.0,5755.0,8450.0
40005.0,100.0,Nefas - Silk Lafto,1.0,267.0,38.71525280229387,8.937081370336346,0,1,41,132,204,284,72.0,474.0,1590.0,3313.0,5755.0,8450.0
39355.0,100.0,Nefas - Silk Lafto,1.0,267.0,38.71525280229387,8.937081370336346,0,1,41,132,204,284,72.0,474.0,1590.0,3313.0,5755.0,8450.0
47377.0,100.0,Nefas - Silk Lafto,1.0,175.0,38.71525280229387,8.937081370336346,0,1,41,132,204,284,72.0,474.0,1590.0,3313.0,5755.0,8450.0
45300.0,100.0,Nefas - Silk Lafto,1.0,175.0,38.71525280229387,8.937081370336346,0,1,41,132,204,284,72.0,474.0,1590.0,3313.0,5755.0,8450.0
37959.0,100.0,Nefas - Silk Lafto,1.0,175.0,38.71525280229387,8.937081370336346,0,1,41,132,204,284,72.0,474.0,1590.0,3313.0,5755.0,8450.0
48175.0,100.0,Nefas - Silk Lafto,1.0,175.0,38.71525280229387,8.937081370336346,0,1,41,132,204,284,72.0,474.0,1590.0,3313.0,5755.0,8450.0
46200.0,100.0,Nefas - Silk Lafto,1.0,175.0,38.71525280229387,8.937081370336346,0,1,41,132,204,284,72.0,474.0,1590.0,3313.0,5755.0,8450.0
42850.0,100.0,Nefas - Silk Lafto,1.0,175.0,38.71525280229387,8.937081370336346,0,1,41,132,204,284,72.0,474.0,1590.0,3313.0,5755.0,8450.0
41101.0,100.0,Nefas - Silk Lafto,1.0,175.0,38.71525280229387,8.937081370336346,0,1,41,132,204,284,72.0,474.0,1590.0,3313.0,5755.0,8450.0
40000.0,100.0,Nefas - Silk Lafto,1.0,175.0,38.71525280229387,8.937081370336346,0,1,41,132,204,284,72.0,474.0,1590.0,3313.0,5755.0,8450.0
37500.0,100.0,Nefas - Silk Lafto,1.0,175.0,38.71525280229387,8.937081370336346,0,1,41,132,204,284,72.0,474.0,1590.0,3313.0,5755.0,8450.0
41230.6,100.0,Nefas - Silk Lafto,1.0,175.0,38.71525280229387,8.937081370336346,0,1,41,132,204,284,72.0,474.0,1590.0,3313.0,5755.0,8450.0
40000.0,100.0,Nefas - Silk Lafto,1.0,175.0,38.71525280229387,8.937081370336346,0,1,41,132,204,284,72.0,474.0,1590.0,3313.0,5755.0,8450.0
38285.0,100.0,Nefas - Silk Lafto,1.0,175.0,38.71525280229387,8.937081370336346,0,1,41,132,204,284,72.0,474.0,1590.0,3313.0,5755.0,8450.0
43100.5,100.0,Nefas - Silk Lafto,1.0,175.0,38.71525280229387,8.937081370336346,0,1,41,132,204,284,72.0,474.0,1590.0,3313.0,5755.0,8450.0
42100.0,100.0,Nefas - Silk Lafto,1.0,175.0,38.71525280229387,8.937081370336346,0,1,41,132,204,284,72.0,474.0,1590.0,3313.0,5755.0,8450.0
41828.0,100.0,Nefas - Silk Lafto,1.0,175.0,38.71525280229387,8.937081370336346,0,1,41,132,204,284,72.0,474.0,1590.0,3313.0,5755.0,8450.0
41513.0,100.0,Nefas - Silk Lafto,1.0,175.0,38.71525280229387,8.937081370336346,0,1,41,132,204,284,72.0,474.0,1590.0,3313.0,5755.0,8450.0
41101.0,100.0,Nefas - Silk Lafto,1.0,175.0,38.71525280229387,8.937081370336346,0,1,41,132,204,284,72.0,474.0,1590.0,3313.0,5755.0,8450.0
35000.0,100.0,Nefas - Silk Lafto,1.0,175.0,38.71525280229387,8.937081370336346,0,1,41,132,204,284,72.0,474.0,1590.0,3313.0,5755.0,8450.0
43210.0,100.0,Nefas - Silk Lafto,1.0,175.0,38.71525280229387,8.937081370336346,0,1,41,132,204,284,72.0,474.0,1590.0,3313.0,5755.0,8450.0
41300.0,100.0,Nefas - Silk Lafto,1.0,175.0,38.71525280229387,8.937081370336346,0,1,41,132,204,284,72.0,474.0,1590.0,3313.0,5755.0,8450.0
41100.5,100.0,Nefas - Silk Lafto,1.0,175.0,38.71525280229387,8.937081370336346,0,1,41,132,204,284,72.0,474.0,1590.0,3313.0,5755.0,8450.0
62660.0,100.0,Nefas - Silk Lafto,1.0,175.0,38.71525280229387,8.937081370336346,0,1,41,132,204,284,72.0,474.0,1590.0,3313.0,5755.0,8450.0
47314.19,100.0,Nefas - Silk Lafto,1.0,175.0,38.71525280229387,8.937081370336346,0,1,41,132,204,284,72.0,474.0,1590.0,3313.0,5755.0,8450.0
42150.0,100.0,Nefas - Silk Lafto,1.0,175.0,38.71525280229387,8.937081370336346,0,1,41,132,204,284,72.0,474.0,1590.0,3313.0,5755.0,8450.0
41101.0,100.0,Nefas - Silk Lafto,1.0,175.0,38.71525280229387,8.937081370336346,0,1,41,132,204,284,72.0,474.0,1590.0,3313.0,5755.0,8450.0
41000.0,100.0,Nefas - Silk Lafto,1.0,175.0,38.71525280229387,8.937081370336346,0,1,41,132,204,284,72.0,474.0,1590.0,3313.0,5755.0,8450.0
38700.0,100.0,Nefas - Silk Lafto,1.0,175.0,38.71525280229387,8.937081370336346,0,1,41,132,204,284,72.0,474.0,1590.0,3313.0,5755.0,8450.0
48414.0,100.0,Nefas - Silk Lafto,1.0,176.0,38.71525280229387,8.937081370336346,0,1,41,132,204,284,72.0,474.0,1590.0,3313.0,5755.0,8450.0
42175.0,100.0,Nefas - Silk Lafto,1.0,176.0,38.71525280229387,8.937081370336346,0,1,41,132,204,284,72.0,474.0,1590.0,3313.0,5755.0,8450.0
41000.0,100.0,Nefas - Silk Lafto,1.0,176.0,38.71525280229387,8.937081370336346,0,1,41,132,204,284,72.0,474.0,1590.0,3313.0,5755.0,8450.0
53100.0,100.0,Nefas - Silk Lafto,1.0,227.0,38.71525280229387,8.937081370336346,0,1,41,132,204,284,72.0,474.0,1590.0,3313.0,5755.0,8450.0
49000.0,100.0,Nefas - Silk Lafto,1.0,227.0,38.71525280229387,8.937081370336346,0,1,41,132,204,284,72.0,474.0,1590.0,3313.0,5755.0,8450.0
45000.0,100.0,Nefas - Silk Lafto,1.0,227.0,38.71525280229387,8.937081370336346,0,1,41,132,204,284,72.0,474.0,1590.0,3313.0,5755.0,8450.0
45000.0,100.0,Nefas - Silk Lafto,1.0,150.0,38.71525280229387,8.937081370336346,0,1,41,132,204,284,72.0,474.0,1590.0,3313.0,5755.0,8450.0
35750.0,100.0,Nefas - Silk Lafto,1.0,150.0,38.71525280229387,8.937081370336346,0,1,41,132,204,284,72.0,474.0,1590.0,3313.0,5755.0,8450.0
25000.0,100.0,Nefas - Silk Lafto,1.0,150.0,38.71525280229387,8.937081370336346,0,1,41,132,204,284,72.0,474.0,1590.0,3313.0,5755.0,8450.0
45200.0,100.0,Nefas - Silk Lafto,1.0,150.0,38.71525280229387,8.937081370336346,0,1,41,132,204,284,72.0,474.0,1590.0,3313.0,5755.0,8450.0
36100.0,100.0,Nefas - Silk Lafto,1.0,150.0,38.71525280229387,8.937081370336346,0,1,41,132,204,284,72.0,474.0,1590.0,3313.0,5755.0,8450.0
38122.0,90.0,Nefas - Silk Lafto,1.0,150.0,38.71525280229387,8.937081370336346,0,1,41,132,204,284,72.0,474.0,1590.0,3313.0,5755.0,8450.0
32228.0,100.0,Nefas - Silk Lafto,1.0,150.0,38.71525280229387,8.937081370336346,0,1,41,132,204,284,72.0,474.0,1590.0,3313.0,5755.0,8450.0
31950.0,100.0,Nefas - Silk Lafto,1.0,150.0,38.71525280229387,8.937081370336346,0,1,41,132,204,284,72.0,474.0,1590.0,3313.0,5755.0,8450.0
37876.0,76.0,Nefas - Silk Lafto,1.0,150.0,38.71525280229387,8.937081370336346,0,1,41,132,204,284,72.0,474.0,1590.0,3313.0,5755.0,8450.0
36000.0,100.0,Nefas - Silk Lafto,1.0,150.0,38.71525280229387,8.937081370336346,0,1,41,132,204,284,72.0,474.0,1590.0,3313.0,5755.0,8450.0
33150.0,100.0,Nefas - Silk Lafto,1.0,150.0,38.71525280229387,8.937081370336346,0,1,41,132,204,284,72.0,474.0,1590.0,3313.0,5755.0,8450.0
24000.0,100.0,Nefas - Silk Lafto,1.0,150.0,38.71525280229387,8.937081370336346,0,1,41,132,204,284,72.0,474.0,1590.0,3313.0,5755.0,8450.0
81200.0,50.0,Nefas - Silk Lafto,1.0,150.0,38.71525280229387,8.937081370336346,0,1,41,132,204,284,72.0,474.0,1590.0,3313.0,5755.0,8450.0
44444.0,100.0,Nefas - Silk Lafto,1.0,150.0,38.71525280229387,8.937081370336346,0,1,41,132,204,284,72.0,474.0,1590.0,3313.0,5755.0,8450.0
41255.5,100.0,Nefas - Silk Lafto,1.0,150.0,38.71525280229387,8.937081370336346,0,1,41,132,204,284,72.0,474.0,1590.0,3313.0,5755.0,8450.0
50016.21,100.0,Nefas - Silk Lafto,1.0,150.0,38.71525280229387,8.937081370336346,0,1,41,132,204,284,72.0,474.0,1590.0,3313.0,5755.0,8450.0
35716.0,100.0,Nefas - Silk Lafto,1.0,150.0,38.71525280229387,8.937081370336346,0,1,41,132,204,284,72.0,474.0,1590.0,3313.0,5755.0,8450.0
32301.0,100.0,Nefas - Silk Lafto,1.0,150.0,38.71525280229387,8.937081370336346,0,1,41,132,204,284,72.0,474.0,1590.0,3313.0,5755.0,8450.0
44278.0,100.0,Nefas - Silk Lafto,1.0,150.0,38.71525280229387,8.937081370336346,0,1,41,132,204,284,72.0,474.0,1590.0,3313.0,5755.0,8450.0
43500.0,100.0,Nefas - Silk Lafto,1.0,150.0,38.71525280229387,8.937081370336346,0,1,41,132,204,284,72.0,474.0,1590.0,3313.0,5755.0,8450.0
35012.0,100.0,Nefas - Silk Lafto,1.0,150.0,38.71525280229387,8.937081370336346,0,1,41,132,204,284,72.0,474.0,1590.0,3313.0,5755.0,8450.0
45000.0,100.0,Nefas - Silk Lafto,1.0,232.0,38.71525280229387,8.937081370336346,0,1,41,132,204,284,72.0,474.0,1590.0,3313.0,5755.0,8450.0
44200.0,100.0,Nefas - Silk Lafto,1.0,232.0,38.71525280229387,8.937081370336346,0,1,41,132,204,284,72.0,474.0,1590.0,3313.0,5755.0,8450.0
36700.0,100.0,Nefas - Silk Lafto,1.0,232.0,38.71525280229387,8.937081370336346,0,1,41,132,204,284,72.0,474.0,1590.0,3313.0,5755.0,8450.0
52400.0,100.0,Nefas - Silk Lafto,1.0,125.0,38.71525280229387,8.937081370336346,0,1,41,132,204,284,72.0,474.0,1590.0,3313.0,5755.0,8450.0
65111.5,40.0,Nefas - Silk Lafto,1.0,125.0,38.71525280229387,8.937081370336346,0,1,41,132,204,284,72.0,474.0,1590.0,3313.0,5755.0,8450.0
32000.0,100.0,Nefas - Silk Lafto,1.0,125.0,38.71525280229387,8.937081370336346,0,1,41,132,204,284,72.0,474.0,1590.0,3313.0,5755.0,8450.0
51500.0,65.0,Nefas - Silk Lafto,1.0,150.0,38.71525280229387,8.937081370336346,0,1,41,132,204,284,72.0,474.0,1590.0,3313.0,5755.0,8450.0
47050.0,70.0,Nefas - Silk Lafto,1.0,150.0,38.71525280229387,8.937081370336346,0,1,41,132,204,284,72.0,474.0,1590.0,3313.0,5755.0,8450.0
41250.0,80.0,Nefas - Silk Lafto,1.0,150.0,38.71525280229387,8.937081370336346,0,1,41,132,204,284,72.0,474.0,1590.0,3313.0,5755.0,8450.0
51000.0,65.0,Nefas - Silk Lafto,1.0,150.0,38.71525280229387,8.937081370336346,0,1,41,132,204,284,72.0,474.0,1590.0,3313.0,5755.0,8450.0
38010.0,100.0,Nefas - Silk Lafto,1.0,150.0,38.71525280229387,8.937081370336346,0,1,41,132,204,284,72.0,474.0,1590.0,3313.0,5755.0,8450.0
36200.0,65.0,Nefas - Silk Lafto,1.0,150.0,38.71525280229387,8.937081370336346,0,1,41,132,204,284,72.0,474.0,1590.0,3313.0,5755.0,8450.0
43319.0,100.0,Nefas - Silk Lafto,1.0,150.0,38.71525280229387,8.937081370336346,0,1,41,132,204,284,72.0,474.0,1590.0,3313.0,5755.0,8450.0
36100.0,100.0,Nefas - Silk Lafto,1.0,150.0,38.71525280229387,8.937081370336346,0,1,41,132,204,284,72.0,474.0,1590.0,3313.0,5755.0,8450.0
35111.0,100.0,Nefas - Silk Lafto,1.0,150.0,38.71525280229387,8.937081370336346,0,1,41,132,204,284,72.0,474.0,1590.0,3313.0,5755.0,8450.0
45102.0,100.0,Nefas - Silk Lafto,1.0,150.0,38.71525280229387,8.937081370336346,0,1,41,132,204,284,72.0,474.0,1590.0,3313.0,5755.0,8450.0
41880.0,100.0,Nefas - Silk Lafto,1.0,150.0,38.71525280229387,8.937081370336346,0,1,41,132,204,284,72.0,474.0,1590.0,3313.0,5755.0,8450.0
41218.21,100.0,Nefas - Silk Lafto,1.0,150.0,38.71525280229387,8.937081370336346,0,1,41,132,204,284,72.0,474.0,1590.0,3313.0,5755.0,8450.0
39150.0,100.0,Nefas - Silk Lafto,1.0,150.0,38.71525280229387,8.937081370336346,0,1,41,132,204,284,72.0,474.0,1590.0,3313.0,5755.0,8450.0
33380.0,100.0,Nefas - Silk Lafto,1.0,150.0,38.71525280229387,8.937081370336346,0,1,41,132,204,284,72.0,474.0,1590.0,3313.0,5755.0,8450.0
25000.0,100.0,Nefas - Silk Lafto,1.0,150.0,38.71525280229387,8.937081370336346,0,1,41,132,204,284,72.0,474.0,1590.0,3313.0,5755.0,8450.0
41620.0,100.0,Nefas - Silk Lafto,1.0,150.0,38.71525280229387,8.937081370336346,0,1,41,132,204,284,72.0,474.0,1590.0,3313.0,5755.0,8450.0
61000.0,40.0,Nefas - Silk Lafto,1.0,150.0,38.71525280229387,8.937081370336346,0,1,41,132,204,284,72.0,474.0,1590.0,3313.0,5755.0,8450.0
47300.5,70.25,Nefas - Silk Lafto,1.0,150.0,38.71525280229387,8.937081370336346,0,1,41,132,204,284,72.0,474.0,1590.0,3313.0,5755.0,8450.0
76638.0,40.0,Nefas - Silk Lafto,1.0,150.0,38.71525280229387,8.937081370336346,0,1,41,132,204,284,72.0,474.0,1590.0,3313.0,5755.0,8450.0
42270.0,100.0,Nefas - Silk Lafto,1.0,150.0,38.71525280229387,8.937081370336346,0,1,41,132,204,284,72.0,474.0,1590.0,3313.0,5755.0,8450.0
40227.21,100.0,Nefas - Silk Lafto,1.0,150.0,38.71525280229387,8.937081370336346,0,1,41,132,204,284,72.0,474.0,1590.0,3313.0,5755.0,8450.0
48270.0,100.0,Nefas - Silk Lafto,1.0,150.0,38.71525280229387,8.937081370336346,0,1,41,132,204,284,72.0,474.0,1590.0,3313.0,5755.0,8450.0
43200.0,100.0,Nefas - Silk Lafto,1.0,150.0,38.71525280229387,8.937081370336346,0,1,41,132,204,284,72.0,474.0,1590.0,3313.0,5755.0,8450.0
37336.0,100.0,Nefas - Silk Lafto,1.0,150.0,38.71525280229387,8.937081370336346,0,1,41,132,204,284,72.0,474.0,1590.0,3313.0,5755.0,8450.0
43220.35,100.0,Nefas - Silk Lafto,1.0,177.0,38.71525280229387,8.937081370336346,0,1,41,132,204,284,72.0,474.0,1590.0,3313.0,5755.0,8450.0
36700.0,100.0,Nefas - Silk Lafto,1.0,177.0,38.71525280229387,8.937081370336346,0,1,41,132,204,284,72.0,474.0,1590.0,3313.0,5755.0,8450.0
52000.0,52.0,Nefas - Silk Lafto,1.0,177.0,38.71525280229387,8.937081370336346,0,1,41,132,204,284,72.0,474.0,1590.0,3313.0,5755.0,8450.0
50552.0,100.0,Nefas - Silk Lafto,1.0,222.0,38.71525280229387,8.937081370336346,0,1,41,132,204,284,72.0,474.0,1590.0,3313.0,5755.0,8450.0
45000.0,100.0,Nefas - Silk Lafto,1.0,222.0,38.71525280229387,8.937081370336346,0,1,41,132,204,284,72.0,474.0,1590.0,3313.0,5755.0,8450.0
36112.0,70.0,Nefas - Silk Lafto,1.0,222.0,38.71525280229387,8.937081370336346,0,1,41,132,204,284,72.0,474.0,1590.0,3313.0,5755.0,8450.0
43114.0,65.0,Nefas - Silk Lafto,1.0,150.0,38.71525280229387,8.937081370336346,0,1,41,132,204,284,72.0,474.0,1590.0,3313.0,5755.0,8450.0
46000.0,50.0,Nefas - Silk Lafto,1.0,150.0,38.71525280229387,8.937081370336346,0,1,41,132,204,284,72.0,474.0,1590.0,3313.0,5755.0,8450.0
36000.0,80.0,Nefas - Silk Lafto,1.0,150.0,38.71525280229387,8.937081370336346,0,1,41,132,204,284,72.0,474.0,1590.0,3313.0,5755.0,8450.0
45755.0,100.0,Nefas - Silk Lafto,1.0,150.0,38.71525280229387,8.937081370336346,0,1,41,132,204,284,72.0,474.0,1590.0,3313.0,5755.0,8450.0
27654.0,100.0,Nefas - Silk Lafto,1.0,150.0,38.71525280229387,8.937081370336346,0,1,41,132,204,284,72.0,474.0,1590.0,3313.0,5755.0,8450.0
36000.0,60.0,Nefas - Silk Lafto,1.0,150.0,38.71525280229387,8.937081370336346,0,1,41,132,204,284,72.0,474.0,1590.0,3313.0,5755.0,8450.0
21000.0,100.0,Nefas - Silk Lafto,1.0,150.0,38.71525280229387,8.937081370336346,0,1,41,132,204,284,72.0,474.0,1590.0,3313.0,5755.0,8450.0
20000.0,100.0,Nefas - Silk Lafto,1.0,150.0,38.71525280229387,8.937081370336346,0,1,41,132,204,284,72.0,474.0,1590.0,3313.0,5755.0,8450.0
16500.0,100.0,Nefas - Silk Lafto,1.0,150.0,38.71525280229387,8.937081370336346,0,1,41,132,204,284,72.0,474.0,1590.0,3313.0,5755.0,8450.0
55000.0,100.0,Nefas - Silk Lafto,1.0,150.0,38.71525280229387,8.937081370336346,0,1,41,132,204,284,72.0,474.0,1590.0,3313.0,5755.0,8450.0
46200.0,100.0,Nefas - Silk Lafto,1.0,150.0,38.71525280229387,8.937081370336346,0,1,41,132,204,284,72.0,474.0,1590.0,3313.0,5755.0,8450.0
41100.0,100.0,Nefas - Silk Lafto,1.0,150.0,38.71525280229387,8.937081370336346,0,1,41,132,204,284,72.0,474.0,1590.0,3313.0,5755.0,8450.0
41873.93,100.0,Nefas - Silk Lafto,1.0,150.0,38.71525280229387,8.937081370336346,0,1,41,132,204,284,72.0,474.0,1590.0,3313.0,5755.0,8450.0
60000.0,40.0,Nefas - Silk Lafto,1.0,150.0,38.71525280229387,8.937081370336346,0,1,41,132,204,284,72.0,474.0,1590.0,3313.0,5755.0,8450.0
32254.0,100.0,Nefas - Silk Lafto,1.0,150.0,38.71525280229387,8.937081370336346,0,1,41,132,204,284,72.0,474.0,1590.0,3313.0,5755.0,8450.0
46555.0,100.0,Nefas - Silk Lafto,1.0,150.0,38.71525280229387,8.937081370336346,0,1,41,132,204,284,72.0,474.0,1590.0,3313.0,5755.0,8450.0
32127.0,100.0,Nefas - Silk Lafto,1.0,150.0,38.71525280229387,8.937081370336346,0,1,41,132,204,284,72.0,474.0,1590.0,3313.0,5755.0,8450.0
30040.0,100.0,Nefas - Silk Lafto,1.0,150.0,38.71525280229387,8.937081370336346,0,1,41,132,204,284,72.0,474.0,1590.0,3313.0,5755.0,8450.0
55959.0,70.0,Nefas - Silk Lafto,1.0,211.0,38.71525280229387,8.937081370336346,0,1,41,132,204,284,72.0,474.0,1590.0,3313.0,5755.0,8450.0
41000.0,100.0,Nefas - Silk Lafto,1.0,211.0,38.71525280229387,8.937081370336346,0,1,41,132,204,284,72.0,474.0,1590.0,3313.0,5755.0,8450.0
39700.0,100.0,Nefas - Silk Lafto,1.0,211.0,38.71525280229387,8.937081370336346,0,1,41,132,204,284,72.0,474.0,1590.0,3313.0,5755.0,8450.0
47000.0,100.0,Nefas - Silk Lafto,1.0,144.0,38.71525280229387,8.937081370336346,0,1,41,132,204,284,72.0,474.0,1590.0,3313.0,5755.0,8450.0
38000.0,100.0,Nefas - Silk Lafto,1.0,144.0,38.71525280229387,8.937081370336346,0,1,41,132,204,284,72.0,474.0,1590.0,3313.0,5755.0,8450.0
32000.0,100.0,Nefas - Silk Lafto,1.0,144.0,38.71525280229387,8.937081370336346,0,1,41,132,204,284,72.0,474.0,1590.0,3313.0,5755.0,8450.0
51300.0,100.0,Nefas - Silk Lafto,1.0,122.0,38.71525280229387,8.937081370336346,0,1,41,132,204,284,72.0,474.0,1590.0,3313.0,5755.0,8450.0
51112.0,100.0,Nefas - Silk Lafto,1.0,122.0,38.71525280229387,8.937081370336346,0,1,41,132,204,284,72.0,474.0,1590.0,3313.0,5755.0,8450.0
64216.0,60.0,Nefas - Silk Lafto,1.0,122.0,38.71525280229387,8.937081370336346,0,1,41,132,204,284,72.0,474.0,1590.0,3313.0,5755.0,8450.0
39955.0,100.0,Nefas - Silk Lafto,1.0,150.0,38.71525280229387,8.937081370336346,0,1,41,132,204,284,72.0,474.0,1590.0,3313.0,5755.0,8450.0
42214.0,70.0,Nefas - Silk Lafto,1.0,150.0,38.71525280229387,8.937081370336346,0,1,41,132,204,284,72.0,474.0,1590.0,3313.0,5755.0,8450.0
41100.0,51.0,Nefas - Silk Lafto,1.0,150.0,38.71525280229387,8.937081370336346,0,1,41,132,204,284,72.0,474.0,1590.0,3313.0,5755.0,8450.0
45755.0,100.0,Nefas - Silk Lafto,1.0,150.0,38.71525280229387,8.937081370336346,0,1,41,132,204,284,72.0,474.0,1590.0,3313.0,5755.0,8450.0
41804.0,100.0,Nefas - Silk Lafto,1.0,150.0,38.71525280229387,8.937081370336346,0,1,41,132,204,284,72.0,474.0,1590.0,3313.0,5755.0,8450.0
48180.0,80.0,Nefas - Silk Lafto,1.0,150.0,38.71525280229387,8.937081370336346,0,1,41,132,204,284,72.0,474.0,1590.0,3313.0,5755.0,8450.0
51200.0,100.0,Nefas - Silk Lafto,1.0,150.0,38.71525280229387,8.937081370336346,0,1,41,132,204,284,72.0,474.0,1590.0,3313.0,5755.0,8450.0
36787.0,100.0,Nefas - Silk Lafto,1.0,150.0,38.71525280229387,8.937081370336346,0,1,41,132,204,284,72.0,474.0,1590.0,3313.0,5755.0,8450.0
42214.0,70.0,Nefas - Silk Lafto,1.0,150.0,38.71525280229387,8.937081370336346,0,1,41,132,204,284,72.0,474.0,1590.0,3313.0,5755.0,8450.0
59100.0,91.0,Nefas - Silk Lafto,1.0,150.0,38.71525280229387,8.937081370336346,0,1,41,132,204,284,72.0,474.0,1590.0,3313.0,5755.0,8450.0
40119.0,100.0,Nefas - Silk Lafto,1.0,150.0,38.71525280229387,8.937081370336346,0,1,41,132,204,284,72.0,474.0,1590.0,3313.0,5755.0,8450.0
48150.0,50.0,Nefas - Silk Lafto,1.0,150.0,38.71525280229387,8.937081370336346,0,1,41,132,204,284,72.0,474.0,1590.0,3313.0,5755.0,8450.0
45810.0,81.0,Nefas - Silk Lafto,1.0,150.0,38.71525280229387,8.937081370336346,0,1,41,132,204,284,72.0,474.0,1590.0,3313.0,5755.0,8450.0
26611.0,100.0,Nefas - Silk Lafto,1.0,150.0,38.71525280229387,8.937081370336346,0,1,41,132,204,284,72.0,474.0,1590.0,3313.0,5755.0,8450.0
28000.0,40.0,Nefas - Silk Lafto,1.0,150.0,38.71525280229387,8.937081370336346,0,1,41,132,204,284,72.0,474.0,1590.0,3313.0,5755.0,8450.0
45000.0,100.0,Nefas - Silk Lafto,1.0,150.0,38.71525280229387,8.937081370336346,0,1,41,132,204,284,72.0,474.0,1590.0,3313.0,5755.0,8450.0
51121.0,50.0,Nefas - Silk Lafto,1.0,150.0,38.71525280229387,8.937081370336346,0,1,41,132,204,284,72.0,474.0,1590.0,3313.0,5755.0,8450.0
31119.0,100.0,Nefas - Silk Lafto,1.0,150.0,38.71525280229387,8.937081370336346,0,1,41,132,204,284,72.0,474.0,1590.0,3313.0,5755.0,8450.0
66483.0,100.0,Nefas - Silk Lafto,1.0,150.0,38.71525280229387,8.937081370336346,0,1,41,132,204,284,72.0,474.0,1590.0,3313.0,5755.0,8450.0
50000.0,90.0,Nefas - Silk Lafto,1.0,150.0,38.71525280229387,8.937081370336346,0,1,41,132,204,284,72.0,474.0,1590.0,3313.0,5755.0,8450.0
44200.0,100.0,Nefas - Silk Lafto,1.0,150.0,38.71525280229387,8.937081370336346,0,1,41,132,204,284,72.0,474.0,1590.0,3313.0,5755.0,8450.0
59959.0,90.0,Nefas - Silk Lafto,1.0,156.0,38.71525280229387,8.937081370336346,0,1,41,132,204,284,72.0,474.0,1590.0,3313.0,5755.0,8450.0
42667.0,100.0,Nefas - Silk Lafto,1.0,156.0,38.71525280229387,8.937081370336346,0,1,41,132,204,284,72.0,474.0,1590.0,3313.0,5755.0,8450.0
41665.0,100.0,Nefas - Silk Lafto,1.0,156.0,38.71525280229387,8.937081370336346,0,1,41,132,204,284,72.0,474.0,1590.0,3313.0,5755.0,8450.0
48205.0,100.0,Kirkos,8.0,963.0,38.76926045628582,9.014535142559252,43,130,600,1204,1602,1869,112.0,501.0,2047.0,4545.0,7530.0,10794.0
31321.0,100.0,Kirkos,8.0,963.0,38.76926045628582,9.014535142559252,43,130,600,1204,1602,1869,112.0,501.0,2047.0,4545.0,7530.0,10794.0
42177.0,56.0,Kirkos,8.0,963.0,38.76926045628582,9.014535142559252,43,130,600,1204,1602,1869,112.0,501.0,2047.0,4545.0,7530.0,10794.0
94200.0,100.0,Kirkos,8.0,1094.0,38.76926045628582,9.014535142559252,43,130,600,1204,1602,1869,112.0,501.0,2047.0,4545.0,7530.0,10794.0
77110.0,100.0,Kirkos,8.0,1094.0,38.76926045628582,9.014535142559252,43,130,600,1204,1602,1869,112.0,501.0,2047.0,4545.0,7530.0,10794.0
101355.0,50.0,Kirkos,8.0,1094.0,38.76926045628582,9.014535142559252,43,130,600,1204,1602,1869,112.0,501.0,2047.0,4545.0,7530.0,10794.0
86700.0,100.0,Kirkos,8.0,1274.0,38.76926045628582,9.014535142559252,43,130,600,1204,1602,1869,112.0,501.0,2047.0,4545.0,7530.0,10794.0
58500.0,100.0,Kirkos,8.0,1274.0,38.76926045628582,9.014535142559252,43,130,600,1204,1602,1869,112.0,501.0,2047.0,4545.0,7530.0,10794.0
65200.0,70.0,Kirkos,8.0,1274.0,38.76926045628582,9.014535142559252,43,130,600,1204,1602,1869,112.0,501.0,2047.0,4545.0,7530.0,10794.0
102150.0,93.0,Kirkos,8.0,780.0,38.76926045628582,9.014535142559252,43,130,600,1204,1602,1869,112.0,501.0,2047.0,4545.0,7530.0,10794.0
78100.0,100.0,Kirkos,8.0,780.0,38.76926045628582,9.014535142559252,43,130,600,1204,1602,1869,112.0,501.0,2047.0,4545.0,7530.0,10794.0
53513.0,100.0,Kirkos,8.0,780.0,38.76926045628582,9.014535142559252,43,130,600,1204,1602,1869,112.0,501.0,2047.0,4545.0,7530.0,10794.0
92455.0,55.0,Kirkos,8.0,649.0,38.76926045628582,9.014535142559252,43,130,600,1204,1602,1869,112.0,501.0,2047.0,4545.0,7530.0,10794.0
62428.62,100.0,Kirkos,8.0,649.0,38.76926045628582,9.014535142559252,43,130,600,1204,1602,1869,112.0,501.0,2047.0,4545.0,7530.0,10794.0
51300.0,100.0,Kirkos,8.0,649.0,38.76926045628582,9.014535142559252,43,130,600,1204,1602,1869,112.0,501.0,2047.0,4545.0,7530.0,10794.0
218000.0,40.0,Kirkos,8.0,615.0,38.76926045628582,9.014535142559252,43,130,600,1204,1602,1869,112.0,501.0,2047.0,4545.0,7530.0,10794.0
120899.0,100.0,Kirkos,8.0,615.0,38.76926045628582,9.014535142559252,43,130,600,1204,1602,1869,112.0,501.0,2047.0,4545.0,7530.0,10794.0
110100.0,100.0,Kirkos,8.0,615.0,38.76926045628582,9.014535142559252,43,130,600,1204,1602,1869,112.0,501.0,2047.0,4545.0,7530.0,10794.0
265000.0,45.0,Kirkos,8.0,609.0,38.76926045628582,9.014535142559252,43,130,600,1204,1602,1869,112.0,501.0,2047.0,4545.0,7530.0,10794.0
115021.29,100.0,Kirkos,8.0,609.0,38.76926045628582,9.014535142559252,43,130,600,1204,1602,1869,112.0,501.0,2047.0,4545.0,7530.0,10794.0
102024.0,100.0,Kirkos,8.0,609.0,38.76926045628582,9.014535142559252,43,130,600,1204,1602,1869,112.0,501.0,2047.0,4545.0,7530.0,10794.0
67250.0,100.0,Kirkos,8.0,1487.0,38.76926045628582,9.014535142559252,43,130,600,1204,1602,1869,112.0,501.0,2047.0,4545.0,7530.0,10794.0
87000.0,40.0,Kirkos,8.0,1487.0,38.76926045628582,9.014535142559252,43,130,600,1204,1602,1869,112.0,501.0,2047.0,4545.0,7530.0,10794.0
50354.0,100.0,Kirkos,8.0,1487.0,38.76926045628582,9.014535142559252,43,130,600,1204,1602,1869,112.0,501.0,2047.0,4545.0,7530.0,10794.0
30150.0,100.0,Kolfe Keranyo,5.0,299.0,38.70133998874034,8.99109133083579,0,20,69,157,325,630,137.0,567.0,2418.0,4865.0,8440.0,12430.0
33855.0,70.0,Kolfe Keranyo,5.0,299.0,38.70133998874034,8.99109133083579,0,20,69,157,325,630,137.0,567.0,2418.0,4865.0,8440.0,12430.0
33444.8,70.0,Kolfe Keranyo,5.0,299.0,38.70133998874034,8.99109133083579,0,20,69,157,325,630,137.0,567.0,2418.0,4865.0,8440.0,12430.0
37123.0,100.0,Kolfe Keranyo,5.0,539.0,38.70133998874034,8.99109133083579,0,20,69,157,325,630,137.0,567.0,2418.0,4865.0,8440.0,12430.0
41050.0,70.0,Kolfe Keranyo,5.0,539.0,38.70133998874034,8.99109133083579,0,20,69,157,325,630,137.0,567.0,2418.0,4865.0,8440.0,12430.0
30500.0,100.0,Kolfe Keranyo,5.0,539.0,38.70133998874034,8.99109133083579,0,20,69,157,325,630,137.0,567.0,2418.0,4865.0,8440.0,12430.0
31652.0,100.0,Kolfe Keranyo,5.0,579.0,38.70133998874034,8.99109133083579,0,20,69,157,325,630,137.0,567.0,2418.0,4865.0,8440.0,12430.0
26116.0,100.0,Kolfe Keranyo,5.0,579.0,38.70133998874034,8.99109133083579,0,20,69,157,325,630,137.0,567.0,2418.0,4865.0,8440.0,12430.0
25000.0,100.0,Kolfe Keranyo,5.0,579.0,38.70133998874034,8.99109133083579,0,20,69,157,325,630,137.0,567.0,2418.0,4865.0,8440.0,12430.0
83799.0,100.0,Kolfe Keranyo,6.0,180.0,38.702288591201686,9.003911166640634,1,12,56,156,354,641,201.0,689.0,2324.0,4794.0,8577.0,12643.0
75100.0,100.0,Kolfe Keranyo,6.0,180.0,38.702288591201686,9.003911166640634,1,12,56,156,354,641,201.0,689.0,2324.0,4794.0,8577.0,12643.0
72255.05,100.0,Kolfe Keranyo,6.0,180.0,38.702288591201686,9.003911166640634,1,12,56,156,354,641,201.0,689.0,2324.0,4794.0,8577.0,12643.0
72271.0,100.0,Kolfe Keranyo,6.0,155.0,38.702288591201686,9.003911166640634,1,12,56,156,354,641,201.0,689.0,2324.0,4794.0,8577.0,12643.0
71112.0,100.0,Kolfe Keranyo,6.0,155.0,38.702288591201686,9.003911166640634,1,12,56,156,354,641,201.0,689.0,2324.0,4794.0,8577.0,12643.0
67100.0,100.0,Kolfe Keranyo,6.0,155.0,38.702288591201686,9.003911166640634,1,12,56,156,354,641,201.0,689.0,2324.0,4794.0,8577.0,12643.0
47832.23,100.0,Kolfe Keranyo,6.0,314.0,38.702288591201686,9.003911166640634,1,12,56,156,354,641,201.0,689.0,2324.0,4794.0,8577.0,12643.0
45100.0,100.0,Kolfe Keranyo,6.0,314.0,38.702288591201686,9.003911166640634,1,12,56,156,354,641,201.0,689.0,2324.0,4794.0,8577.0,12643.0
62000.0,55.0,Kolfe Keranyo,6.0,314.0,38.702288591201686,9.003911166640634,1,12,56,156,354,641,201.0,689.0,2324.0,4794.0,8577.0,12643.0
11800.0,100.0,Kolfe Keranyo,3.0,379.0,38.66448576228889,8.981861901777028,0,1,13,47,93,110,150.0,547.0,1683.0,3362.0,5418.0,7718.0
16000.0,50.0,Kolfe Keranyo,3.0,379.0,38.66448576228889,8.981861901777028,0,1,13,47,93,110,150.0,547.0,1683.0,3362.0,5418.0,7718.0
15850.0,50.0,Kolfe Keranyo,3.0,379.0,38.66448576228889,8.981861901777028,0,1,13,47,93,110,150.0,547.0,1683.0,3362.0,5418.0,7718.0
34550.0,50.0,Kolfe Keranyo,3.0,169.0,38.66448576228889,8.981861901777028,0,1,13,47,93,110,150.0,547.0,1683.0,3362.0,5418.0,7718.0
20500.0,100.0,Kolfe Keranyo,3.0,169.0,38.66448576228889,8.981861901777028,0,1,13,47,93,110,150.0,547.0,1683.0,3362.0,5418.0,7718.0
31000.0,45.0,Kolfe Keranyo,3.0,169.0,38.66448576228889,8.981861901777028,0,1,13,47,93,110,150.0,547.0,1683.0,3362.0,5418.0,7718.0
35005.99,100.0,Kolfe Keranyo,3.0,372.0,38.66448576228889,8.981861901777028,0,1,13,47,93,110,150.0,547.0,1683.0,3362.0,5418.0,7718.0
32795.0,100.0,Kolfe Keranyo,3.0,372.0,38.66448576228889,8.981861901777028,0,1,13,47,93,110,150.0,547.0,1683.0,3362.0,5418.0,7718.0
29100.0,100.0,Kolfe Keranyo,3.0,372.0,38.66448576228889,8.981861901777028,0,1,13,47,93,110,150.0,547.0,1683.0,3362.0,5418.0,7718.0
53150.0,100.0,Kolfe Keranyo,3.0,123.0,38.66448576228889,8.981861901777028,0,1,13,47,93,110,150.0,547.0,1683.0,3362.0,5418.0,7718.0
41285.4,100.0,Kolfe Keranyo,3.0,123.0,38.66448576228889,8.981861901777028,0,1,13,47,93,110,150.0,547.0,1683.0,3362.0,5418.0,7718.0
33333.43,100.0,Kolfe Keranyo,3.0,123.0,38.66448576228889,8.981861901777028,0,1,13,47,93,110,150.0,547.0,1683.0,3362.0,5418.0,7718.0
72155.0,100.0,Kolfe Keranyo,7.0,161.0,38.682952902214105,9.007266440069444,5,20,41,73,143,268,301.0,980.0,2790.0,4678.0,7413.0,10417.0
70100.0,100.0,Kolfe Keranyo,7.0,161.0,38.682952902214105,9.007266440069444,5,20,41,73,143,268,301.0,980.0,2790.0,4678.0,7413.0,10417.0
70050.0,100.0,Kolfe Keranyo,7.0,161.0,38.682952902214105,9.007266440069444,5,20,41,73,143,268,301.0,980.0,2790.0,4678.0,7413.0,10417.0
69111.0,100.0,Kolfe Keranyo,7.0,162.0,38.682952902214105,9.007266440069444,5,20,41,73,143,268,301.0,980.0,2790.0,4678.0,7413.0,10417.0
65100.0,100.0,Kolfe Keranyo,7.0,162.0,38.682952902214105,9.007266440069444,5,20,41,73,143,268,301.0,980.0,2790.0,4678.0,7413.0,10417.0
56076.0,100.0,Kolfe Keranyo,7.0,162.0,38.682952902214105,9.007266440069444,5,20,41,73,143,268,301.0,980.0,2790.0,4678.0,7413.0,10417.0
36667.0,100.0,Kolfe Keranyo,5.0,411.0,38.70133998874034,8.99109133083579,0,20,69,157,325,630,137.0,567.0,2418.0,4865.0,8440.0,12430.0
35925.99,100.0,Kolfe Keranyo,5.0,411.0,38.70133998874034,8.99109133083579,0,20,69,157,325,630,137.0,567.0,2418.0,4865.0,8440.0,12430.0
32112.5,100.0,Kolfe Keranyo,5.0,411.0,38.70133998874034,8.99109133083579,0,20,69,157,325,630,137.0,567.0,2418.0,4865.0,8440.0,12430.0
51099.68,60.0,Kolfe Keranyo,5.0,371.0,38.70133998874034,8.99109133083579,0,20,69,157,325,630,137.0,567.0,2418.0,4865.0,8440.0,12430.0
33500.0,100.0,Kolfe Keranyo,5.0,371.0,38.70133998874034,8.99109133083579,0,20,69,157,325,630,137.0,567.0,2418.0,4865.0,8440.0,12430.0
32121.0,100.0,Kolfe Keranyo,5.0,371.0,38.70133998874034,8.99109133083579,0,20,69,157,325,630,137.0,567.0,2418.0,4865.0,8440.0,12430.0
35749.0,100.0,Kolfe Keranyo,5.0,493.0,38.70133998874034,8.99109133083579,0,20,69,157,325,630,137.0,567.0,2418.0,4865.0,8440.0,12430.0
32300.0,100.0,Kolfe Keranyo,5.0,493.0,38.70133998874034,8.99109133083579,0,20,69,157,325,630,137.0,567.0,2418.0,4865.0,8440.0,12430.0
36000.0,50.0,Kolfe Keranyo,5.0,493.0,38.70133998874034,8.99109133083579,0,20,69,157,325,630,137.0,567.0,2418.0,4865.0,8440.0,12430.0
35150.0,100.0,Kolfe Keranyo,11.0,239.0,38.69151415483088,9.03730402006131,1,5,22,67,199,365,175.0,594.0,1835.0,4269.0,7526.0,11036.0
33472.8,100.0,Kolfe Keranyo,11.0,239.0,38.69151415483088,9.03730402006131,1,5,22,67,199,365,175.0,594.0,1835.0,4269.0,7526.0,11036.0
27060.0,70.0,Kolfe Keranyo,11.0,239.0,38.69151415483088,9.03730402006131,1,5,22,67,199,365,175.0,594.0,1835.0,4269.0,7526.0,11036.0
35100.0,50.0,Kolfe Keranyo,2.0,363.0,38.68585867806747,8.966409373406625,0,4,51,76,167,291,102.0,308.0,1770.0,3953.0,6685.0,10117.0
15000.0,100.0,Kolfe Keranyo,2.0,363.0,38.68585867806747,8.966409373406625,0,4,51,76,167,291,102.0,308.0,1770.0,3953.0,6685.0,10117.0
25000.0,40.0,Kolfe Keranyo,2.0,363.0,38.68585867806747,8.966409373406625,0,4,51,76,167,291,102.0,308.0,1770.0,3953.0,6685.0,10117.0
73426.05,100.0,Kolfe Keranyo,5.0,117.0,38.70133998874034,8.99109133083579,0,20,69,157,325,630,137.0,567.0,2418.0,4865.0,8440.0,12430.0
70200.0,100.0,Kolfe Keranyo,5.0,117.0,38.70133998874034,8.99109133083579,0,20,69,157,325,630,137.0,567.0,2418.0,4865.0,8440.0,12430.0
58000.0,100.0,Kolfe Keranyo,5.0,117.0,38.70133998874034,8.99109133083579,0,20,69,157,325,630,137.0,567.0,2418.0,4865.0,8440.0,12430.0
68100.0,52.0,Kolfe Keranyo,5.0,183.0,38.70133998874034,8.99109133083579,0,20,69,157,325,630,137.0,567.0,2418.0,4865.0,8440.0,12430.0
42590.28,100.0,Kolfe Keranyo,5.0,183.0,38.70133998874034,8.99109133083579,0,20,69,157,325,630,137.0,567.0,2418.0,4865.0,8440.0,12430.0
40500.0,50.0,Kolfe Keranyo,5.0,183.0,38.70133998874034,8.99109133083579,0,20,69,157,325,630,137.0,567.0,2418.0,4865.0,8440.0,12430.0
60119.0,100.0,Kolfe Keranyo,7.0,106.0,38.682952902214105,9.007266440069444,5,20,41,73,143,268,301.0,980.0,2790.0,4678.0,7413.0,10417.0
50235.85,100.0,Kolfe Keranyo,7.0,106.0,38.682952902214105,9.007266440069444,5,20,41,73,143,268,301.0,980.0,2790.0,4678.0,7413.0,10417.0
50100.0,100.0,Kolfe Keranyo,7.0,106.0,38.682952902214105,9.007266440069444,5,20,41,73,143,268,301.0,980.0,2790.0,4678.0,7413.0,10417.0
110000.0,65.0,Gulele,9.0,119.0,38.727334504102615,9.052577147288106,17,52,146,342,605,923,160.0,687.0,2394.0,4680.0,7085.0,9952.0
71119.0,100.0,Gulele,9.0,119.0,38.727334504102615,9.052577147288106,17,52,146,342,605,923,160.0,687.0,2394.0,4680.0,7085.0,9952.0
71010.0,100.0,Gulele,9.0,119.0,38.727334504102615,9.052577147288106,17,52,146,342,605,923,160.0,687.0,2394.0,4680.0,7085.0,9952.0
54016.0,60.0,Gulele,8.0,149.0,38.73134628238545,9.066191460917656,7,21,70,160,463,635,297.0,771.0,1863.0,3347.0,5551.0,8068.0
33112.12,100.0,Gulele,8.0,149.0,38.73134628238545,9.066191460917656,7,21,70,160,463,635,297.0,771.0,1863.0,3347.0,5551.0,8068.0
25500.0,100.0,Gulele,8.0,149.0,38.73134628238545,9.066191460917656,7,21,70,160,463,635,297.0,771.0,1863.0,3347.0,5551.0,8068.0
71100.0,80.0,Gulele,8.0,81.0,38.73134628238545,9.066191460917656,7,21,70,160,463,635,297.0,771.0,1863.0,3347.0,5551.0,8068.0
75019.0,50.0,Gulele,8.0,81.0,38.73134628238545,9.066191460917656,7,21,70,160,463,635,297.0,771.0,1863.0,3347.0,5551.0,8068.0
44027.0,100.0,Gulele,8.0,81.0,38.73134628238545,9.066191460917656,7,21,70,160,463,635,297.0,771.0,1863.0,3347.0,5551.0,8068.0
41100.0,100.0,Yeka,10.0,384.0,38.81551144932411,9.05976397126058,0,0,2,12,79,355,47.0,101.0,427.0,1076.0,2480.0,4902.0
40027.0,100.0,Yeka,10.0,384.0,38.81551144932411,9.05976397126058,0,0,2,12,79,355,47.0,101.0,427.0,1076.0,2480.0,4902.0
53220.0,61.0,Yeka,10.0,384.0,38.81551144932411,9.05976397126058,0,0,2,12,79,355,47.0,101.0,427.0,1076.0,2480.0,4902.0
60110.0,100.0,Yeka,8.0,739.0,38.79147005819739,9.020790152983842,34,126,321,754,1165,1598,185.0,623.0,1949.0,3836.0,6627.0,10133.0
99998.0,40.0,Yeka,8.0,739.0,38.79147005819739,9.020790152983842,34,126,321,754,1165,1598,185.0,623.0,1949.0,3836.0,6627.0,10133.0
55500.0,100.0,Yeka,8.0,739.0,38.79147005819739,9.020790152983842,34,126,321,754,1165,1598,185.0,623.0,1949.0,3836.0,6627.0,10133.0
51110.0,100.0,Yeka,8.0,591.0,38.79147005819739,9.020790152983842,34,126,321,754,1165,1598,185.0,623.0,1949.0,3836.0,6627.0,10133.0
62000.0,62.0,Yeka,8.0,591.0,38.79147005819739,9.020790152983842,34,126,321,754,1165,1598,185.0,623.0,1949.0,3836.0,6627.0,10133.0
45420.15,100.0,Yeka,8.0,591.0,38.79147005819739,9.020790152983842,34,126,321,754,1165,1598,185.0,623.0,1949.0,3836.0,6627.0,10133.0
61000.0,100.0,Yeka,8.0,594.0,38.79147005819739,9.020790152983842,34,126,321,754,1165,1598,185.0,623.0,1949.0,3836.0,6627.0,10133.0
51600.0,100.0,Yeka,8.0,594.0,38.79147005819739,9.020790152983842,34,126,321,754,1165,1598,185.0,623.0,1949.0,3836.0,6627.0,10133.0
49000.0,100.0,Yeka,8.0,594.0,38.79147005819739,9.020790152983842,34,126,321,754,1165,1598,185.0,623.0,1949.0,3836.0,6627.0,10133.0
65916.0,75.0,Yeka,8.0,622.0,38.79147005819739,9.020790152983842,34,126,321,754,1165,1598,185.0,623.0,1949.0,3836.0,6627.0,10133.0
42500.0,100.0,Yeka,8.0,622.0,38.79147005819739,9.020790152983842,34,126,321,754,1165,1598,185.0,623.0,1949.0,3836.0,6627.0,10133.0
40200.0,100.0,Yeka,8.0,622.0,38.79147005819739,9.020790152983842,34,126,321,754,1165,1598,185.0,623.0,1949.0,3836.0,6627.0,10133.0
50600.0,100.0,Yeka,8.0,596.0,38.79147005819739,9.020790152983842,34,126,321,754,1165,1598,185.0,623.0,1949.0,3836.0,6627.0,10133.0
36100.0,100.0,Yeka,8.0,596.0,38.79147005819739,9.020790152983842,34,126,321,754,1165,1598,185.0,623.0,1949.0,3836.0,6627.0,10133.0
53000.0,50.0,Yeka,8.0,596.0,38.79147005819739,9.020790152983842,34,126,321,754,1165,1598,185.0,623.0,1949.0,3836.0,6627.0,10133.0
51000.0,100.0,Yeka,5.0,1273.0,38.79868382957799,9.03445539174537,0,6,134,335,765,1243,44.0,170.0,1126.0,3240.0,5774.0,8898.0
80000.0,40.0,Yeka,5.0,1273.0,38.79868382957799,9.03445539174537,0,6,134,335,765,1243,44.0,170.0,1126.0,3240.0,5774.0,8898.0
23566.38,100.0,Yeka,5.0,1273.0,38.79868382957799,9.03445539174537,0,6,134,335,765,1243,44.0,170.0,1126.0,3240.0,5774.0,8898.0
23525.0,60.0,Yeka,5.0,1798.0,38.79868382957799,9.03445539174537,0,6,134,335,765,1243,44.0,170.0,1126.0,3240.0,5774.0,8898.0
24189.66,40.0,Yeka,5.0,1798.0,38.79868382957799,9.03445539174537,0,6,134,335,765,1243,44.0,170.0,1126.0,3240.0,5774.0,8898.0
16000.0,40.0,Yeka,5.0,1798.0,38.79868382957799,9.03445539174537,0,6,134,335,765,1243,44.0,170.0,1126.0,3240.0,5774.0,8898.0
109999.0,100.0,Yeka,9.0,2515.0,38.81945709608729,9.027805099951848,3,27,95,262,563,888,94.0,396.0,1544.0,3493.0,6175.0,9091.0
47000.0,100.0,Yeka,9.0,2515.0,38.81945709608729,9.027805099951848,3,27,95,262,563,888,94.0,396.0,1544.0,3493.0,6175.0,9091.0
83000.0,40.0,Yeka,9.0,2515.0,38.81945709608729,9.027805099951848,3,27,95,262,563,888,94.0,396.0,1544.0,3493.0,6175.0,9091.0
81000.0,40.0,Yeka,9.0,2493.0,38.81945709608729,9.027805099951848,3,27,95,262,563,888,94.0,396.0,1544.0,3493.0,6175.0,9091.0
47000.0,100.0,Yeka,9.0,2493.0,38.81945709608729,9.027805099951848,3,27,95,262,563,888,94.0,396.0,1544.0,3493.0,6175.0,9091.0
75000.0,40.0,Yeka,9.0,2493.0,38.81945709608729,9.027805099951848,3,27,95,262,563,888,94.0,396.0,1544.0,3493.0,6175.0,9091.0
86000.0,42.0,Yeka,9.0,2510.0,38.81945709608729,9.027805099951848,3,27,95,262,563,888,94.0,396.0,1544.0,3493.0,6175.0,9091.0
84000.0,40.0,Yeka,9.0,2510.0,38.81945709608729,9.027805099951848,3,27,95,262,563,888,94.0,396.0,1544.0,3493.0,6175.0,9091.0
49000.0,100.0,Yeka,9.0,2510.0,38.81945709608729,9.027805099951848,3,27,95,262,563,888,94.0,396.0,1544.0,3493.0,6175.0,9091.0
67000.0,70.0,Yeka,9.0,2503.0,38.81945709608729,9.027805099951848,3,27,95,262,563,888,94.0,396.0,1544.0,3493.0,6175.0,9091.0
81000.0,40.0,Yeka,9.0,2503.0,38.81945709608729,9.027805099951848,3,27,95,262,563,888,94.0,396.0,1544.0,3493.0,6175.0,9091.0
45000.0,100.0,Yeka,9.0,2503.0,38.81945709608729,9.027805099951848,3,27,95,262,563,888,94.0,396.0,1544.0,3493.0,6175.0,9091.0
82000.0,40.0,Yeka,9.0,1696.0,38.81945709608729,9.027805099951848,3,27,95,262,563,888,94.0,396.0,1544.0,3493.0,6175.0,9091.0
27100.0,100.0,Yeka,9.0,1696.0,38.81945709608729,9.027805099951848,3,27,95,262,563,888,94.0,396.0,1544.0,3493.0,6175.0,9091.0
25112.0,100.0,Yeka,9.0,1696.0,38.81945709608729,9.027805099951848,3,27,95,262,563,888,94.0,396.0,1544.0,3493.0,6175.0,9091.0
63111.0,100.0,Yeka,7.0,1615.0,38.781542148255646,9.022844108010592,35,118,391,832,1393,1728,147.0,619.0,1939.0,3710.0,6920.0,10665.0
55150.0,52.0,Yeka,7.0,1615.0,38.781542148255646,9.022844108010592,35,118,391,832,1393,1728,147.0,619.0,1939.0,3710.0,6920.0,10665.0
37777.0,50.0,Yeka,7.0,1615.0,38.781542148255646,9.022844108010592,35,118,391,832,1393,1728,147.0,619.0,1939.0,3710.0,6920.0,10665.0
21550.0,100.0,Akaki Kality,9.0,586.0,38.82570107346104,8.890751016621174,0,0,16,25,32,50,47.0,145.0,661.0,1572.0,2332.0,3051.0
18100.0,100.0,Akaki Kality,9.0,586.0,38.82570107346104,8.890751016621174,0,0,16,25,32,50,47.0,145.0,661.0,1572.0,2332.0,3051.0
21312.55,100.0,Akaki Kality,9.0,586.0,38.82570107346104,8.890751016621174,0,0,16,25,32,50,47.0,145.0,661.0,1572.0,2332.0,3051.0
18500.0,100.0,Akaki Kality,9.0,511.0,38.82570107346104,8.890751016621174,0,0,16,25,32,50,47.0,145.0,661.0,1572.0,2332.0,3051.0
26000.0,100.0,Akaki Kality,9.0,511.0,38.82570107346104,8.890751016621174,0,0,16,25,32,50,47.0,145.0,661.0,1572.0,2332.0,3051.0
25125.75,100.0,Akaki Kality,9.0,511.0,38.82570107346104,8.890751016621174,0,0,16,25,32,50,47.0,145.0,661.0,1572.0,2332.0,3051.0
46100.0,100.0,Akaki Kality,4.0,132.0,38.76162967755072,8.878099647196903,4,13,33,69,82,100,53.0,207.0,678.0,1438.0,2262.0,3466.0
31529.0,100.0,Akaki Kality,4.0,132.0,38.76162967755072,8.878099647196903,4,13,33,69,82,100,53.0,207.0,678.0,1438.0,2262.0,3466.0
36519.12,100.0,Akaki Kality,4.0,132.0,38.76162967755072,8.878099647196903,4,13,33,69,82,100,53.0,207.0,678.0,1438.0,2262.0,3466.0
42107.07,100.0,Akaki Kality,4.0,132.0,38.76162967755072,8.878099647196903,4,13,33,69,82,100,53.0,207.0,678.0,1438.0,2262.0,3466.0
29385.0,100.0,Akaki Kality,4.0,132.0,38.76162967755072,8.878099647196903,4,13,33,69,82,100,53.0,207.0,678.0,1438.0,2262.0,3466.0
27160.0,100.0,Akaki Kality,4.0,132.0,38.76162967755072,8.878099647196903,4,13,33,69,82,100,53.0,207.0,678.0,1438.0,2262.0,3466.0
42111.0,100.0,Akaki Kality,4.0,173.0,38.76162967755072,8.878099647196903,4,13,33,69,82,100,53.0,207.0,678.0,1438.0,2262.0,3466.0
26026.26,100.0,Akaki Kality,4.0,173.0,38.76162967755072,8.878099647196903,4,13,33,69,82,100,53.0,207.0,678.0,1438.0,2262.0,3466.0
25456.25,100.0,Akaki Kality,4.0,173.0,38.76162967755072,8.878099647196903,4,13,33,69,82,100,53.0,207.0,678.0,1438.0,2262.0,3466.0
44700.0,100.0,Akaki Kality,4.0,170.0,38.76162967755072,8.878099647196903,4,13,33,69,82,100,53.0,207.0,678.0,1438.0,2262.0,3466.0
21150.0,100.0,Akaki Kality,4.0,170.0,38.76162967755072,8.878099647196903,4,13,33,69,82,100,53.0,207.0,678.0,1438.0,2262.0,3466.0
17286.0,100.0,Akaki Kality,4.0,170.0,38.76162967755072,8.878099647196903,4,13,33,69,82,100,53.0,207.0,678.0,1438.0,2262.0,3466.0
17621.0,100.0,Akaki Kality,4.0,609.0,38.76162967755072,8.878099647196903,4,13,33,69,82,100,53.0,207.0,678.0,1438.0,2262.0,3466.0
16100.0,100.0,Akaki Kality,4.0,609.0,38.76162967755072,8.878099647196903,4,13,33,69,82,100,53.0,207.0,678.0,1438.0,2262.0,3466.0
8550.0,100.0,Akaki Kality,4.0,609.0,38.76162967755072,8.878099647196903,4,13,33,69,82,100,53.0,207.0,678.0,1438.0,2262.0,3466.0
17321.0,100.0,Akaki Kality,4.0,803.0,38.76162967755072,8.878099647196903,4,13,33,69,82,100,53.0,207.0,678.0,1438.0,2262.0,3466.0
12880.0,100.0,Akaki Kality,4.0,803.0,38.76162967755072,8.878099647196903,4,13,33,69,82,100,53.0,207.0,678.0,1438.0,2262.0,3466.0
12100.0,100.0,Akaki Kality,4.0,803.0,38.76162967755072,8.878099647196903,4,13,33,69,82,100,53.0,207.0,678.0,1438.0,2262.0,3466.0
27000.0,100.0,Akaki Kality,4.0,667.0,38.76162967755072,8.878099647196903,4,13,33,69,82,100,53.0,207.0,678.0,1438.0,2262.0,3466.0
15657.0,100.0,Akaki Kality,4.0,667.0,38.76162967755072,8.878099647196903,4,13,33,69,82,100,53.0,207.0,678.0,1438.0,2262.0,3466.0
13000.0,100.0,Akaki Kality,4.0,667.0,38.76162967755072,8.878099647196903,4,13,33,69,82,100,53.0,207.0,678.0,1438.0,2262.0,3466.0
28333.0,100.0,Akaki Kality,4.0,714.0,38.76162967755072,8.878099647196903,4,13,33,69,82,100,53.0,207.0,678.0,1438.0,2262.0,3466.0
16629.0,100.0,Akaki Kality,4.0,714.0,38.76162967755072,8.878099647196903,4,13,33,69,82,100,53.0,207.0,678.0,1438.0,2262.0,3466.0
8000.0,100.0,Akaki Kality,4.0,714.0,38.76162967755072,8.878099647196903,4,13,33,69,82,100,53.0,207.0,678.0,1438.0,2262.0,3466.0
29008.25,100.0,Akaki Kality,4.0,606.0,38.76162967755072,8.878099647196903,4,13,33,69,82,100,53.0,207.0,678.0,1438.0,2262.0,3466.0
26733.0,100.0,Akaki Kality,4.0,606.0,38.76162967755072,8.878099647196903,4,13,33,69,82,100,53.0,207.0,678.0,1438.0,2262.0,3466.0
21550.0,100.0,Akaki Kality,4.0,606.0,38.76162967755072,8.878099647196903,4,13,33,69,82,100,53.0,207.0,678.0,1438.0,2262.0,3466.0
23200.0,100.0,Akaki Kality,1.0,540.0,38.79769047574577,8.871845782757074,0,8,37,73,108,121,181.0,567.0,1559.0,2513.0,3366.0,4271.0
16000.0,100.0,Akaki Kality,1.0,540.0,38.79769047574577,8.871845782757074,0,8,37,73,108,121,181.0,567.0,1559.0,2513.0,3366.0,4271.0
10088.0,100.0,Akaki Kality,1.0,540.0,38.79769047574577,8.871845782757074,0,8,37,73,108,121,181.0,567.0,1559.0,2513.0,3366.0,4271.0
30160.0,100.0,Akaki Kality,1.0,473.0,38.79769047574577,8.871845782757074,0,8,37,73,108,121,181.0,567.0,1559.0,2513.0,3366.0,4271.0
18777.0,100.0,Akaki Kality,1.0,473.0,38.79769047574577,8.871845782757074,0,8,37,73,108,121,181.0,567.0,1559.0,2513.0,3366.0,4271.0
18300.0,100.0,Akaki Kality,1.0,473.0,38.79769047574577,8.871845782757074,0,8,37,73,108,121,181.0,567.0,1559.0,2513.0,3366.0,4271.0
23226.0,100.0,Akaki Kality,1.0,412.0,38.79769047574577,8.871845782757074,0,8,37,73,108,121,181.0,567.0,1559.0,2513.0,3366.0,4271.0
29500.0,100.0,Akaki Kality,1.0,412.0,38.79769047574577,8.871845782757074,0,8,37,73,108,121,181.0,567.0,1559.0,2513.0,3366.0,4271.0
10990.62,100.0,Akaki Kality,1.0,412.0,38.79769047574577,8.871845782757074,0,8,37,73,108,121,181.0,567.0,1559.0,2513.0,3366.0,4271.0
42251.21,100.0,Akaki Kality,1.0,154.0,38.79769047574577,8.871845782757074,0,8,37,73,108,121,181.0,567.0,1559.0,2513.0,3366.0,4271.0
33333.33,100.0,Akaki Kality,1.0,154.0,38.79769047574577,8.871845782757074,0,8,37,73,108,121,181.0,567.0,1559.0,2513.0,3366.0,4271.0
37121.0,100.0,Akaki Kality,1.0,154.0,38.79769047574577,8.871845782757074,0,8,37,73,108,121,181.0,567.0,1559.0,2513.0,3366.0,4271.0
45621.19,100.0,Akaki Kality,1.0,127.0,38.79769047574577,8.871845782757074,0,8,37,73,108,121,181.0,567.0,1559.0,2513.0,3366.0,4271.0
32283.46,100.0,Akaki Kality,1.0,127.0,38.79769047574577,8.871845782757074,0,8,37,73,108,121,181.0,567.0,1559.0,2513.0,3366.0,4271.0
45012.0,100.0,Akaki Kality,1.0,127.0,38.79769047574577,8.871845782757074,0,8,37,73,108,121,181.0,567.0,1559.0,2513.0,3366.0,4271.0
31520.0,100.0,Akaki Kality,4.0,217.0,38.76162967755072,8.878099647196903,4,13,33,69,82,100,53.0,207.0,678.0,1438.0,2262.0,3466.0
21510.0,100.0,Akaki Kality,4.0,217.0,38.76162967755072,8.878099647196903,4,13,33,69,82,100,53.0,207.0,678.0,1438.0,2262.0,3466.0
21200.0,100.0,Akaki Kality,4.0,217.0,38.76162967755072,8.878099647196903,4,13,33,69,82,100,53.0,207.0,678.0,1438.0,2262.0,3466.0
25699.0,100.0,Akaki Kality,4.0,1309.0,38.76162967755072,8.878099647196903,4,13,33,69,82,100,53.0,207.0,678.0,1438.0,2262.0,3466.0
9950.5,100.0,Akaki Kality,4.0,1309.0,38.76162967755072,8.878099647196903,4,13,33,69,82,100,53.0,207.0,678.0,1438.0,2262.0,3466.0
9629.0,100.0,Akaki Kality,4.0,1309.0,38.76162967755072,8.878099647196903,4,13,33,69,82,100,53.0,207.0,678.0,1438.0,2262.0,3466.0
26301.0,100.0,Akaki Kality,4.0,1309.0,38.76162967755072,8.878099647196903,4,13,33,69,82,100,53.0,207.0,678.0,1438.0,2262.0,3466.0
13233.0,100.0,Akaki Kality,4.0,1225.0,38.76162967755072,8.878099647196903,4,13,33,69,82,100,53.0,207.0,678.0,1438.0,2262.0,3466.0
11493.83,100.0,Akaki Kality,4.0,1225.0,38.76162967755072,8.878099647196903,4,13,33,69,82,100,53.0,207.0,678.0,1438.0,2262.0,3466.0
25215.0,100.0,Akaki Kality,4.0,244.0,38.76162967755072,8.878099647196903,4,13,33,69,82,100,53.0,207.0,678.0,1438.0,2262.0,3466.0
25000.0,100.0,Akaki Kality,4.0,244.0,38.76162967755072,8.878099647196903,4,13,33,69,82,100,53.0,207.0,678.0,1438.0,2262.0,3466.0
41113.0,100.0,Akaki Kality,4.0,244.0,38.76162967755072,8.878099647196903,4,13,33,69,82,100,53.0,207.0,678.0,1438.0,2262.0,3466.0
27659.0,100.0,Akaki Kality,4.0,250.0,38.76162967755072,8.878099647196903,4,13,33,69,82,100,53.0,207.0,678.0,1438.0,2262.0,3466.0
20100.0,100.0,Akaki Kality,4.0,250.0,38.76162967755072,8.878099647196903,4,13,33,69,82,100,53.0,207.0,678.0,1438.0,2262.0,3466.0
10000.0,100.0,Akaki Kality,4.0,250.0,38.76162967755072,8.878099647196903,4,13,33,69,82,100,53.0,207.0,678.0,1438.0,2262.0,3466.0
27621.0,100.0,Akaki Kality,4.0,350.0,38.76162967755072,8.878099647196903,4,13,33,69,82,100,53.0,207.0,678.0,1438.0,2262.0,3466.0
25511.0,100.0,Akaki Kality,4.0,350.0,38.76162967755072,8.878099647196903,4,13,33,69,82,100,53.0,207.0,678.0,1438.0,2262.0,3466.0
25000.0,100.0,Akaki Kality,4.0,350.0,38.76162967755072,8.878099647196903,4,13,33,69,82,100,53.0,207.0,678.0,1438.0,2262.0,3466.0
26775.0,100.0,Akaki Kality,4.0,350.0,38.76162967755072,8.878099647196903,4,13,33,69,82,100,53.0,207.0,678.0,1438.0,2262.0,3466.0
17000.0,100.0,Akaki Kality,4.0,350.0,38.76162967755072,8.878099647196903,4,13,33,69,82,100,53.0,207.0,678.0,1438.0,2262.0,3466.0
12910.0,100.0,Akaki Kality,4.0,350.0,38.76162967755072,8.878099647196903,4,13,33,69,82,100,53.0,207.0,678.0,1438.0,2262.0,3466.0
26109.0,100.0,Akaki Kality,2.0,1728.0,38.80014513086449,8.84933284654248,0,2,11,28,59,77,10.0,113.0,827.0,1898.0,2690.0,3367.0
18619.0,100.0,Akaki Kality,2.0,1728.0,38.80014513086449,8.84933284654248,0,2,11,28,59,77,10.0,113.0,827.0,1898.0,2690.0,3367.0
14557.0,100.0,Akaki Kality,2.0,1728.0,38.80014513086449,8.84933284654248,0,2,11,28,59,77,10.0,113.0,827.0,1898.0,2690.0,3367.0
21557.0,100.0,Akaki Kality,2.0,958.0,38.80014513086449,8.84933284654248,0,2,11,28,59,77,10.0,113.0,827.0,1898.0,2690.0,3367.0
20799.0,100.0,Akaki Kality,2.0,958.0,38.80014513086449,8.84933284654248,0,2,11,28,59,77,10.0,113.0,827.0,1898.0,2690.0,3367.0
17021.0,100.0,Akaki Kality,2.0,958.0,38.80014513086449,8.84933284654248,0,2,11,28,59,77,10.0,113.0,827.0,1898.0,2690.0,3367.0
25000.0,100.0,Akaki Kality,2.0,199.0,38.80014513086449,8.84933284654248,0,2,11,28,59,77,10.0,113.0,827.0,1898.0,2690.0,3367.0
28550.0,100.0,Akaki Kality,2.0,199.0,38.80014513086449,8.84933284654248,0,2,11,28,59,77,10.0,113.0,827.0,1898.0,2690.0,3367.0
20200.0,100.0,Akaki Kality,2.0,199.0,38.80014513086449,8.84933284654248,0,2,11,28,59,77,10.0,113.0,827.0,1898.0,2690.0,3367.0
19800.0,100.0,Akaki Kality,2.0,202.0,38.80014513086449,8.84933284654248,0,2,11,28,59,77,10.0,113.0,827.0,1898.0,2690.0,3367.0
26177.77,100.0,Akaki Kality,2.0,202.0,38.80014513086449,8.84933284654248,0,2,11,28,59,77,10.0,113.0,827.0,1898.0,2690.0,3367.0
28000.0,100.0,Akaki Kality,2.0,202.0,38.80014513086449,8.84933284654248,0,2,11,28,59,77,10.0,113.0,827.0,1898.0,2690.0,3367.0
22621.0,100.0,Akaki Kality,2.0,204.0,38.80014513086449,8.84933284654248,0,2,11,28,59,77,10.0,113.0,827.0,1898.0,2690.0,3367.0
22000.0,100.0,Akaki Kality,2.0,204.0,38.80014513086449,8.84933284654248,0,2,11,28,59,77,10.0,113.0,827.0,1898.0,2690.0,3367.0
17000.0,100.0,Akaki Kality,2.0,204.0,38.80014513086449,8.84933284654248,0,2,11,28,59,77,10.0,113.0,827.0,1898.0,2690.0,3367.0
30299.0,100.0,Akaki Kality,2.0,260.0,38.80014513086449,8.84933284654248,0,2,11,28,59,77,10.0,113.0,827.0,1898.0,2690.0,3367.0
24700.0,100.0,Akaki Kality,2.0,260.0,38.80014513086449,8.84933284654248,0,2,11,28,59,77,10.0,113.0,827.0,1898.0,2690.0,3367.0
34000.0,100.0,Akaki Kality,2.0,260.0,38.80014513086449,8.84933284654248,0,2,11,28,59,77,10.0,113.0,827.0,1898.0,2690.0,3367.0
45121.19,100.0,Akaki Kality,2.0,148.0,38.80014513086449,8.84933284654248,0,2,11,28,59,77,10.0,113.0,827.0,1898.0,2690.0,3367.0
41550.0,100.0,Akaki Kality,2.0,148.0,38.80014513086449,8.84933284654248,0,2,11,28,59,77,10.0,113.0,827.0,1898.0,2690.0,3367.0
35100.0,100.0,Akaki Kality,2.0,148.0,38.80014513086449,8.84933284654248,0,2,11,28,59,77,10.0,113.0,827.0,1898.0,2690.0,3367.0
45600.0,100.0,Akaki Kality,2.0,147.0,38.80014513086449,8.84933284654248,0,2,11,28,59,77,10.0,113.0,827.0,1898.0,2690.0,3367.0
45083.5,100.0,Akaki Kality,2.0,147.0,38.80014513086449,8.84933284654248,0,2,11,28,59,77,10.0,113.0,827.0,1898.0,2690.0,3367.0
49110.0,100.0,Akaki Kality,2.0,147.0,38.80014513086449,8.84933284654248,0,2,11,28,59,77,10.0,113.0,827.0,1898.0,2690.0,3367.0
33520.0,100.0,Akaki Kality,2.0,145.0,38.80014513086449,8.84933284654248,0,2,11,28,59,77,10.0,113.0,827.0,1898.0,2690.0,3367.0
31513.0,100.0,Akaki Kality,2.0,145.0,38.80014513086449,8.84933284654248,0,2,11,28,59,77,10.0,113.0,827.0,1898.0,2690.0,3367.0
31500.0,100.0,Akaki Kality,2.0,145.0,38.80014513086449,8.84933284654248,0,2,11,28,59,77,10.0,113.0,827.0,1898.0,2690.0,3367.0
33621.0,100.0,Akaki Kality,2.0,142.0,38.80014513086449,8.84933284654248,0,2,11,28,59,77,10.0,113.0,827.0,1898.0,2690.0,3367.0
28212.0,100.0,Akaki Kality,2.0,142.0,38.80014513086449,8.84933284654248,0,2,11,28,59,77,10.0,113.0,827.0,1898.0,2690.0,3367.0
27988.0,100.0,Akaki Kality,2.0,142.0,38.80014513086449,8.84933284654248,0,2,11,28,59,77,10.0,113.0,827.0,1898.0,2690.0,3367.0
38735.0,100.0,Akaki Kality,2.0,142.0,38.80014513086449,8.84933284654248,0,2,11,28,59,77,10.0,113.0,827.0,1898.0,2690.0,3367.0
35629.0,100.0,Akaki Kality,2.0,142.0,38.80014513086449,8.84933284654248,0,2,11,28,59,77,10.0,113.0,827.0,1898.0,2690.0,3367.0
31160.0,100.0,Akaki Kality,2.0,142.0,38.80014513086449,8.84933284654248,0,2,11,28,59,77,10.0,113.0,827.0,1898.0,2690.0,3367.0
25725.33,100.0,Akaki Kality,2.0,549.0,38.80014513086449,8.84933284654248,0,2,11,28,59,77,10.0,113.0,827.0,1898.0,2690.0,3367.0
21000.0,100.0,Akaki Kality,2.0,549.0,38.80014513086449,8.84933284654248,0,2,11,28,59,77,10.0,113.0,827.0,1898.0,2690.0,3367.0
15331.87,100.0,Akaki Kality,2.0,549.0,38.80014513086449,8.84933284654248,0,2,11,28,59,77,10.0,113.0,827.0,1898.0,2690.0,3367.0
21110.0,100.0,Akaki Kality,2.0,533.0,38.80014513086449,8.84933284654248,0,2,11,28,59,77,10.0,113.0,827.0,1898.0,2690.0,3367.0
14619.0,100.0,Akaki Kality,2.0,533.0,38.80014513086449,8.84933284654248,0,2,11,28,59,77,10.0,113.0,827.0,1898.0,2690.0,3367.0
21150.0,100.0,Akaki Kality,2.0,533.0,38.80014513086449,8.84933284654248,0,2,11,28,59,77,10.0,113.0,827.0,1898.0,2690.0,3367.0
28127.0,100.0,Akaki Kality,2.0,1439.0,38.80014513086449,8.84933284654248,0,2,11,28,59,77,10.0,113.0,827.0,1898.0,2690.0,3367.0
16621.0,100.0,Akaki Kality,2.0,1439.0,38.80014513086449,8.84933284654248,0,2,11,28,59,77,10.0,113.0,827.0,1898.0,2690.0,3367.0
14100.98,100.0,Akaki Kality,2.0,1439.0,38.80014513086449,8.84933284654248,0,2,11,28,59,77,10.0,113.0,827.0,1898.0,2690.0,3367.0
14100.98,100.0,Akaki Kality,2.0,1337.0,38.80014513086449,8.84933284654248,0,2,11,28,59,77,10.0,113.0,827.0,1898.0,2690.0,3367.0
17000.0,100.0,Akaki Kality,2.0,1337.0,38.80014513086449,8.84933284654248,0,2,11,28,59,77,10.0,113.0,827.0,1898.0,2690.0,3367.0
11594.0,100.0,Akaki Kality,2.0,1337.0,38.80014513086449,8.84933284654248,0,2,11,28,59,77,10.0,113.0,827.0,1898.0,2690.0,3367.0
25021.0,100.0,Akaki Kality,2.0,145.0,38.80014513086449,8.84933284654248,0,2,11,28,59,77,10.0,113.0,827.0,1898.0,2690.0,3367.0
20170.0,100.0,Akaki Kality,2.0,145.0,38.80014513086449,8.84933284654248,0,2,11,28,59,77,10.0,113.0,827.0,1898.0,2690.0,3367.0
14023.0,100.0,Akaki Kality,2.0,145.0,38.80014513086449,8.84933284654248,0,2,11,28,59,77,10.0,113.0,827.0,1898.0,2690.0,3367.0
32999.0,100.0,Akaki Kality,2.0,145.0,38.80014513086449,8.84933284654248,0,2,11,28,59,77,10.0,113.0,827.0,1898.0,2690.0,3367.0
27100.0,100.0,Akaki Kality,2.0,145.0,38.80014513086449,8.84933284654248,0,2,11,28,59,77,10.0,113.0,827.0,1898.0,2690.0,3367.0
21030.0,100.0,Akaki Kality,2.0,145.0,38.80014513086449,8.84933284654248,0,2,11,28,59,77,10.0,113.0,827.0,1898.0,2690.0,3367.0
40271.25,100.0,Akaki Kality,2.0,144.0,38.80014513086449,8.84933284654248,0,2,11,28,59,77,10.0,113.0,827.0,1898.0,2690.0,3367.0
28675.0,100.0,Akaki Kality,2.0,144.0,38.80014513086449,8.84933284654248,0,2,11,28,59,77,10.0,113.0,827.0,1898.0,2690.0,3367.0
28645.0,100.0,Akaki Kality,2.0,144.0,38.80014513086449,8.84933284654248,0,2,11,28,59,77,10.0,113.0,827.0,1898.0,2690.0,3367.0
28888.0,100.0,Akaki Kality,2.0,148.0,38.80014513086449,8.84933284654248,0,2,11,28,59,77,10.0,113.0,827.0,1898.0,2690.0,3367.0
27150.0,100.0,Akaki Kality,2.0,148.0,38.80014513086449,8.84933284654248,0,2,11,28,59,77,10.0,113.0,827.0,1898.0,2690.0,3367.0
35653.0,100.0,Akaki Kality,2.0,148.0,38.80014513086449,8.84933284654248,0,2,11,28,59,77,10.0,113.0,827.0,1898.0,2690.0,3367.0
32298.99,100.0,Akaki Kality,2.0,144.0,38.80014513086449,8.84933284654248,0,2,11,28,59,77,10.0,113.0,827.0,1898.0,2690.0,3367.0
31500.0,100.0,Akaki Kality,2.0,144.0,38.80014513086449,8.84933284654248,0,2,11,28,59,77,10.0,113.0,827.0,1898.0,2690.0,3367.0
27800.99,100.0,Akaki Kality,2.0,144.0,38.80014513086449,8.84933284654248,0,2,11,28,59,77,10.0,113.0,827.0,1898.0,2690.0,3367.0
37511.0,100.0,Akaki Kality,2.0,148.0,38.80014513086449,8.84933284654248,0,2,11,28,59,77,10.0,113.0,827.0,1898.0,2690.0,3367.0
37290.0,100.0,Akaki Kality,2.0,148.0,38.80014513086449,8.84933284654248,0,2,11,28,59,77,10.0,113.0,827.0,1898.0,2690.0,3367.0
30558.0,100.0,Akaki Kality,2.0,148.0,38.80014513086449,8.84933284654248,0,2,11,28,59,77,10.0,113.0,827.0,1898.0,2690.0,3367.0
28210.0,100.0,Akaki Kality,2.0,144.0,38.80014513086449,8.84933284654248,0,2,11,28,59,77,10.0,113.0,827.0,1898.0,2690.0,3367.0
27100.0,100.0,Akaki Kality,2.0,144.0,38.80014513086449,8.84933284654248,0,2,11,28,59,77,10.0,113.0,827.0,1898.0,2690.0,3367.0
31112.5,100.0,Akaki Kality,2.0,144.0,38.80014513086449,8.84933284654248,0,2,11,28,59,77,10.0,113.0,827.0,1898.0,2690.0,3367.0
29100.0,100.0,Akaki Kality,2.0,148.0,38.80014513086449,8.84933284654248,0,2,11,28,59,77,10.0,113.0,827.0,1898.0,2690.0,3367.0
23755.0,100.0,Akaki Kality,2.0,148.0,38.80014513086449,8.84933284654248,0,2,11,28,59,77,10.0,113.0,827.0,1898.0,2690.0,3367.0
21216.0,100.0,Akaki Kality,2.0,148.0,38.80014513086449,8.84933284654248,0,2,11,28,59,77,10.0,113.0,827.0,1898.0,2690.0,3367.0
51115.0,100.0,Akaki Kality,8.0,125.0,38.78234356596863,8.894001187595702,2,15,63,90,113,137,111.0,302.0,1078.0,2203.0,3577.0,5027.0
27253.21,100.0,Akaki Kality,8.0,125.0,38.78234356596863,8.894001187595702,2,15,63,90,113,137,111.0,302.0,1078.0,2203.0,3577.0,5027.0
23250.0,100.0,Akaki Kality,8.0,125.0,38.78234356596863,8.894001187595702,2,15,63,90,113,137,111.0,302.0,1078.0,2203.0,3577.0,5027.0
28000.0,100.0,Akaki Kality,8.0,125.0,38.78234356596863,8.894001187595702,2,15,63,90,113,137,111.0,302.0,1078.0,2203.0,3577.0,5027.0
27444.0,100.0,Akaki Kality,8.0,125.0,38.78234356596863,8.894001187595702,2,15,63,90,113,137,111.0,302.0,1078.0,2203.0,3577.0,5027.0
40000.0,100.0,Akaki Kality,8.0,125.0,38.78234356596863,8.894001187595702,2,15,63,90,113,137,111.0,302.0,1078.0,2203.0,3577.0,5027.0
37280.0,100.0,Akaki Kality,8.0,125.0,38.78234356596863,8.894001187595702,2,15,63,90,113,137,111.0,302.0,1078.0,2203.0,3577.0,5027.0
22300.0,100.0,Akaki Kality,8.0,125.0,38.78234356596863,8.894001187595702,2,15,63,90,113,137,111.0,302.0,1078.0,2203.0,3577.0,5027.0
25602.0,100.0,Akaki Kality,8.0,125.0,38.78234356596863,8.894001187595702,2,15,63,90,113,137,111.0,302.0,1078.0,2203.0,3577.0,5027.0
40125.0,100.0,Akaki Kality,8.0,125.0,38.78234356596863,8.894001187595702,2,15,63,90,113,137,111.0,302.0,1078.0,2203.0,3577.0,5027.0
35555.0,100.0,Akaki Kality,8.0,125.0,38.78234356596863,8.894001187595702,2,15,63,90,113,137,111.0,302.0,1078.0,2203.0,3577.0,5027.0
21000.0,100.0,Akaki Kality,8.0,125.0,38.78234356596863,8.894001187595702,2,15,63,90,113,137,111.0,302.0,1078.0,2203.0,3577.0,5027.0
24364.0,100.0,Akaki Kality,8.0,125.0,38.78234356596863,8.894001187595702,2,15,63,90,113,137,111.0,302.0,1078.0,2203.0,3577.0,5027.0
21021.0,100.0,Akaki Kality,8.0,125.0,38.78234356596863,8.894001187595702,2,15,63,90,113,137,111.0,302.0,1078.0,2203.0,3577.0,5027.0
21000.0,100.0,Akaki Kality,8.0,125.0,38.78234356596863,8.894001187595702,2,15,63,90,113,137,111.0,302.0,1078.0,2203.0,3577.0,5027.0
25000.0,100.0,Akaki Kality,8.0,125.0,38.78234356596863,8.894001187595702,2,15,63,90,113,137,111.0,302.0,1078.0,2203.0,3577.0,5027.0
22199.0,100.0,Akaki Kality,8.0,125.0,38.78234356596863,8.894001187595702,2,15,63,90,113,137,111.0,302.0,1078.0,2203.0,3577.0,5027.0
21000.0,100.0,Akaki Kality,8.0,125.0,38.78234356596863,8.894001187595702,2,15,63,90,113,137,111.0,302.0,1078.0,2203.0,3577.0,5027.0
38554.23,100.0,Akaki Kality,8.0,125.0,38.78234356596863,8.894001187595702,2,15,63,90,113,137,111.0,302.0,1078.0,2203.0,3577.0,5027.0
26100.0,100.0,Akaki Kality,8.0,125.0,38.78234356596863,8.894001187595702,2,15,63,90,113,137,111.0,302.0,1078.0,2203.0,3577.0,5027.0
25685.0,100.0,Akaki Kality,8.0,125.0,38.78234356596863,8.894001187595702,2,15,63,90,113,137,111.0,302.0,1078.0,2203.0,3577.0,5027.0
26156.99,100.0,Akaki Kality,8.0,125.0,38.78234356596863,8.894001187595702,2,15,63,90,113,137,111.0,302.0,1078.0,2203.0,3577.0,5027.0
21612.0,100.0,Akaki Kality,8.0,125.0,38.78234356596863,8.894001187595702,2,15,63,90,113,137,111.0,302.0,1078.0,2203.0,3577.0,5027.0
15000.0,100.0,Akaki Kality,8.0,125.0,38.78234356596863,8.894001187595702,2,15,63,90,113,137,111.0,302.0,1078.0,2203.0,3577.0,5027.0
45000.0,100.0,Akaki Kality,8.0,125.0,38.78234356596863,8.894001187595702,2,15,63,90,113,137,111.0,302.0,1078.0,2203.0,3577.0,5027.0
18400.0,100.0,Akaki Kality,8.0,125.0,38.78234356596863,8.894001187595702,2,15,63,90,113,137,111.0,302.0,1078.0,2203.0,3577.0,5027.0
16121.0,100.0,Akaki Kality,8.0,125.0,38.78234356596863,8.894001187595702,2,15,63,90,113,137,111.0,302.0,1078.0,2203.0,3577.0,5027.0
31800.0,100.0,Akaki Kality,8.0,125.0,38.78234356596863,8.894001187595702,2,15,63,90,113,137,111.0,302.0,1078.0,2203.0,3577.0,5027.0
41116.0,100.0,Akaki Kality,8.0,125.0,38.78234356596863,8.894001187595702,2,15,63,90,113,137,111.0,302.0,1078.0,2203.0,3577.0,5027.0
25100.0,100.0,Akaki Kality,8.0,125.0,38.78234356596863,8.894001187595702,2,15,63,90,113,137,111.0,302.0,1078.0,2203.0,3577.0,5027.0
48120.0,100.0,Akaki Kality,8.0,125.0,38.78234356596863,8.894001187595702,2,15,63,90,113,137,111.0,302.0,1078.0,2203.0,3577.0,5027.0
25512.0,100.0,Akaki Kality,8.0,125.0,38.78234356596863,8.894001187595702,2,15,63,90,113,137,111.0,302.0,1078.0,2203.0,3577.0,5027.0
21200.0,100.0,Akaki Kality,8.0,125.0,38.78234356596863,8.894001187595702,2,15,63,90,113,137,111.0,302.0,1078.0,2203.0,3577.0,5027.0
39800.0,100.0,Akaki Kality,8.0,125.0,38.78234356596863,8.894001187595702,2,15,63,90,113,137,111.0,302.0,1078.0,2203.0,3577.0,5027.0
29100.0,100.0,Akaki Kality,8.0,125.0,38.78234356596863,8.894001187595702,2,15,63,90,113,137,111.0,302.0,1078.0,2203.0,3577.0,5027.0
22205.0,100.0,Akaki Kality,8.0,125.0,38.78234356596863,8.894001187595702,2,15,63,90,113,137,111.0,302.0,1078.0,2203.0,3577.0,5027.0
24550.0,100.0,Akaki Kality,8.0,125.0,38.78234356596863,8.894001187595702,2,15,63,90,113,137,111.0,302.0,1078.0,2203.0,3577.0,5027.0
22689.0,100.0,Akaki Kality,8.0,125.0,38.78234356596863,8.894001187595702,2,15,63,90,113,137,111.0,302.0,1078.0,2203.0,3577.0,5027.0
32500.0,40.0,Akaki Kality,8.0,125.0,38.78234356596863,8.894001187595702,2,15,63,90,113,137,111.0,302.0,1078.0,2203.0,3577.0,5027.0
30101.0,100.0,Akaki Kality,8.0,125.0,38.78234356596863,8.894001187595702,2,15,63,90,113,137,111.0,302.0,1078.0,2203.0,3577.0,5027.0
24000.0,100.0,Akaki Kality,8.0,125.0,38.78234356596863,8.894001187595702,2,15,63,90,113,137,111.0,302.0,1078.0,2203.0,3577.0,5027.0
15125.0,100.0,Akaki Kality,8.0,125.0,38.78234356596863,8.894001187595702,2,15,63,90,113,137,111.0,302.0,1078.0,2203.0,3577.0,5027.0
32255.0,100.0,Akaki Kality,8.0,186.0,38.78234356596863,8.894001187595702,2,15,63,90,113,137,111.0,302.0,1078.0,2203.0,3577.0,5027.0
26888.0,100.0,Akaki Kality,8.0,186.0,38.78234356596863,8.894001187595702,2,15,63,90,113,137,111.0,302.0,1078.0,2203.0,3577.0,5027.0
36565.0,60.0,Akaki Kality,8.0,186.0,38.78234356596863,8.894001187595702,2,15,63,90,113,137,111.0,302.0,1078.0,2203.0,3577.0,5027.0
43500.0,55.0,Akaki Kality,8.0,153.0,38.78234356596863,8.894001187595702,2,15,63,90,113,137,111.0,302.0,1078.0,2203.0,3577.0,5027.0
16990.9,100.0,Akaki Kality,8.0,153.0,38.78234356596863,8.894001187595702,2,15,63,90,113,137,111.0,302.0,1078.0,2203.0,3577.0,5027.0
16878.0,100.0,Akaki Kality,8.0,153.0,38.78234356596863,8.894001187595702,2,15,63,90,113,137,111.0,302.0,1078.0,2203.0,3577.0,5027.0
20051.0,100.0,Akaki Kality,8.0,227.0,38.78234356596863,8.894001187595702,2,15,63,90,113,137,111.0,302.0,1078.0,2203.0,3577.0,5027.0
21137.0,60.0,Akaki Kality,8.0,227.0,38.78234356596863,8.894001187595702,2,15,63,90,113,137,111.0,302.0,1078.0,2203.0,3577.0,5027.0
15500.0,100.0,Akaki Kality,8.0,227.0,38.78234356596863,8.894001187595702,2,15,63,90,113,137,111.0,302.0,1078.0,2203.0,3577.0,5027.0
18100.0,61.0,Akaki Kality,8.0,567.0,38.78234356596863,8.894001187595702,2,15,63,90,113,137,111.0,302.0,1078.0,2203.0,3577.0,5027.0
16000.0,70.0,Akaki Kality,8.0,567.0,38.78234356596863,8.894001187595702,2,15,63,90,113,137,111.0,302.0,1078.0,2203.0,3577.0,5027.0
12350.0,100.0,Akaki Kality,8.0,567.0,38.78234356596863,8.894001187595702,2,15,63,90,113,137,111.0,302.0,1078.0,2203.0,3577.0,5027.0
18779.0,100.0,Akaki Kality,8.0,500.0,38.78234356596863,8.894001187595702,2,15,63,90,113,137,111.0,302.0,1078.0,2203.0,3577.0,5027.0
16700.0,100.0,Akaki Kality,8.0,500.0,38.78234356596863,8.894001187595702,2,15,63,90,113,137,111.0,302.0,1078.0,2203.0,3577.0,5027.0
20111.0,45.0,Akaki Kality,8.0,500.0,38.78234356596863,8.894001187595702,2,15,63,90,113,137,111.0,302.0,1078.0,2203.0,3577.0,5027.0
29050.0,100.0,Akaki Kality,8.0,245.0,38.78234356596863,8.894001187595702,2,15,63,90,113,137,111.0,302.0,1078.0,2203.0,3577.0,5027.0
20461.0,100.0,Akaki Kality,8.0,245.0,38.78234356596863,8.894001187595702,2,15,63,90,113,137,111.0,302.0,1078.0,2203.0,3577.0,5027.0
19500.0,100.0,Akaki Kality,8.0,245.0,38.78234356596863,8.894001187595702,2,15,63,90,113,137,111.0,302.0,1078.0,2203.0,3577.0,5027.0
26723.0,100.0,Akaki Kality,1.0,311.0,38.79769047574577,8.871845782757074,0,8,37,73,108,121,181.0,567.0,1559.0,2513.0,3366.0,4271.0
16689.0,100.0,Akaki Kality,1.0,311.0,38.79769047574577,8.871845782757074,0,8,37,73,108,121,181.0,567.0,1559.0,2513.0,3366.0,4271.0
16088.0,100.0,Akaki Kality,1.0,311.0,38.79769047574577,8.871845782757074,0,8,37,73,108,121,181.0,567.0,1559.0,2513.0,3366.0,4271.0
61000.0,100.0,Akaki Kality,1.0,240.0,38.79769047574577,8.871845782757074,0,8,37,73,108,121,181.0,567.0,1559.0,2513.0,3366.0,4271.0
39145.0,100.0,Akaki Kality,1.0,240.0,38.79769047574577,8.871845782757074,0,8,37,73,108,121,181.0,567.0,1559.0,2513.0,3366.0,4271.0
31390.0,100.0,Akaki Kality,1.0,240.0,38.79769047574577,8.871845782757074,0,8,37,73,108,121,181.0,567.0,1559.0,2513.0,3366.0,4271.0
31124.0,100.0,Akaki Kality,1.0,280.0,38.79769047574577,8.871845782757074,0,8,37,73,108,121,181.0,567.0,1559.0,2513.0,3366.0,4271.0
29001.0,100.0,Akaki Kality,1.0,280.0,38.79769047574577,8.871845782757074,0,8,37,73,108,121,181.0,567.0,1559.0,2513.0,3366.0,4271.0
34100.0,81.0,Akaki Kality,1.0,280.0,38.79769047574577,8.871845782757074,0,8,37,73,108,121,181.0,567.0,1559.0,2513.0,3366.0,4271.0
23233.0,100.0,Akaki Kality,1.0,583.0,38.79769047574577,8.871845782757074,0,8,37,73,108,121,181.0,567.0,1559.0,2513.0,3366.0,4271.0
16210.0,100.0,Akaki Kality,1.0,583.0,38.79769047574577,8.871845782757074,0,8,37,73,108,121,181.0,567.0,1559.0,2513.0,3366.0,4271.0
13740.0,100.0,Akaki Kality,1.0,583.0,38.79769047574577,8.871845782757074,0,8,37,73,108,121,181.0,567.0,1559.0,2513.0,3366.0,4271.0
21321.0,100.0,Akaki Kality,1.0,590.0,38.79769047574577,8.871845782757074,0,8,37,73,108,121,181.0,567.0,1559.0,2513.0,3366.0,4271.0
17100.0,100.0,Akaki Kality,1.0,590.0,38.79769047574577,8.871845782757074,0,8,37,73,108,121,181.0,567.0,1559.0,2513.0,3366.0,4271.0
13300.0,100.0,Akaki Kality,1.0,590.0,38.79769047574577,8.871845782757074,0,8,37,73,108,121,181.0,567.0,1559.0,2513.0,3366.0,4271.0
18100.0,100.0,Akaki Kality,1.0,539.0,38.79769047574577,8.871845782757074,0,8,37,73,108,121,181.0,567.0,1559.0,2513.0,3366.0,4271.0
15000.0,100.0,Akaki Kality,1.0,539.0,38.79769047574577,8.871845782757074,0,8,37,73,108,121,181.0,567.0,1559.0,2513.0,3366.0,4271.0
14842.31,60.0,Akaki Kality,1.0,539.0,38.79769047574577,8.871845782757074,0,8,37,73,108,121,181.0,567.0,1559.0,2513.0,3366.0,4271.0
25200.0,100.0,Akaki Kality,1.0,492.0,38.79769047574577,8.871845782757074,0,8,37,73,108,121,181.0,567.0,1559.0,2513.0,3366.0,4271.0
23221.0,100.0,Akaki Kality,1.0,492.0,38.79769047574577,8.871845782757074,0,8,37,73,108,121,181.0,567.0,1559.0,2513.0,3366.0,4271.0
22560.97,100.0,Akaki Kality,1.0,492.0,38.79769047574577,8.871845782757074,0,8,37,73,108,121,181.0,567.0,1559.0,2513.0,3366.0,4271.0
25000.0,100.0,Akaki Kality,1.0,590.0,38.79769047574577,8.871845782757074,0,8,37,73,108,121,181.0,567.0,1559.0,2513.0,3366.0,4271.0
23221.0,100.0,Akaki Kality,1.0,590.0,38.79769047574577,8.871845782757074,0,8,37,73,108,121,181.0,567.0,1559.0,2513.0,3366.0,4271.0
19210.0,100.0,Akaki Kality,1.0,590.0,38.79769047574577,8.871845782757074,0,8,37,73,108,121,181.0,567.0,1559.0,2513.0,3366.0,4271.0
22600.0,100.0,Akaki Kality,1.0,431.0,38.79769047574577,8.871845782757074,0,8,37,73,108,121,181.0,567.0,1559.0,2513.0,3366.0,4271.0
19145.0,100.0,Akaki Kality,1.0,431.0,38.79769047574577,8.871845782757074,0,8,37,73,108,121,181.0,567.0,1559.0,2513.0,3366.0,4271.0
18601.8,100.0,Akaki Kality,1.0,431.0,38.79769047574577,8.871845782757074,0,8,37,73,108,121,181.0,567.0,1559.0,2513.0,3366.0,4271.0
27120.0,100.0,Akaki Kality,1.0,554.0,38.79769047574577,8.871845782757074,0,8,37,73,108,121,181.0,567.0,1559.0,2513.0,3366.0,4271.0
23360.0,100.0,Akaki Kality,1.0,554.0,38.79769047574577,8.871845782757074,0,8,37,73,108,121,181.0,567.0,1559.0,2513.0,3366.0,4271.0
25025.0,80.0,Akaki Kality,1.0,554.0,38.79769047574577,8.871845782757074,0,8,37,73,108,121,181.0,567.0,1559.0,2513.0,3366.0,4271.0
69369.36,40.0,Akaki Kality,1.0,100.0,38.79769047574577,8.871845782757074,0,8,37,73,108,121,181.0,567.0,1559.0,2513.0,3366.0,4271.0
41221.0,100.0,Akaki Kality,1.0,100.0,38.79769047574577,8.871845782757074,0,8,37,73,108,121,181.0,567.0,1559.0,2513.0,3366.0,4271.0
38000.0,100.0,Akaki Kality,1.0,100.0,38.79769047574577,8.871845782757074,0,8,37,73,108,121,181.0,567.0,1559.0,2513.0,3366.0,4271.0
65048.59,70.0,Akaki Kality,1.0,103.0,38.79769047574577,8.871845782757074,0,8,37,73,108,121,181.0,567.0,1559.0,2513.0,3366.0,4271.0
45166.0,100.0,Akaki Kality,1.0,103.0,38.79769047574577,8.871845782757074,0,8,37,73,108,121,181.0,567.0,1559.0,2513.0,3366.0,4271.0
70100.0,45.0,Akaki Kality,1.0,103.0,38.79769047574577,8.871845782757074,0,8,37,73,108,121,181.0,567.0,1559.0,2513.0,3366.0,4271.0
35155.65,100.0,Akaki Kality,1.0,150.0,38.79769047574577,8.871845782757074,0,8,37,73,108,121,181.0,567.0,1559.0,2513.0,3366.0,4271.0
32479.0,100.0,Akaki Kality,1.0,150.0,38.79769047574577,8.871845782757074,0,8,37,73,108,121,181.0,567.0,1559.0,2513.0,3366.0,4271.0
28150.0,85.0,Akaki Kality,1.0,150.0,38.79769047574577,8.871845782757074,0,8,37,73,108,121,181.0,567.0,1559.0,2513.0,3366.0,4271.0
25529.0,100.0,Akaki Kality,1.0,150.0,38.79769047574577,8.871845782757074,0,8,37,73,108,121,181.0,567.0,1559.0,2513.0,3366.0,4271.0
27210.76,56.0,Akaki Kality,1.0,150.0,38.79769047574577,8.871845782757074,0,8,37,73,108,121,181.0,567.0,1559.0,2513.0,3366.0,4271.0
16711.0,100.0,Akaki Kality,1.0,150.0,38.79769047574577,8.871845782757074,0,8,37,73,108,121,181.0,567.0,1559.0,2513.0,3366.0,4271.0
43505.0,70.0,Akaki Kality,1.0,150.0,38.79769047574577,8.871845782757074,0,8,37,73,108,121,181.0,567.0,1559.0,2513.0,3366.0,4271.0
27629.0,100.0,Akaki Kality,1.0,150.0,38.79769047574577,8.871845782757074,0,8,37,73,108,121,181.0,567.0,1559.0,2513.0,3366.0,4271.0
26806.66,100.0,Akaki Kality,1.0,150.0,38.79769047574577,8.871845782757074,0,8,37,73,108,121,181.0,567.0,1559.0,2513.0,3366.0,4271.0
30677.0,100.0,Akaki Kality,1.0,150.0,38.79769047574577,8.871845782757074,0,8,37,73,108,121,181.0,567.0,1559.0,2513.0,3366.0,4271.0
28121.0,100.0,Akaki Kality,1.0,150.0,38.79769047574577,8.871845782757074,0,8,37,73,108,121,181.0,567.0,1559.0,2513.0,3366.0,4271.0
27350.0,100.0,Akaki Kality,1.0,150.0,38.79769047574577,8.871845782757074,0,8,37,73,108,121,181.0,567.0,1559.0,2513.0,3366.0,4271.0
35000.0,80.0,Akaki Kality,1.0,150.0,38.79769047574577,8.871845782757074,0,8,37,73,108,121,181.0,567.0,1559.0,2513.0,3366.0,4271.0
26846.66,100.0,Akaki Kality,1.0,150.0,38.79769047574577,8.871845782757074,0,8,37,73,108,121,181.0,567.0,1559.0,2513.0,3366.0,4271.0
24250.0,100.0,Akaki Kality,1.0,150.0,38.79769047574577,8.871845782757074,0,8,37,73,108,121,181.0,567.0,1559.0,2513.0,3366.0,4271.0
47000.0,65.0,Akaki Kality,1.0,152.0,38.79769047574577,8.871845782757074,0,8,37,73,108,121,181.0,567.0,1559.0,2513.0,3366.0,4271.0
27769.73,100.0,Akaki Kality,1.0,152.0,38.79769047574577,8.871845782757074,0,8,37,73,108,121,181.0,567.0,1559.0,2513.0,3366.0,4271.0
25121.0,100.0,Akaki Kality,1.0,152.0,38.79769047574577,8.871845782757074,0,8,37,73,108,121,181.0,567.0,1559.0,2513.0,3366.0,4271.0
36312.9,100.0,Akaki Kality,1.0,179.0,38.79769047574577,8.871845782757074,0,8,37,73,108,121,181.0,567.0,1559.0,2513.0,3366.0,4271.0
27850.0,100.0,Akaki Kality,1.0,179.0,38.79769047574577,8.871845782757074,0,8,37,73,108,121,181.0,567.0,1559.0,2513.0,3366.0,4271.0
27629.0,100.0,Akaki Kality,1.0,179.0,38.79769047574577,8.871845782757074,0,8,37,73,108,121,181.0,567.0,1559.0,2513.0,3366.0,4271.0
41000.0,100.0,Akaki Kality,1.0,127.0,38.79769047574577,8.871845782757074,0,8,37,73,108,121,181.0,567.0,1559.0,2513.0,3366.0,4271.0
34345.0,100.0,Akaki Kality,1.0,127.0,38.79769047574577,8.871845782757074,0,8,37,73,108,121,181.0,567.0,1559.0,2513.0,3366.0,4271.0
32050.0,100.0,Akaki Kality,1.0,127.0,38.79769047574577,8.871845782757074,0,8,37,73,108,121,181.0,567.0,1559.0,2513.0,3366.0,4271.0
65100.0,40.0,Akaki Kality,1.0,129.0,38.79769047574577,8.871845782757074,0,8,37,73,108,121,181.0,567.0,1559.0,2513.0,3366.0,4271.0
28016.0,100.0,Akaki Kality,1.0,129.0,38.79769047574577,8.871845782757074,0,8,37,73,108,121,181.0,567.0,1559.0,2513.0,3366.0,4271.0
41192.89,60.0,Akaki Kality,1.0,129.0,38.79769047574577,8.871845782757074,0,8,37,73,108,121,181.0,567.0,1559.0,2513.0,3366.0,4271.0
31000.0,100.0,Akaki Kality,1.0,130.0,38.79769047574577,8.871845782757074,0,8,37,73,108,121,181.0,567.0,1559.0,2513.0,3366.0,4271.0
40100.0,48.0,Akaki Kality,1.0,130.0,38.79769047574577,8.871845782757074,0,8,37,73,108,121,181.0,567.0,1559.0,2513.0,3366.0,4271.0
25163.0,100.0,Akaki Kality,1.0,130.0,38.79769047574577,8.871845782757074,0,8,37,73,108,121,181.0,567.0,1559.0,2513.0,3366.0,4271.0
27600.0,100.0,Akaki Kality,1.0,132.0,38.79769047574577,8.871845782757074,0,8,37,73,108,121,181.0,567.0,1559.0,2513.0,3366.0,4271.0
31000.0,50.0,Akaki Kality,1.0,132.0,38.79769047574577,8.871845782757074,0,8,37,73,108,121,181.0,567.0,1559.0,2513.0,3366.0,4271.0
21276.5,40.0,Akaki Kality,1.0,132.0,38.79769047574577,8.871845782757074,0,8,37,73,108,121,181.0,567.0,1559.0,2513.0,3366.0,4271.0
36100.0,100.0,Akaki Kality,1.0,133.0,38.79769047574577,8.871845782757074,0,8,37,73,108,121,181.0,567.0,1559.0,2513.0,3366.0,4271.0
35000.0,60.0,Akaki Kality,1.0,133.0,38.79769047574577,8.871845782757074,0,8,37,73,108,121,181.0,567.0,1559.0,2513.0,3366.0,4271.0
23330.0,100.0,Akaki Kality,1.0,133.0,38.79769047574577,8.871845782757074,0,8,37,73,108,121,181.0,567.0,1559.0,2513.0,3366.0,4271.0
33830.0,100.0,Akaki Kality,1.0,134.0,38.79769047574577,8.871845782757074,0,8,37,73,108,121,181.0,567.0,1559.0,2513.0,3366.0,4271.0
41300.0,70.0,Akaki Kality,1.0,134.0,38.79769047574577,8.871845782757074,0,8,37,73,108,121,181.0,567.0,1559.0,2513.0,3366.0,4271.0
31685.0,100.0,Akaki Kality,1.0,134.0,38.79769047574577,8.871845782757074,0,8,37,73,108,121,181.0,567.0,1559.0,2513.0,3366.0,4271.0
38000.0,100.0,Akaki Kality,1.0,136.0,38.79769047574577,8.871845782757074,0,8,37,73,108,121,181.0,567.0,1559.0,2513.0,3366.0,4271.0
51619.0,60.0,Akaki Kality,1.0,136.0,38.79769047574577,8.871845782757074,0,8,37,73,108,121,181.0,567.0,1559.0,2513.0,3366.0,4271.0
27777.0,100.0,Akaki Kality,1.0,136.0,38.79769047574577,8.871845782757074,0,8,37,73,108,121,181.0,567.0,1559.0,2513.0,3366.0,4271.0
47000.0,65.0,Akaki Kality,1.0,136.0,38.79769047574577,8.871845782757074,0,8,37,73,108,121,181.0,567.0,1559.0,2513.0,3366.0,4271.0
36501.0,85.0,Akaki Kality,1.0,137.0,38.79769047574577,8.871845782757074,0,8,37,73,108,121,181.0,567.0,1559.0,2513.0,3366.0,4271.0
26199.9,85.0,Akaki Kality,1.0,137.0,38.79769047574577,8.871845782757074,0,8,37,73,108,121,181.0,567.0,1559.0,2513.0,3366.0,4271.0
32301.0,100.0,Akaki Kality,1.0,278.0,38.79769047574577,8.871845782757074,0,8,37,73,108,121,181.0,567.0,1559.0,2513.0,3366.0,4271.0
27099.94,100.0,Akaki Kality,1.0,278.0,38.79769047574577,8.871845782757074,0,8,37,73,108,121,181.0,567.0,1559.0,2513.0,3366.0,4271.0
19889.0,100.0,Akaki Kality,1.0,278.0,38.79769047574577,8.871845782757074,0,8,37,73,108,121,181.0,567.0,1559.0,2513.0,3366.0,4271.0
27109.8,100.0,Akaki Kality,1.0,278.0,38.79769047574577,8.871845782757074,0,8,37,73,108,121,181.0,567.0,1559.0,2513.0,3366.0,4271.0
38019.21,40.0,Akaki Kality,1.0,278.0,38.79769047574577,8.871845782757074,0,8,37,73,108,121,181.0,567.0,1559.0,2513.0,3366.0,4271.0
22151.78,100.0,Akaki Kality,1.0,278.0,38.79769047574577,8.871845782757074,0,8,37,73,108,121,181.0,567.0,1559.0,2513.0,3366.0,4271.0
48110.0,71.0,Akaki Kality,1.0,141.0,38.79769047574577,8.871845782757074,0,8,37,73,108,121,181.0,567.0,1559.0,2513.0,3366.0,4271.0
27227.0,100.0,Akaki Kality,1.0,141.0,38.79769047574577,8.871845782757074,0,8,37,73,108,121,181.0,567.0,1559.0,2513.0,3366.0,4271.0
25531.92,100.0,Akaki Kality,1.0,141.0,38.79769047574577,8.871845782757074,0,8,37,73,108,121,181.0,567.0,1559.0,2513.0,3366.0,4271.0
41100.0,100.0,Akaki Kality,1.0,141.0,38.79769047574577,8.871845782757074,0,8,37,73,108,121,181.0,567.0,1559.0,2513.0,3366.0,4271.0
37387.34,77.0,Akaki Kality,1.0,141.0,38.79769047574577,8.871845782757074,0,8,37,73,108,121,181.0,567.0,1559.0,2513.0,3366.0,4271.0
36171.0,75.0,Akaki Kality,1.0,141.0,38.79769047574577,8.871845782757074,0,8,37,73,108,121,181.0,567.0,1559.0,2513.0,3366.0,4271.0
43151.0,100.0,Akaki Kality,1.0,141.0,38.79769047574577,8.871845782757074,0,8,37,73,108,121,181.0,567.0,1559.0,2513.0,3366.0,4271.0
39785.0,100.0,Akaki Kality,1.0,141.0,38.79769047574577,8.871845782757074,0,8,37,73,108,121,181.0,567.0,1559.0,2513.0,3366.0,4271.0
36000.0,80.0,Akaki Kality,1.0,141.0,38.79769047574577,8.871845782757074,0,8,37,73,108,121,181.0,567.0,1559.0,2513.0,3366.0,4271.0
33333.33,100.0,Akaki Kality,1.0,141.0,38.79769047574577,8.871845782757074,0,8,37,73,108,121,181.0,567.0,1559.0,2513.0,3366.0,4271.0
30500.0,100.0,Akaki Kality,1.0,141.0,38.79769047574577,8.871845782757074,0,8,37,73,108,121,181.0,567.0,1559.0,2513.0,3366.0,4271.0
36112.0,76.0,Akaki Kality,1.0,141.0,38.79769047574577,8.871845782757074,0,8,37,73,108,121,181.0,567.0,1559.0,2513.0,3366.0,4271.0
32210.0,81.0,Akaki Kality,1.0,141.0,38.79769047574577,8.871845782757074,0,8,37,73,108,121,181.0,567.0,1559.0,2513.0,3366.0,4271.0
27125.0,90.0,Akaki Kality,1.0,141.0,38.79769047574577,8.871845782757074,0,8,37,73,108,121,181.0,567.0,1559.0,2513.0,3366.0,4271.0
28000.0,76.0,Akaki Kality,1.0,141.0,38.79769047574577,8.871845782757074,0,8,37,73,108,121,181.0,567.0,1559.0,2513.0,3366.0,4271.0
41265.0,100.0,Akaki Kality,1.0,141.0,38.79769047574577,8.871845782757074,0,8,37,73,108,121,181.0,567.0,1559.0,2513.0,3366.0,4271.0
35460.0,100.0,Akaki Kality,1.0,141.0,38.79769047574577,8.871845782757074,0,8,37,73,108,121,181.0,567.0,1559.0,2513.0,3366.0,4271.0
26250.0,100.0,Akaki Kality,1.0,141.0,38.79769047574577,8.871845782757074,0,8,37,73,108,121,181.0,567.0,1559.0,2513.0,3366.0,4271.0
45665.0,100.0,Akaki Kality,1.0,119.0,38.79769047574577,8.871845782757074,0,8,37,73,108,121,181.0,567.0,1559.0,2513.0,3366.0,4271.0
42019.0,100.0,Akaki Kality,1.0,119.0,38.79769047574577,8.871845782757074,0,8,37,73,108,121,181.0,567.0,1559.0,2513.0,3366.0,4271.0
21660.0,100.0,Akaki Kality,1.0,119.0,38.79769047574577,8.871845782757074,0,8,37,73,108,121,181.0,567.0,1559.0,2513.0,3366.0,4271.0
42058.82,100.0,Akaki Kality,1.0,119.0,38.79769047574577,8.871845782757074,0,8,37,73,108,121,181.0,567.0,1559.0,2513.0,3366.0,4271.0
38121.06,100.0,Akaki Kality,1.0,119.0,38.79769047574577,8.871845782757074,0,8,37,73,108,121,181.0,567.0,1559.0,2513.0,3366.0,4271.0
37100.0,100.0,Akaki Kality,1.0,119.0,38.79769047574577,8.871845782757074,0,8,37,73,108,121,181.0,567.0,1559.0,2513.0,3366.0,4271.0
43695.0,74.0,Akaki Kality,1.0,118.0,38.79769047574577,8.871845782757074,0,8,37,73,108,121,181.0,567.0,1559.0,2513.0,3366.0,4271.0
33411.11,100.0,Akaki Kality,1.0,118.0,38.79769047574577,8.871845782757074,0,8,37,73,108,121,181.0,567.0,1559.0,2513.0,3366.0,4271.0
45000.0,50.0,Akaki Kality,1.0,118.0,38.79769047574577,8.871845782757074,0,8,37,73,108,121,181.0,567.0,1559.0,2513.0,3366.0,4271.0
42381.36,100.0,Akaki Kality,1.0,118.0,38.79769047574577,8.871845782757074,0,8,37,73,108,121,181.0,567.0,1559.0,2513.0,3366.0,4271.0
32220.0,100.0,Akaki Kality,1.0,118.0,38.79769047574577,8.871845782757074,0,8,37,73,108,121,181.0,567.0,1559.0,2513.0,3366.0,4271.0
29962.63,100.0,Akaki Kality,1.0,118.0,38.79769047574577,8.871845782757074,0,8,37,73,108,121,181.0,567.0,1559.0,2513.0,3366.0,4271.0
44605.01,100.0,Akaki Kality,1.0,116.0,38.79769047574577,8.871845782757074,0,8,37,73,108,121,181.0,567.0,1559.0,2513.0,3366.0,4271.0
45000.0,75.0,Akaki Kality,1.0,116.0,38.79769047574577,8.871845782757074,0,8,37,73,108,121,181.0,567.0,1559.0,2513.0,3366.0,4271.0
30175.0,100.0,Akaki Kality,1.0,116.0,38.79769047574577,8.871845782757074,0,8,37,73,108,121,181.0,567.0,1559.0,2513.0,3366.0,4271.0
59200.0,40.0,Akaki Kality,1.0,115.0,38.79769047574577,8.871845782757074,0,8,37,73,108,121,181.0,567.0,1559.0,2513.0,3366.0,4271.0
28500.0,100.0,Akaki Kality,1.0,115.0,38.79769047574577,8.871845782757074,0,8,37,73,108,121,181.0,567.0,1559.0,2513.0,3366.0,4271.0
22000.0,100.0,Akaki Kality,1.0,115.0,38.79769047574577,8.871845782757074,0,8,37,73,108,121,181.0,567.0,1559.0,2513.0,3366.0,4271.0
31933.0,100.0,Akaki Kality,1.0,119.0,38.79769047574577,8.871845782757074,0,8,37,73,108,121,181.0,567.0,1559.0,2513.0,3366.0,4271.0
30016.0,100.0,Akaki Kality,1.0,119.0,38.79769047574577,8.871845782757074,0,8,37,73,108,121,181.0,567.0,1559.0,2513.0,3366.0,4271.0
27444.0,100.0,Akaki Kality,1.0,119.0,38.79769047574577,8.871845782757074,0,8,37,73,108,121,181.0,567.0,1559.0,2513.0,3366.0,4271.0
19750.0,65.0,Akaki Kality,1.0,119.0,38.79769047574577,8.871845782757074,0,8,37,73,108,121,181.0,567.0,1559.0,2513.0,3366.0,4271.0
20150.0,40.0,Akaki Kality,1.0,119.0,38.79769047574577,8.871845782757074,0,8,37,73,108,121,181.0,567.0,1559.0,2513.0,3366.0,4271.0
10000.0,100.0,Akaki Kality,1.0,119.0,38.79769047574577,8.871845782757074,0,8,37,73,108,121,181.0,567.0,1559.0,2513.0,3366.0,4271.0
39100.0,100.0,Akaki Kality,1.0,119.0,38.79769047574577,8.871845782757074,0,8,37,73,108,121,181.0,567.0,1559.0,2513.0,3366.0,4271.0
32550.0,100.0,Akaki Kality,1.0,119.0,38.79769047574577,8.871845782757074,0,8,37,73,108,121,181.0,567.0,1559.0,2513.0,3366.0,4271.0
31100.0,100.0,Akaki Kality,1.0,119.0,38.79769047574577,8.871845782757074,0,8,37,73,108,121,181.0,567.0,1559.0,2513.0,3366.0,4271.0
22876.0,100.0,Akaki Kality,1.0,119.0,38.79769047574577,8.871845782757074,0,8,37,73,108,121,181.0,567.0,1559.0,2513.0,3366.0,4271.0
25210.0,75.0,Akaki Kality,1.0,119.0,38.79769047574577,8.871845782757074,0,8,37,73,108,121,181.0,567.0,1559.0,2513.0,3366.0,4271.0
21000.0,100.0,Akaki Kality,1.0,119.0,38.79769047574577,8.871845782757074,0,8,37,73,108,121,181.0,567.0,1559.0,2513.0,3366.0,4271.0
36000.0,100.0,Akaki Kality,1.0,116.0,38.79769047574577,8.871845782757074,0,8,37,73,108,121,181.0,567.0,1559.0,2513.0,3366.0,4271.0
31000.0,100.0,Akaki Kality,1.0,116.0,38.79769047574577,8.871845782757074,0,8,37,73,108,121,181.0,567.0,1559.0,2513.0,3366.0,4271.0
27012.0,100.0,Akaki Kality,1.0,116.0,38.79769047574577,8.871845782757074,0,8,37,73,108,121,181.0,567.0,1559.0,2513.0,3366.0,4271.0
52115.0,55.0,Akaki Kality,1.0,115.0,38.79769047574577,8.871845782757074,0,8,37,73,108,121,181.0,567.0,1559.0,2513.0,3366.0,4271.0
31459.0,100.0,Akaki Kality,1.0,115.0,38.79769047574577,8.871845782757074,0,8,37,73,108,121,181.0,567.0,1559.0,2513.0,3366.0,4271.0
18923.0,100.0,Akaki Kality,1.0,115.0,38.79769047574577,8.871845782757074,0,8,37,73,108,121,181.0,567.0,1559.0,2513.0,3366.0,4271.0
15742.59,100.0,Akaki Kality,1.0,712.0,38.79769047574577,8.871845782757074,0,8,37,73,108,121,181.0,567.0,1559.0,2513.0,3366.0,4271.0
15555.0,100.0,Akaki Kality,1.0,712.0,38.79769047574577,8.871845782757074,0,8,37,73,108,121,181.0,567.0,1559.0,2513.0,3366.0,4271.0
1312.0,100.0,Akaki Kality,1.0,712.0,38.79769047574577,8.871845782757074,0,8,37,73,108,121,181.0,567.0,1559.0,2513.0,3366.0,4271.0
20500.0,60.0,Akaki Kality,1.0,881.0,38.79769047574577,8.871845782757074,0,8,37,73,108,121,181.0,567.0,1559.0,2513.0,3366.0,4271.0
12211.0,40.0,Akaki Kality,1.0,881.0,38.79769047574577,8.871845782757074,0,8,37,73,108,121,181.0,567.0,1559.0,2513.0,3366.0,4271.0
10200.0,45.0,Akaki Kality,1.0,881.0,38.79769047574577,8.871845782757074,0,8,37,73,108,121,181.0,567.0,1559.0,2513.0,3366.0,4271.0
11621.0,40.0,Akaki Kality,1.0,800.0,38.79769047574577,8.871845782757074,0,8,37,73,108,121,181.0,567.0,1559.0,2513.0,3366.0,4271.0
6189.0,100.0,Akaki Kality,1.0,800.0,38.79769047574577,8.871845782757074,0,8,37,73,108,121,181.0,567.0,1559.0,2513.0,3366.0,4271.0
10001.0,42.0,Akaki Kality,1.0,800.0,38.79769047574577,8.871845782757074,0,8,37,73,108,121,181.0,567.0,1559.0,2513.0,3366.0,4271.0
21150.0,60.0,Akaki Kality,1.0,682.0,38.79769047574577,8.871845782757074,0,8,37,73,108,121,181.0,567.0,1559.0,2513.0,3366.0,4271.0
15021.0,50.0,Akaki Kality,1.0,682.0,38.79769047574577,8.871845782757074,0,8,37,73,108,121,181.0,567.0,1559.0,2513.0,3366.0,4271.0
4850.0,100.0,Akaki Kality,1.0,682.0,38.79769047574577,8.871845782757074,0,8,37,73,108,121,181.0,567.0,1559.0,2513.0,3366.0,4271.0
13000.0,100.0,Akaki Kality,1.0,233.0,38.79769047574577,8.871845782757074,0,8,37,73,108,121,181.0,567.0,1559.0,2513.0,3366.0,4271.0
11000.0,100.0,Akaki Kality,1.0,233.0,38.79769047574577,8.871845782757074,0,8,37,73,108,121,181.0,567.0,1559.0,2513.0,3366.0,4271.0
8000.0,100.0,Akaki Kality,1.0,233.0,38.79769047574577,8.871845782757074,0,8,37,73,108,121,181.0,567.0,1559.0,2513.0,3366.0,4271.0
25775.0,100.0,Akaki Kality,1.0,195.0,38.79769047574577,8.871845782757074,0,8,37,73,108,121,181.0,567.0,1559.0,2513.0,3366.0,4271.0
15999.0,100.0,Akaki Kality,1.0,195.0,38.79769047574577,8.871845782757074,0,8,37,73,108,121,181.0,567.0,1559.0,2513.0,3366.0,4271.0
13000.0,100.0,Akaki Kality,1.0,195.0,38.79769047574577,8.871845782757074,0,8,37,73,108,121,181.0,567.0,1559.0,2513.0,3366.0,4271.0
26000.0,45.0,Akaki Kality,1.0,150.0,38.79769047574577,8.871845782757074,0,8,37,73,108,121,181.0,567.0,1559.0,2513.0,3366.0,4271.0
21759.0,62.0,Akaki Kality,1.0,150.0,38.79769047574577,8.871845782757074,0,8,37,73,108,121,181.0,567.0,1559.0,2513.0,3366.0,4271.0
8524.0,100.0,Akaki Kality,1.0,150.0,38.79769047574577,8.871845782757074,0,8,37,73,108,121,181.0,567.0,1559.0,2513.0,3366.0,4271.0
27301.0,100.0,Akaki Kality,1.0,150.0,38.79769047574577,8.871845782757074,0,8,37,73,108,121,181.0,567.0,1559.0,2513.0,3366.0,4271.0
21100.1,100.0,Akaki Kality,1.0,150.0,38.79769047574577,8.871845782757074,0,8,37,73,108,121,181.0,567.0,1559.0,2513.0,3366.0,4271.0
16666.67,80.0,Akaki Kality,1.0,150.0,38.79769047574577,8.871845782757074,0,8,37,73,108,121,181.0,567.0,1559.0,2513.0,3366.0,4271.0
25600.0,100.0,Akaki Kality,1.0,150.0,38.79769047574577,8.871845782757074,0,8,37,73,108,121,181.0,567.0,1559.0,2513.0,3366.0,4271.0
12112.0,100.0,Akaki Kality,1.0,150.0,38.79769047574577,8.871845782757074,0,8,37,73,108,121,181.0,567.0,1559.0,2513.0,3366.0,4271.0
10651.0,100.0,Akaki Kality,1.0,150.0,38.79769047574577,8.871845782757074,0,8,37,73,108,121,181.0,567.0,1559.0,2513.0,3366.0,4271.0
57255.0,65.0,Akaki Kality,1.0,150.0,38.79769047574577,8.871845782757074,0,8,37,73,108,121,181.0,567.0,1559.0,2513.0,3366.0,4271.0
31321.0,100.0,Akaki Kality,1.0,150.0,38.79769047574577,8.871845782757074,0,8,37,73,108,121,181.0,567.0,1559.0,2513.0,3366.0,4271.0
27762.0,100.0,Akaki Kality,1.0,150.0,38.79769047574577,8.871845782757074,0,8,37,73,108,121,181.0,567.0,1559.0,2513.0,3366.0,4271.0
22900.0,100.0,Akaki Kality,1.0,150.0,38.79769047574577,8.871845782757074,0,8,37,73,108,121,181.0,567.0,1559.0,2513.0,3366.0,4271.0
22550.0,100.0,Akaki Kality,1.0,150.0,38.79769047574577,8.871845782757074,0,8,37,73,108,121,181.0,567.0,1559.0,2513.0,3366.0,4271.0
27987.96,40.0,Akaki Kality,1.0,150.0,38.79769047574577,8.871845782757074,0,8,37,73,108,121,181.0,567.0,1559.0,2513.0,3366.0,4271.0
35123.0,100.0,Akaki Kality,1.0,150.0,38.79769047574577,8.871845782757074,0,8,37,73,108,121,181.0,567.0,1559.0,2513.0,3366.0,4271.0
31511.0,100.0,Akaki Kality,1.0,150.0,38.79769047574577,8.871845782757074,0,8,37,73,108,121,181.0,567.0,1559.0,2513.0,3366.0,4271.0
24227.21,100.0,Akaki Kality,1.0,150.0,38.79769047574577,8.871845782757074,0,8,37,73,108,121,181.0,567.0,1559.0,2513.0,3366.0,4271.0
22550.0,100.0,Akaki Kality,1.0,150.0,38.79769047574577,8.871845782757074,0,8,37,73,108,121,181.0,567.0,1559.0,2513.0,3366.0,4271.0
21000.0,100.0,Akaki Kality,1.0,150.0,38.79769047574577,8.871845782757074,0,8,37,73,108,121,181.0,567.0,1559.0,2513.0,3366.0,4271.0
17100.0,100.0,Akaki Kality,1.0,150.0,38.79769047574577,8.871845782757074,0,8,37,73,108,121,181.0,567.0,1559.0,2513.0,3366.0,4271.0
32570.0,82.0,Akaki Kality,1.0,150.0,38.79769047574577,8.871845782757074,0,8,37,73,108,121,181.0,567.0,1559.0,2513.0,3366.0,4271.0
32800.5,50.0,Akaki Kality,1.0,150.0,38.79769047574577,8.871845782757074,0,8,37,73,108,121,181.0,567.0,1559.0,2513.0,3366.0,4271.0
26550.0,60.0,Akaki Kality,1.0,150.0,38.79769047574577,8.871845782757074,0,8,37,73,108,121,181.0,567.0,1559.0,2513.0,3366.0,4271.0
31721.0,100.0,Akaki Kality,1.0,150.0,38.79769047574577,8.871845782757074,0,8,37,73,108,121,181.0,567.0,1559.0,2513.0,3366.0,4271.0
31150.0,100.0,Akaki Kality,1.0,150.0,38.79769047574577,8.871845782757074,0,8,37,73,108,121,181.0,567.0,1559.0,2513.0,3366.0,4271.0
25115.0,60.0,Akaki Kality,1.0,150.0,38.79769047574577,8.871845782757074,0,8,37,73,108,121,181.0,567.0,1559.0,2513.0,3366.0,4271.0
33721.0,100.0,Akaki Kality,1.0,150.0,38.79769047574577,8.871845782757074,0,8,37,73,108,121,181.0,567.0,1559.0,2513.0,3366.0,4271.0
31510.0,100.0,Akaki Kality,1.0,150.0,38.79769047574577,8.871845782757074,0,8,37,73,108,121,181.0,567.0,1559.0,2513.0,3366.0,4271.0
31500.0,60.0,Akaki Kality,1.0,150.0,38.79769047574577,8.871845782757074,0,8,37,73,108,121,181.0,567.0,1559.0,2513.0,3366.0,4271.0
32313.0,65.0,Akaki Kality,1.0,150.0,38.79769047574577,8.871845782757074,0,8,37,73,108,121,181.0,567.0,1559.0,2513.0,3366.0,4271.0
14221.0,100.0,Akaki Kality,1.0,150.0,38.79769047574577,8.871845782757074,0,8,37,73,108,121,181.0,567.0,1559.0,2513.0,3366.0,4271.0
11200.0,100.0,Akaki Kality,1.0,150.0,38.79769047574577,8.871845782757074,0,8,37,73,108,121,181.0,567.0,1559.0,2513.0,3366.0,4271.0
34510.0,100.0,Akaki Kality,1.0,150.0,38.79769047574577,8.871845782757074,0,8,37,73,108,121,181.0,567.0,1559.0,2513.0,3366.0,4271.0
27685.0,100.0,Akaki Kality,1.0,150.0,38.79769047574577,8.871845782757074,0,8,37,73,108,121,181.0,567.0,1559.0,2513.0,3366.0,4271.0
27271.0,100.0,Akaki Kality,1.0,150.0,38.79769047574577,8.871845782757074,0,8,37,73,108,121,181.0,567.0,1559.0,2513.0,3366.0,4271.0
24100.0,100.0,Akaki Kality,1.0,150.0,38.79769047574577,8.871845782757074,0,8,37,73,108,121,181.0,567.0,1559.0,2513.0,3366.0,4271.0
23000.0,100.0,Akaki Kality,1.0,150.0,38.79769047574577,8.871845782757074,0,8,37,73,108,121,181.0,567.0,1559.0,2513.0,3366.0,4271.0
14221.0,100.0,Akaki Kality,1.0,150.0,38.79769047574577,8.871845782757074,0,8,37,73,108,121,181.0,567.0,1559.0,2513.0,3366.0,4271.0
28785.0,100.0,Akaki Kality,1.0,150.0,38.79769047574577,8.871845782757074,0,8,37,73,108,121,181.0,567.0,1559.0,2513.0,3366.0,4271.0
22850.0,100.0,Akaki Kality,1.0,150.0,38.79769047574577,8.871845782757074,0,8,37,73,108,121,181.0,567.0,1559.0,2513.0,3366.0,4271.0
17000.0,100.0,Akaki Kality,1.0,150.0,38.79769047574577,8.871845782757074,0,8,37,73,108,121,181.0,567.0,1559.0,2513.0,3366.0,4271.0
28357.0,100.0,Akaki Kality,1.0,150.0,38.79769047574577,8.871845782757074,0,8,37,73,108,121,181.0,567.0,1559.0,2513.0,3366.0,4271.0
21000.0,100.0,Akaki Kality,1.0,150.0,38.79769047574577,8.871845782757074,0,8,37,73,108,121,181.0,567.0,1559.0,2513.0,3366.0,4271.0
14221.0,100.0,Akaki Kality,1.0,150.0,38.79769047574577,8.871845782757074,0,8,37,73,108,121,181.0,567.0,1559.0,2513.0,3366.0,4271.0
33000.0,100.0,Akaki Kality,1.0,150.0,38.79769047574577,8.871845782757074,0,8,37,73,108,121,181.0,567.0,1559.0,2513.0,3366.0,4271.0
30668.0,100.0,Akaki Kality,1.0,150.0,38.79769047574577,8.871845782757074,0,8,37,73,108,121,181.0,567.0,1559.0,2513.0,3366.0,4271.0
29217.0,100.0,Akaki Kality,1.0,150.0,38.79769047574577,8.871845782757074,0,8,37,73,108,121,181.0,567.0,1559.0,2513.0,3366.0,4271.0
8720.51,100.0,Akaki Kality,1.0,150.0,38.79769047574577,8.871845782757074,0,8,37,73,108,121,181.0,567.0,1559.0,2513.0,3366.0,4271.0
6770.0,100.0,Akaki Kality,1.0,150.0,38.79769047574577,8.871845782757074,0,8,37,73,108,121,181.0,567.0,1559.0,2513.0,3366.0,4271.0
2600.0,100.0,Akaki Kality,1.0,150.0,38.79769047574577,8.871845782757074,0,8,37,73,108,121,181.0,567.0,1559.0,2513.0,3366.0,4271.0
31125.0,100.0,Akaki Kality,1.0,150.0,38.79769047574577,8.871845782757074,0,8,37,73,108,121,181.0,567.0,1559.0,2513.0,3366.0,4271.0
35110.0,50.0,Akaki Kality,1.0,150.0,38.79769047574577,8.871845782757074,0,8,37,73,108,121,181.0,567.0,1559.0,2513.0,3366.0,4271.0
25500.0,75.0,Akaki Kality,1.0,150.0,38.79769047574577,8.871845782757074,0,8,37,73,108,121,181.0,567.0,1559.0,2513.0,3366.0,4271.0
16121.0,100.0,Akaki Kality,1.0,150.0,38.79769047574577,8.871845782757074,0,8,37,73,108,121,181.0,567.0,1559.0,2513.0,3366.0,4271.0
15121.0,100.0,Akaki Kality,1.0,150.0,38.79769047574577,8.871845782757074,0,8,37,73,108,121,181.0,567.0,1559.0,2513.0,3366.0,4271.0
6500.0,100.0,Akaki Kality,1.0,150.0,38.79769047574577,8.871845782757074,0,8,37,73,108,121,181.0,567.0,1559.0,2513.0,3366.0,4271.0
27790.0,100.0,Akaki Kality,1.0,150.0,38.79769047574577,8.871845782757074,0,8,37,73,108,121,181.0,567.0,1559.0,2513.0,3366.0,4271.0
27621.0,100.0,Akaki Kality,1.0,150.0,38.79769047574577,8.871845782757074,0,8,37,73,108,121,181.0,567.0,1559.0,2513.0,3366.0,4271.0
38500.0,45.0,Akaki Kality,1.0,150.0,38.79769047574577,8.871845782757074,0,8,37,73,108,121,181.0,567.0,1559.0,2513.0,3366.0,4271.0
48110.0,81.0,Akaki Kality,1.0,152.0,38.79769047574577,8.871845782757074,0,8,37,73,108,121,181.0,567.0,1559.0,2513.0,3366.0,4271.0
26889.0,100.0,Akaki Kality,1.0,152.0,38.79769047574577,8.871845782757074,0,8,37,73,108,121,181.0,567.0,1559.0,2513.0,3366.0,4271.0
25100.0,100.0,Akaki Kality,1.0,152.0,38.79769047574577,8.871845782757074,0,8,37,73,108,121,181.0,567.0,1559.0,2513.0,3366.0,4271.0
37000.0,100.0,Akaki Kality,1.0,154.0,38.79769047574577,8.871845782757074,0,8,37,73,108,121,181.0,567.0,1559.0,2513.0,3366.0,4271.0
13300.0,100.0,Akaki Kality,1.0,154.0,38.79769047574577,8.871845782757074,0,8,37,73,108,121,181.0,567.0,1559.0,2513.0,3366.0,4271.0
9500.0,100.0,Akaki Kality,1.0,154.0,38.79769047574577,8.871845782757074,0,8,37,73,108,121,181.0,567.0,1559.0,2513.0,3366.0,4271.0
33333.46,100.0,Akaki Kality,1.0,150.0,38.79769047574577,8.871845782757074,0,8,37,73,108,121,181.0,567.0,1559.0,2513.0,3366.0,4271.0
19350.0,100.0,Akaki Kality,1.0,150.0,38.79769047574577,8.871845782757074,0,8,37,73,108,121,181.0,567.0,1559.0,2513.0,3366.0,4271.0
8624.0,100.0,Akaki Kality,1.0,150.0,38.79769047574577,8.871845782757074,0,8,37,73,108,121,181.0,567.0,1559.0,2513.0,3366.0,4271.0
35555.0,100.0,Akaki Kality,1.0,150.0,38.79769047574577,8.871845782757074,0,8,37,73,108,121,181.0,567.0,1559.0,2513.0,3366.0,4271.0
23775.0,100.0,Akaki Kality,1.0,150.0,38.79769047574577,8.871845782757074,0,8,37,73,108,121,181.0,567.0,1559.0,2513.0,3366.0,4271.0
16129.0,100.0,Akaki Kality,1.0,150.0,38.79769047574577,8.871845782757074,0,8,37,73,108,121,181.0,567.0,1559.0,2513.0,3366.0,4271.0
36099.0,100.0,Akaki Kality,1.0,145.0,38.79769047574577,8.871845782757074,0,8,37,73,108,121,181.0,567.0,1559.0,2513.0,3366.0,4271.0
21629.0,100.0,Akaki Kality,1.0,145.0,38.79769047574577,8.871845782757074,0,8,37,73,108,121,181.0,567.0,1559.0,2513.0,3366.0,4271.0
21160.0,100.0,Akaki Kality,1.0,145.0,38.79769047574577,8.871845782757074,0,8,37,73,108,121,181.0,567.0,1559.0,2513.0,3366.0,4271.0
36000.0,60.0,Akaki Kality,1.0,141.0,38.79769047574577,8.871845782757074,0,8,37,73,108,121,181.0,567.0,1559.0,2513.0,3366.0,4271.0
22340.42,100.0,Akaki Kality,1.0,141.0,38.79769047574577,8.871845782757074,0,8,37,73,108,121,181.0,567.0,1559.0,2513.0,3366.0,4271.0
11159.0,100.0,Akaki Kality,1.0,141.0,38.79769047574577,8.871845782757074,0,8,37,73,108,121,181.0,567.0,1559.0,2513.0,3366.0,4271.0
21500.0,100.0,Akaki Kality,1.0,137.0,38.79769047574577,8.871845782757074,0,8,37,73,108,121,181.0,567.0,1559.0,2513.0,3366.0,4271.0
20656.0,65.0,Akaki Kality,1.0,137.0,38.79769047574577,8.871845782757074,0,8,37,73,108,121,181.0,567.0,1559.0,2513.0,3366.0,4271.0
14100.0,100.0,Akaki Kality,1.0,137.0,38.79769047574577,8.871845782757074,0,8,37,73,108,121,181.0,567.0,1559.0,2513.0,3366.0,4271.0
32302.0,100.0,Akaki Kality,1.0,131.0,38.79769047574577,8.871845782757074,0,8,37,73,108,121,181.0,567.0,1559.0,2513.0,3366.0,4271.0
24512.0,100.0,Akaki Kality,1.0,131.0,38.79769047574577,8.871845782757074,0,8,37,73,108,121,181.0,567.0,1559.0,2513.0,3366.0,4271.0
24160.0,100.0,Akaki Kality,1.0,131.0,38.79769047574577,8.871845782757074,0,8,37,73,108,121,181.0,567.0,1559.0,2513.0,3366.0,4271.0
51793.0,100.0,Addis Ketema,3.0,799.0,38.72228063505917,9.02296632280951,3,21,185,442,809,1202,190.0,663.0,2268.0,4833.0,8839.0,13500.0
17555.0,100.0,Addis Ketema,3.0,799.0,38.72228063505917,9.02296632280951,3,21,185,442,809,1202,190.0,663.0,2268.0,4833.0,8839.0,13500.0
17099.0,100.0,Addis Ketema,3.0,799.0,38.72228063505917,9.02296632280951,3,21,185,442,809,1202,190.0,663.0,2268.0,4833.0,8839.0,13500.0
45300.0,100.0,Addis Ketema,10.0,1439.0,38.71430633913609,9.04523783424222,10,38,140,260,451,780,155.0,589.0,2311.0,5129.0,8077.0,11493.0
41379.0,70.0,Addis Ketema,10.0,1439.0,38.71430633913609,9.04523783424222,10,38,140,260,451,780,155.0,589.0,2311.0,5129.0,8077.0,11493.0
27020.0,100.0,Addis Ketema,10.0,1439.0,38.71430633913609,9.04523783424222,10,38,140,260,451,780,155.0,589.0,2311.0,5129.0,8077.0,11493.0
26091.0,100.0,Addis Ketema,3.0,91.0,38.72228063505917,9.02296632280951,3,21,185,442,809,1202,190.0,663.0,2268.0,4833.0,8839.0,13500.0
15200.0,100.0,Addis Ketema,3.0,91.0,38.72228063505917,9.02296632280951,3,21,185,442,809,1202,190.0,663.0,2268.0,4833.0,8839.0,13500.0
13525.0,100.0,Addis Ketema,3.0,91.0,38.72228063505917,9.02296632280951,3,21,185,442,809,1202,190.0,663.0,2268.0,4833.0,8839.0,13500.0
37000.0,100.0,Addis Ketema,3.0,483.0,38.72228063505917,9.02296632280951,3,21,185,442,809,1202,190.0,663.0,2268.0,4833.0,8839.0,13500.0
56000.0,40.0,Addis Ketema,3.0,483.0,38.72228063505917,9.02296632280951,3,21,185,442,809,1202,190.0,663.0,2268.0,4833.0,8839.0,13500.0
18645.0,100.0,Addis Ketema,3.0,483.0,38.72228063505917,9.02296632280951,3,21,185,442,809,1202,190.0,663.0,2268.0,4833.0,8839.0,13500.0
30196.0,100.0,Addis Ketema,3.0,215.0,38.72228063505917,9.02296632280951,3,21,185,442,809,1202,190.0,663.0,2268.0,4833.0,8839.0,13500.0
26360.0,100.0,Addis Ketema,3.0,215.0,38.72228063505917,9.02296632280951,3,21,185,442,809,1202,190.0,663.0,2268.0,4833.0,8839.0,13500.0
42000.0,40.0,Addis Ketema,3.0,215.0,38.72228063505917,9.02296632280951,3,21,185,442,809,1202,190.0,663.0,2268.0,4833.0,8839.0,13500.0
78000.0,65.0,Nefas - Silk Lafto,5.0,916.0,38.74071647878066,8.975789347981525,5,44,154,450,777,1262,146.0,565.0,2077.0,4693.0,8061.0,12239.0
67000.0,40.0,Nefas - Silk Lafto,5.0,916.0,38.74071647878066,8.975789347981525,5,44,154,450,777,1262,146.0,565.0,2077.0,4693.0,8061.0,12239.0
31605.0,100.0,Nefas - Silk Lafto,5.0,916.0,38.74071647878066,8.975789347981525,5,44,154,450,777,1262,146.0,565.0,2077.0,4693.0,8061.0,12239.0
98300.0,100.0,Nefas - Silk Lafto,5.0,1536.0,38.74071647878066,8.975789347981525,5,44,154,450,777,1262,146.0,565.0,2077.0,4693.0,8061.0,12239.0
94531.0,100.0,Nefas - Silk Lafto,5.0,1536.0,38.74071647878066,8.975789347981525,5,44,154,450,777,1262,146.0,565.0,2077.0,4693.0,8061.0,12239.0
140000.0,40.0,Nefas - Silk Lafto,5.0,1536.0,38.74071647878066,8.975789347981525,5,44,154,450,777,1262,146.0,565.0,2077.0,4693.0,8061.0,12239.0
45272.0,100.0,Kolfe Keranyo,5.0,272.0,38.70133998874034,8.99109133083579,0,20,69,157,325,630,137.0,567.0,2418.0,4865.0,8440.0,12430.0
40512.21,100.0,Kolfe Keranyo,5.0,272.0,38.70133998874034,8.99109133083579,0,20,69,157,325,630,137.0,567.0,2418.0,4865.0,8440.0,12430.0
40445.28,100.0,Kolfe Keranyo,5.0,272.0,38.70133998874034,8.99109133083579,0,20,69,157,325,630,137.0,567.0,2418.0,4865.0,8440.0,12430.0
36100.0,100.0,Kolfe Keranyo,3.0,234.0,38.66448576228889,8.981861901777028,0,1,13,47,93,110,150.0,547.0,1683.0,3362.0,5418.0,7718.0
30050.0,100.0,Kolfe Keranyo,3.0,234.0,38.66448576228889,8.981861901777028,0,1,13,47,93,110,150.0,547.0,1683.0,3362.0,5418.0,7718.0
26350.0,100.0,Kolfe Keranyo,3.0,234.0,38.66448576228889,8.981861901777028,0,1,13,47,93,110,150.0,547.0,1683.0,3362.0,5418.0,7718.0
36100.0,70.0,Kolfe Keranyo,3.0,146.0,38.66448576228889,8.981861901777028,0,1,13,47,93,110,150.0,547.0,1683.0,3362.0,5418.0,7718.0
18161.5,100.0,Kolfe Keranyo,3.0,146.0,38.66448576228889,8.981861901777028,0,1,13,47,93,110,150.0,547.0,1683.0,3362.0,5418.0,7718.0
17567.0,100.0,Kolfe Keranyo,3.0,146.0,38.66448576228889,8.981861901777028,0,1,13,47,93,110,150.0,547.0,1683.0,3362.0,5418.0,7718.0
51500.0,90.0,Kolfe Keranyo,3.0,136.0,38.66448576228889,8.981861901777028,0,1,13,47,93,110,150.0,547.0,1683.0,3362.0,5418.0,7718.0
27160.0,100.0,Kolfe Keranyo,3.0,136.0,38.66448576228889,8.981861901777028,0,1,13,47,93,110,150.0,547.0,1683.0,3362.0,5418.0,7718.0
25150.0,100.0,Kolfe Keranyo,3.0,136.0,38.66448576228889,8.981861901777028,0,1,13,47,93,110,150.0,547.0,1683.0,3362.0,5418.0,7718.0
56100.0,100.0,Kolfe Keranyo,3.0,83.0,38.66448576228889,8.981861901777028,0,1,13,47,93,110,150.0,547.0,1683.0,3362.0,5418.0,7718.0
54100.0,100.0,Kolfe Keranyo,3.0,83.0,38.66448576228889,8.981861901777028,0,1,13,47,93,110,150.0,547.0,1683.0,3362.0,5418.0,7718.0
45150.0,100.0,Kolfe Keranyo,3.0,83.0,38.66448576228889,8.981861901777028,0,1,13,47,93,110,150.0,547.0,1683.0,3362.0,5418.0,7718.0
41000.0,100.0,Kolfe Keranyo,11.0,183.0,38.69151415483088,9.03730402006131,1,5,22,67,199,365,175.0,594.0,1835.0,4269.0,7526.0,11036.0
31111.0,100.0,Kolfe Keranyo,11.0,183.0,38.69151415483088,9.03730402006131,1,5,22,67,199,365,175.0,594.0,1835.0,4269.0,7526.0,11036.0
31050.0,100.0,Kolfe Keranyo,11.0,183.0,38.69151415483088,9.03730402006131,1,5,22,67,199,365,175.0,594.0,1835.0,4269.0,7526.0,11036.0
24760.0,100.0,Yeka,10.0,281.0,38.81551144932411,9.05976397126058,0,0,2,12,79,355,47.0,101.0,427.0,1076.0,2480.0,4902.0
19999.99,100.0,Yeka,10.0,281.0,38.81551144932411,9.05976397126058,0,0,2,12,79,355,47.0,101.0,427.0,1076.0,2480.0,4902.0
12550.0,100.0,Yeka,10.0,281.0,38.81551144932411,9.05976397126058,0,0,2,12,79,355,47.0,101.0,427.0,1076.0,2480.0,4902.0
31100.0,100.0,Akaki Kality,1.0,432.0,38.79769047574577,8.871845782757074,0,8,37,73,108,121,181.0,567.0,1559.0,2513.0,3366.0,4271.0
30127.0,80.0,Akaki Kality,1.0,432.0,38.79769047574577,8.871845782757074,0,8,37,73,108,121,181.0,567.0,1559.0,2513.0,3366.0,4271.0
25177.71,100.0,Akaki Kality,1.0,432.0,38.79769047574577,8.871845782757074,0,8,37,73,108,121,181.0,567.0,1559.0,2513.0,3366.0,4271.0
25000.6,100.0,Akaki Kality,1.0,429.0,38.79769047574577,8.871845782757074,0,8,37,73,108,121,181.0,567.0,1559.0,2513.0,3366.0,4271.0
23721.0,100.0,Akaki Kality,1.0,429.0,38.79769047574577,8.871845782757074,0,8,37,73,108,121,181.0,567.0,1559.0,2513.0,3366.0,4271.0
23350.0,100.0,Akaki Kality,1.0,429.0,38.79769047574577,8.871845782757074,0,8,37,73,108,121,181.0,567.0,1559.0,2513.0,3366.0,4271.0
45133.0,100.0,Akaki Kality,1.0,111.0,38.79769047574577,8.871845782757074,0,8,37,73,108,121,181.0,567.0,1559.0,2513.0,3366.0,4271.0
60000.0,60.0,Akaki Kality,1.0,111.0,38.79769047574577,8.871845782757074,0,8,37,73,108,121,181.0,567.0,1559.0,2513.0,3366.0,4271.0
37500.0,100.0,Akaki Kality,1.0,111.0,38.79769047574577,8.871845782757074,0,8,37,73,108,121,181.0,567.0,1559.0,2513.0,3366.0,4271.0
52221.19,100.0,Akaki Kality,1.0,110.0,38.79769047574577,8.871845782757074,0,8,37,73,108,121,181.0,567.0,1559.0,2513.0,3366.0,4271.0
72730.0,50.0,Akaki Kality,1.0,110.0,38.79769047574577,8.871845782757074,0,8,37,73,108,121,181.0,567.0,1559.0,2513.0,3366.0,4271.0
45012.0,100.0,Akaki Kality,1.0,110.0,38.79769047574577,8.871845782757074,0,8,37,73,108,121,181.0,567.0,1559.0,2513.0,3366.0,4271.0
38990.45,100.0,Akaki Kality,4.0,194.0,38.76162967755072,8.878099647196903,4,13,33,69,82,100,53.0,207.0,678.0,1438.0,2262.0,3466.0
37621.0,100.0,Akaki Kality,4.0,194.0,38.76162967755072,8.878099647196903,4,13,33,69,82,100,53.0,207.0,678.0,1438.0,2262.0,3466.0
40820.0,87.0,Akaki Kality,4.0,194.0,38.76162967755072,8.878099647196903,4,13,33,69,82,100,53.0,207.0,678.0,1438.0,2262.0,3466.0
27850.0,100.0,Akaki Kality,4.0,322.0,38.76162967755072,8.878099647196903,4,13,33,69,82,100,53.0,207.0,678.0,1438.0,2262.0,3466.0
25721.0,100.0,Akaki Kality,4.0,322.0,38.76162967755072,8.878099647196903,4,13,33,69,82,100,53.0,207.0,678.0,1438.0,2262.0,3466.0
28200.0,80.0,Akaki Kality,4.0,322.0,38.76162967755072,8.878099647196903,4,13,33,69,82,100,53.0,207.0,678.0,1438.0,2262.0,3466.0
42500.0,75.0,Akaki Kality,4.0,318.0,38.76162967755072,8.878099647196903,4,13,33,69,82,100,53.0,207.0,678.0,1438.0,2262.0,3466.0
31978.78,100.0,Akaki Kality,4.0,318.0,38.76162967755072,8.878099647196903,4,13,33,69,82,100,53.0,207.0,678.0,1438.0,2262.0,3466.0
29721.0,100.0,Akaki Kality,4.0,318.0,38.76162967755072,8.878099647196903,4,13,33,69,82,100,53.0,207.0,678.0,1438.0,2262.0,3466.0
36558.0,100.0,Akaki Kality,2.0,757.0,38.80014513086449,8.84933284654248,0,2,11,28,59,77,10.0,113.0,827.0,1898.0,2690.0,3367.0
35400.0,48.0,Akaki Kality,2.0,757.0,38.80014513086449,8.84933284654248,0,2,11,28,59,77,10.0,113.0,827.0,1898.0,2690.0,3367.0
21677.0,100.0,Akaki Kality,2.0,757.0,38.80014513086449,8.84933284654248,0,2,11,28,59,77,10.0,113.0,827.0,1898.0,2690.0,3367.0
38220.0,100.0,Akaki Kality,8.0,82.0,38.78234356596863,8.894001187595702,2,15,63,90,113,137,111.0,302.0,1078.0,2203.0,3577.0,5027.0
48781.0,60.0,Akaki Kality,8.0,82.0,38.78234356596863,8.894001187595702,2,15,63,90,113,137,111.0,302.0,1078.0,2203.0,3577.0,5027.0
32555.55,100.0,Akaki Kality,8.0,82.0,38.78234356596863,8.894001187595702,2,15,63,90,113,137,111.0,302.0,1078.0,2203.0,3577.0,5027.0
33226.0,100.0,Akaki Kality,8.0,105.0,38.78234356596863,8.894001187595702,2,15,63,90,113,137,111.0,302.0,1078.0,2203.0,3577.0,5027.0
31327.0,100.0,Akaki Kality,8.0,105.0,38.78234356596863,8.894001187595702,2,15,63,90,113,137,111.0,302.0,1078.0,2203.0,3577.0,5027.0
30150.0,100.0,Akaki Kality,8.0,105.0,38.78234356596863,8.894001187595702,2,15,63,90,113,137,111.0,302.0,1078.0,2203.0,3577.0,5027.0
43601.0,100.0,Akaki Kality,8.0,106.0,38.78234356596863,8.894001187595702,2,15,63,90,113,137,111.0,302.0,1078.0,2203.0,3577.0,5027.0
32120.0,100.0,Akaki Kality,8.0,106.0,38.78234356596863,8.894001187595702,2,15,63,90,113,137,111.0,302.0,1078.0,2203.0,3577.0,5027.0
31150.0,100.0,Akaki Kality,8.0,106.0,38.78234356596863,8.894001187595702,2,15,63,90,113,137,111.0,302.0,1078.0,2203.0,3577.0,5027.0
37721.0,100.0,Akaki Kality,8.0,105.0,38.78234356596863,8.894001187595702,2,15,63,90,113,137,111.0,302.0,1078.0,2203.0,3577.0,5027.0
32120.0,100.0,Akaki Kality,8.0,105.0,38.78234356596863,8.894001187595702,2,15,63,90,113,137,111.0,302.0,1078.0,2203.0,3577.0,5027.0
31770.0,100.0,Akaki Kality,8.0,105.0,38.78234356596863,8.894001187595702,2,15,63,90,113,137,111.0,302.0,1078.0,2203.0,3577.0,5027.0
43621.0,100.0,Akaki Kality,8.0,104.0,38.78234356596863,8.894001187595702,2,15,63,90,113,137,111.0,302.0,1078.0,2203.0,3577.0,5027.0
32120.0,100.0,Akaki Kality,8.0,104.0,38.78234356596863,8.894001187595702,2,15,63,90,113,137,111.0,302.0,1078.0,2203.0,3577.0,5027.0
31000.0,100.0,Akaki Kality,8.0,104.0,38.78234356596863,8.894001187595702,2,15,63,90,113,137,111.0,302.0,1078.0,2203.0,3577.0,5027.0
33621.0,100.0,Akaki Kality,8.0,105.0,38.78234356596863,8.894001187595702,2,15,63,90,113,137,111.0,302.0,1078.0,2203.0,3577.0,5027.0
32120.0,100.0,Akaki Kality,8.0,105.0,38.78234356596863,8.894001187595702,2,15,63,90,113,137,111.0,302.0,1078.0,2203.0,3577.0,5027.0
31200.0,100.0,Akaki Kality,8.0,105.0,38.78234356596863,8.894001187595702,2,15,63,90,113,137,111.0,302.0,1078.0,2203.0,3577.0,5027.0
42621.0,100.0,Akaki Kality,8.0,103.0,38.78234356596863,8.894001187595702,2,15,63,90,113,137,111.0,302.0,1078.0,2203.0,3577.0,5027.0
32099.0,100.0,Akaki Kality,8.0,103.0,38.78234356596863,8.894001187595702,2,15,63,90,113,137,111.0,302.0,1078.0,2203.0,3577.0,5027.0
28005.0,100.0,Akaki Kality,8.0,103.0,38.78234356596863,8.894001187595702,2,15,63,90,113,137,111.0,302.0,1078.0,2203.0,3577.0,5027.0
40621.0,100.0,Akaki Kality,8.0,111.0,38.78234356596863,8.894001187595702,2,15,63,90,113,137,111.0,302.0,1078.0,2203.0,3577.0,5027.0
57512.0,42.0,Akaki Kality,8.0,111.0,38.78234356596863,8.894001187595702,2,15,63,90,113,137,111.0,302.0,1078.0,2203.0,3577.0,5027.0
32700.0,100.0,Akaki Kality,8.0,111.0,38.78234356596863,8.894001187595702,2,15,63,90,113,137,111.0,302.0,1078.0,2203.0,3577.0,5027.0
32100.0,100.0,Akaki Kality,1.0,468.0,38.79769047574577,8.871845782757074,0,8,37,73,108,121,181.0,567.0,1559.0,2513.0,3366.0,4271.0
29721.0,100.0,Akaki Kality,1.0,468.0,38.79769047574577,8.871845782757074,0,8,37,73,108,121,181.0,567.0,1559.0,2513.0,3366.0,4271.0
27323.0,100.0,Akaki Kality,1.0,468.0,38.79769047574577,8.871845782757074,0,8,37,73,108,121,181.0,567.0,1559.0,2513.0,3366.0,4271.0
27616.0,100.0,Akaki Kality,2.0,232.0,38.80014513086449,8.84933284654248,0,2,11,28,59,77,10.0,113.0,827.0,1898.0,2690.0,3367.0
25100.0,100.0,Akaki Kality,2.0,232.0,38.80014513086449,8.84933284654248,0,2,11,28,59,77,10.0,113.0,827.0,1898.0,2690.0,3367.0
22200.0,100.0,Akaki Kality,2.0,232.0,38.80014513086449,8.84933284654248,0,2,11,28,59,77,10.0,113.0,827.0,1898.0,2690.0,3367.0
35132.31,100.0,Akaki Kality,2.0,232.0,38.80014513086449,8.84933284654248,0,2,11,28,59,77,10.0,113.0,827.0,1898.0,2690.0,3367.0
35111.0,80.0,Akaki Kality,2.0,232.0,38.80014513086449,8.84933284654248,0,2,11,28,59,77,10.0,113.0,827.0,1898.0,2690.0,3367.0
27000.0,100.0,Akaki Kality,2.0,232.0,38.80014513086449,8.84933284654248,0,2,11,28,59,77,10.0,113.0,827.0,1898.0,2690.0,3367.0
37890.0,100.0,Akaki Kality,2.0,233.0,38.80014513086449,8.84933284654248,0,2,11,28,59,77,10.0,113.0,827.0,1898.0,2690.0,3367.0
29100.0,100.0,Akaki Kality,2.0,233.0,38.80014513086449,8.84933284654248,0,2,11,28,59,77,10.0,113.0,827.0,1898.0,2690.0,3367.0
27921.0,100.0,Akaki Kality,2.0,233.0,38.80014513086449,8.84933284654248,0,2,11,28,59,77,10.0,113.0,827.0,1898.0,2690.0,3367.0
28721.0,100.0,Akaki Kality,2.0,213.0,38.80014513086449,8.84933284654248,0,2,11,28,59,77,10.0,113.0,827.0,1898.0,2690.0,3367.0
25150.0,100.0,Akaki Kality,2.0,213.0,38.80014513086449,8.84933284654248,0,2,11,28,59,77,10.0,113.0,827.0,1898.0,2690.0,3367.0
17152.0,100.0,Akaki Kality,2.0,213.0,38.80014513086449,8.84933284654248,0,2,11,28,59,77,10.0,113.0,827.0,1898.0,2690.0,3367.0
53629.0,100.0,Akaki Kality,1.0,88.0,38.79769047574577,8.871845782757074,0,8,37,73,108,121,181.0,567.0,1559.0,2513.0,3366.0,4271.0
47330.0,100.0,Akaki Kality,1.0,88.0,38.79769047574577,8.871845782757074,0,8,37,73,108,121,181.0,567.0,1559.0,2513.0,3366.0,4271.0
45520.0,100.0,Akaki Kality,1.0,88.0,38.79769047574577,8.871845782757074,0,8,37,73,108,121,181.0,567.0,1559.0,2513.0,3366.0,4271.0
48511.0,100.0,Akaki Kality,1.0,86.0,38.79769047574577,8.871845782757074,0,8,37,73,108,121,181.0,567.0,1559.0,2513.0,3366.0,4271.0
46770.0,100.0,Akaki Kality,1.0,86.0,38.79769047574577,8.871845782757074,0,8,37,73,108,121,181.0,567.0,1559.0,2513.0,3366.0,4271.0
45703.0,100.0,Akaki Kality,1.0,86.0,38.79769047574577,8.871845782757074,0,8,37,73,108,121,181.0,567.0,1559.0,2513.0,3366.0,4271.0
52500.0,100.0,Akaki Kality,1.0,86.0,38.79769047574577,8.871845782757074,0,8,37,73,108,121,181.0,567.0,1559.0,2513.0,3366.0,4271.0
52200.0,100.0,Akaki Kality,1.0,86.0,38.79769047574577,8.871845782757074,0,8,37,73,108,121,181.0,567.0,1559.0,2513.0,3366.0,4271.0
48200.0,100.0,Akaki Kality,1.0,86.0,38.79769047574577,8.871845782757074,0,8,37,73,108,121,181.0,567.0,1559.0,2513.0,3366.0,4271.0
53338.0,100.0,Akaki Kality,1.0,86.0,38.79769047574577,8.871845782757074,0,8,37,73,108,121,181.0,567.0,1559.0,2513.0,3366.0,4271.0
48200.0,100.0,Akaki Kality,1.0,86.0,38.79769047574577,8.871845782757074,0,8,37,73,108,121,181.0,567.0,1559.0,2513.0,3366.0,4271.0
47350.0,100.0,Akaki Kality,1.0,86.0,38.79769047574577,8.871845782757074,0,8,37,73,108,121,181.0,567.0,1559.0,2513.0,3366.0,4271.0
65855.0,100.0,Akaki Kality,1.0,87.0,38.79769047574577,8.871845782757074,0,8,37,73,108,121,181.0,567.0,1559.0,2513.0,3366.0,4271.0
63684.0,100.0,Akaki Kality,1.0,87.0,38.79769047574577,8.871845782757074,0,8,37,73,108,121,181.0,567.0,1559.0,2513.0,3366.0,4271.0
57477.77,100.0,Akaki Kality,1.0,87.0,38.79769047574577,8.871845782757074,0,8,37,73,108,121,181.0,567.0,1559.0,2513.0,3366.0,4271.0
67120.0,100.0,Akaki Kality,1.0,90.0,38.79769047574577,8.871845782757074,0,8,37,73,108,121,181.0,567.0,1559.0,2513.0,3366.0,4271.0
91330.0,40.0,Akaki Kality,1.0,90.0,38.79769047574577,8.871845782757074,0,8,37,73,108,121,181.0,567.0,1559.0,2513.0,3366.0,4271.0
48100.17,100.0,Akaki Kality,1.0,90.0,38.79769047574577,8.871845782757074,0,8,37,73,108,121,181.0,567.0,1559.0,2513.0,3366.0,4271.0
55999.0,100.0,Akaki Kality,1.0,90.0,38.79769047574577,8.871845782757074,0,8,37,73,108,121,181.0,567.0,1559.0,2513.0,3366.0,4271.0
48230.0,100.0,Akaki Kality,1.0,90.0,38.79769047574577,8.871845782757074,0,8,37,73,108,121,181.0,567.0,1559.0,2513.0,3366.0,4271.0
47778.0,100.0,Akaki Kality,1.0,90.0,38.79769047574577,8.871845782757074,0,8,37,73,108,121,181.0,567.0,1559.0,2513.0,3366.0,4271.0
64100.0,100.0,Akaki Kality,1.0,90.0,38.79769047574577,8.871845782757074,0,8,37,73,108,121,181.0,567.0,1559.0,2513.0,3366.0,4271.0
70000.0,60.0,Akaki Kality,1.0,90.0,38.79769047574577,8.871845782757074,0,8,37,73,108,121,181.0,567.0,1559.0,2513.0,3366.0,4271.0
51200.0,100.0,Akaki Kality,1.0,90.0,38.79769047574577,8.871845782757074,0,8,37,73,108,121,181.0,567.0,1559.0,2513.0,3366.0,4271.0
65000.0,100.0,Akaki Kality,1.0,90.0,38.79769047574577,8.871845782757074,0,8,37,73,108,121,181.0,567.0,1559.0,2513.0,3366.0,4271.0
47721.0,100.0,Akaki Kality,1.0,90.0,38.79769047574577,8.871845782757074,0,8,37,73,108,121,181.0,567.0,1559.0,2513.0,3366.0,4271.0
46481.0,100.0,Akaki Kality,1.0,90.0,38.79769047574577,8.871845782757074,0,8,37,73,108,121,181.0,567.0,1559.0,2513.0,3366.0,4271.0
50100.0,100.0,Akaki Kality,1.0,116.0,38.79769047574577,8.871845782757074,0,8,37,73,108,121,181.0,567.0,1559.0,2513.0,3366.0,4271.0
50001.5,100.0,Akaki Kality,1.0,116.0,38.79769047574577,8.871845782757074,0,8,37,73,108,121,181.0,567.0,1559.0,2513.0,3366.0,4271.0
42880.0,100.0,Akaki Kality,1.0,116.0,38.79769047574577,8.871845782757074,0,8,37,73,108,121,181.0,567.0,1559.0,2513.0,3366.0,4271.0
61200.0,100.0,Gulele,7.0,132.0,38.73876325393147,9.070532817420135,2,9,41,162,313,615,181.0,563.0,1646.0,3095.0,4875.0,7364.0
57788.0,100.0,Gulele,7.0,132.0,38.73876325393147,9.070532817420135,2,9,41,162,313,615,181.0,563.0,1646.0,3095.0,4875.0,7364.0
83333.33,53.0,Gulele,7.0,132.0,38.73876325393147,9.070532817420135,2,9,41,162,313,615,181.0,563.0,1646.0,3095.0,4875.0,7364.0
50013.0,100.0,Gulele,7.0,187.0,38.73876325393147,9.070532817420135,2,9,41,162,313,615,181.0,563.0,1646.0,3095.0,4875.0,7364.0
49360.0,100.0,Gulele,7.0,187.0,38.73876325393147,9.070532817420135,2,9,41,162,313,615,181.0,563.0,1646.0,3095.0,4875.0,7364.0
48300.0,100.0,Gulele,7.0,187.0,38.73876325393147,9.070532817420135,2,9,41,162,313,615,181.0,563.0,1646.0,3095.0,4875.0,7364.0
57700.0,100.0,Gulele,7.0,185.0,38.73876325393147,9.070532817420135,2,9,41,162,313,615,181.0,563.0,1646.0,3095.0,4875.0,7364.0
51760.0,100.0,Gulele,7.0,185.0,38.73876325393147,9.070532817420135,2,9,41,162,313,615,181.0,563.0,1646.0,3095.0,4875.0,7364.0
50112.0,100.0,Gulele,7.0,185.0,38.73876325393147,9.070532817420135,2,9,41,162,313,615,181.0,563.0,1646.0,3095.0,4875.0,7364.0
82113.0,65.0,Gulele,7.0,140.0,38.73876325393147,9.070532817420135,2,9,41,162,313,615,181.0,563.0,1646.0,3095.0,4875.0,7364.0
62121.0,70.0,Gulele,7.0,140.0,38.73876325393147,9.070532817420135,2,9,41,162,313,615,181.0,563.0,1646.0,3095.0,4875.0,7364.0
43100.0,100.0,Gulele,7.0,140.0,38.73876325393147,9.070532817420135,2,9,41,162,313,615,181.0,563.0,1646.0,3095.0,4875.0,7364.0
71000.0,75.0,Gulele,7.0,172.0,38.73876325393147,9.070532817420135,2,9,41,162,313,615,181.0,563.0,1646.0,3095.0,4875.0,7364.0
54100.0,100.0,Gulele,7.0,172.0,38.73876325393147,9.070532817420135,2,9,41,162,313,615,181.0,563.0,1646.0,3095.0,4875.0,7364.0
47100.0,100.0,Gulele,7.0,172.0,38.73876325393147,9.070532817420135,2,9,41,162,313,615,181.0,563.0,1646.0,3095.0,4875.0,7364.0
71999.99,100.0,Gulele,7.0,171.0,38.73876325393147,9.070532817420135,2,9,41,162,313,615,181.0,563.0,1646.0,3095.0,4875.0,7364.0
55600.0,100.0,Gulele,7.0,171.0,38.73876325393147,9.070532817420135,2,9,41,162,313,615,181.0,563.0,1646.0,3095.0,4875.0,7364.0
62121.0,70.0,Gulele,7.0,171.0,38.73876325393147,9.070532817420135,2,9,41,162,313,615,181.0,563.0,1646.0,3095.0,4875.0,7364.0
90100.0,40.0,Gulele,7.0,137.0,38.73876325393147,9.070532817420135,2,9,41,162,313,615,181.0,563.0,1646.0,3095.0,4875.0,7364.0
52512.12,100.0,Gulele,7.0,137.0,38.73876325393147,9.070532817420135,2,9,41,162,313,615,181.0,563.0,1646.0,3095.0,4875.0,7364.0
47445.25,100.0,Gulele,7.0,137.0,38.73876325393147,9.070532817420135,2,9,41,162,313,615,181.0,563.0,1646.0,3095.0,4875.0,7364.0
54100.0,100.0,Gulele,7.0,175.0,38.73876325393147,9.070532817420135,2,9,41,162,313,615,181.0,563.0,1646.0,3095.0,4875.0,7364.0
45150.0,100.0,Gulele,7.0,175.0,38.73876325393147,9.070532817420135,2,9,41,162,313,615,181.0,563.0,1646.0,3095.0,4875.0,7364.0
37714.0,100.0,Gulele,7.0,175.0,38.73876325393147,9.070532817420135,2,9,41,162,313,615,181.0,563.0,1646.0,3095.0,4875.0,7364.0
51151.0,100.0,Gulele,7.0,176.0,38.73876325393147,9.070532817420135,2,9,41,162,313,615,181.0,563.0,1646.0,3095.0,4875.0,7364.0
62121.0,70.0,Gulele,7.0,176.0,38.73876325393147,9.070532817420135,2,9,41,162,313,615,181.0,563.0,1646.0,3095.0,4875.0,7364.0
49521.0,100.0,Gulele,7.0,176.0,38.73876325393147,9.070532817420135,2,9,41,162,313,615,181.0,563.0,1646.0,3095.0,4875.0,7364.0
30629.0,55.0,Akaki Kality,4.0,441.0,38.76162967755072,8.878099647196903,4,13,33,69,82,100,53.0,207.0,678.0,1438.0,2262.0,3466.0
16781.24,100.0,Akaki Kality,4.0,441.0,38.76162967755072,8.878099647196903,4,13,33,69,82,100,53.0,207.0,678.0,1438.0,2262.0,3466.0
9270.0,100.0,Akaki Kality,4.0,441.0,38.76162967755072,8.878099647196903,4,13,33,69,82,100,53.0,207.0,678.0,1438.0,2262.0,3466.0
61101.76,40.0,Akaki Kality,4.0,441.0,38.76162967755072,8.878099647196903,4,13,33,69,82,100,53.0,207.0,678.0,1438.0,2262.0,3466.0
16527.0,100.0,Akaki Kality,4.0,441.0,38.76162967755072,8.878099647196903,4,13,33,69,82,100,53.0,207.0,678.0,1438.0,2262.0,3466.0
9000.0,60.0,Akaki Kality,4.0,441.0,38.76162967755072,8.878099647196903,4,13,33,69,82,100,53.0,207.0,678.0,1438.0,2262.0,3466.0
34000.0,100.0,Akaki Kality,4.0,150.0,38.76162967755072,8.878099647196903,4,13,33,69,82,100,53.0,207.0,678.0,1438.0,2262.0,3466.0
33721.0,100.0,Akaki Kality,4.0,150.0,38.76162967755072,8.878099647196903,4,13,33,69,82,100,53.0,207.0,678.0,1438.0,2262.0,3466.0
31010.0,100.0,Akaki Kality,4.0,150.0,38.76162967755072,8.878099647196903,4,13,33,69,82,100,53.0,207.0,678.0,1438.0,2262.0,3466.0
41111.0,100.0,Akaki Kality,4.0,150.0,38.76162967755072,8.878099647196903,4,13,33,69,82,100,53.0,207.0,678.0,1438.0,2262.0,3466.0
40000.0,100.0,Akaki Kality,4.0,150.0,38.76162967755072,8.878099647196903,4,13,33,69,82,100,53.0,207.0,678.0,1438.0,2262.0,3466.0
37655.0,100.0,Akaki Kality,4.0,150.0,38.76162967755072,8.878099647196903,4,13,33,69,82,100,53.0,207.0,678.0,1438.0,2262.0,3466.0
42099.0,100.0,Akaki Kality,4.0,144.0,38.76162967755072,8.878099647196903,4,13,33,69,82,100,53.0,207.0,678.0,1438.0,2262.0,3466.0
38194.0,100.0,Akaki Kality,4.0,144.0,38.76162967755072,8.878099647196903,4,13,33,69,82,100,53.0,207.0,678.0,1438.0,2262.0,3466.0
37900.0,100.0,Akaki Kality,4.0,144.0,38.76162967755072,8.878099647196903,4,13,33,69,82,100,53.0,207.0,678.0,1438.0,2262.0,3466.0
37777.77,100.0,Akaki Kality,9.0,350.0,38.82570107346104,8.890751016621174,0,0,16,25,32,50,47.0,145.0,661.0,1572.0,2332.0,3051.0
30721.0,60.0,Akaki Kality,9.0,350.0,38.82570107346104,8.890751016621174,0,0,16,25,32,50,47.0,145.0,661.0,1572.0,2332.0,3051.0
20535.0,100.0,Akaki Kality,9.0,350.0,38.82570107346104,8.890751016621174,0,0,16,25,32,50,47.0,145.0,661.0,1572.0,2332.0,3051.0
25120.0,100.0,Akaki Kality,9.0,350.0,38.82570107346104,8.890751016621174,0,0,16,25,32,50,47.0,145.0,661.0,1572.0,2332.0,3051.0
31880.0,55.0,Akaki Kality,9.0,350.0,38.82570107346104,8.890751016621174,0,0,16,25,32,50,47.0,145.0,661.0,1572.0,2332.0,3051.0
19000.0,100.0,Akaki Kality,9.0,350.0,38.82570107346104,8.890751016621174,0,0,16,25,32,50,47.0,145.0,661.0,1572.0,2332.0,3051.0
31721.0,70.0,Akaki Kality,9.0,350.0,38.82570107346104,8.890751016621174,0,0,16,25,32,50,47.0,145.0,661.0,1572.0,2332.0,3051.0
18578.12,100.0,Akaki Kality,9.0,350.0,38.82570107346104,8.890751016621174,0,0,16,25,32,50,47.0,145.0,661.0,1572.0,2332.0,3051.0
17000.0,80.0,Akaki Kality,9.0,350.0,38.82570107346104,8.890751016621174,0,0,16,25,32,50,47.0,145.0,661.0,1572.0,2332.0,3051.0
37021.0,100.0,Akaki Kality,9.0,397.0,38.82570107346104,8.890751016621174,0,0,16,25,32,50,47.0,145.0,661.0,1572.0,2332.0,3051.0
21300.0,100.0,Akaki Kality,9.0,397.0,38.82570107346104,8.890751016621174,0,0,16,25,32,50,47.0,145.0,661.0,1572.0,2332.0,3051.0
21205.47,100.0,Akaki Kality,9.0,397.0,38.82570107346104,8.890751016621174,0,0,16,25,32,50,47.0,145.0,661.0,1572.0,2332.0,3051.0
37009.0,100.0,Akaki Kality,9.0,397.0,38.82570107346104,8.890751016621174,0,0,16,25,32,50,47.0,145.0,661.0,1572.0,2332.0,3051.0
35199.0,100.0,Akaki Kality,9.0,532.0,38.82570107346104,8.890751016621174,0,0,16,25,32,50,47.0,145.0,661.0,1572.0,2332.0,3051.0
31090.0,100.0,Akaki Kality,9.0,532.0,38.82570107346104,8.890751016621174,0,0,16,25,32,50,47.0,145.0,661.0,1572.0,2332.0,3051.0
47566.89,100.0,Akaki Kality,1.0,121.0,38.79769047574577,8.871845782757074,0,8,37,73,108,121,181.0,567.0,1559.0,2513.0,3366.0,4271.0
39775.0,100.0,Akaki Kality,1.0,121.0,38.79769047574577,8.871845782757074,0,8,37,73,108,121,181.0,567.0,1559.0,2513.0,3366.0,4271.0
53900.0,63.0,Akaki Kality,1.0,121.0,38.79769047574577,8.871845782757074,0,8,37,73,108,121,181.0,567.0,1559.0,2513.0,3366.0,4271.0
45000.0,100.0,Akaki Kality,1.0,101.0,38.79769047574577,8.871845782757074,0,8,37,73,108,121,181.0,567.0,1559.0,2513.0,3366.0,4271.0
43113.0,100.0,Akaki Kality,1.0,101.0,38.79769047574577,8.871845782757074,0,8,37,73,108,121,181.0,567.0,1559.0,2513.0,3366.0,4271.0
42850.0,100.0,Akaki Kality,1.0,101.0,38.79769047574577,8.871845782757074,0,8,37,73,108,121,181.0,567.0,1559.0,2513.0,3366.0,4271.0
46512.0,100.0,Akaki Kality,1.0,100.0,38.79769047574577,8.871845782757074,0,8,37,73,108,121,181.0,567.0,1559.0,2513.0,3366.0,4271.0
44000.0,100.0,Akaki Kality,1.0,100.0,38.79769047574577,8.871845782757074,0,8,37,73,108,121,181.0,567.0,1559.0,2513.0,3366.0,4271.0
55000.0,65.0,Akaki Kality,1.0,100.0,38.79769047574577,8.871845782757074,0,8,37,73,108,121,181.0,567.0,1559.0,2513.0,3366.0,4271.0
48500.0,100.0,Akaki Kality,1.0,100.0,38.79769047574577,8.871845782757074,0,8,37,73,108,121,181.0,567.0,1559.0,2513.0,3366.0,4271.0
47775.0,100.0,Akaki Kality,1.0,100.0,38.79769047574577,8.871845782757074,0,8,37,73,108,121,181.0,567.0,1559.0,2513.0,3366.0,4271.0
45830.0,100.0,Akaki Kality,1.0,100.0,38.79769047574577,8.871845782757074,0,8,37,73,108,121,181.0,567.0,1559.0,2513.0,3366.0,4271.0
75130.0,50.0,Akaki Kality,1.0,101.0,38.79769047574577,8.871845782757074,0,8,37,73,108,121,181.0,567.0,1559.0,2513.0,3366.0,4271.0
45700.0,100.0,Akaki Kality,1.0,101.0,38.79769047574577,8.871845782757074,0,8,37,73,108,121,181.0,567.0,1559.0,2513.0,3366.0,4271.0
44000.0,100.0,Akaki Kality,1.0,101.0,38.79769047574577,8.871845782757074,0,8,37,73,108,121,181.0,567.0,1559.0,2513.0,3366.0,4271.0
36116.0,100.0,Akaki Kality,1.0,350.0,38.79769047574577,8.871845782757074,0,8,37,73,108,121,181.0,567.0,1559.0,2513.0,3366.0,4271.0
35000.0,100.0,Akaki Kality,1.0,350.0,38.79769047574577,8.871845782757074,0,8,37,73,108,121,181.0,567.0,1559.0,2513.0,3366.0,4271.0
32675.0,60.0,Akaki Kality,1.0,350.0,38.79769047574577,8.871845782757074,0,8,37,73,108,121,181.0,567.0,1559.0,2513.0,3366.0,4271.0
40629.0,100.0,Akaki Kality,1.0,126.0,38.79769047574577,8.871845782757074,0,8,37,73,108,121,181.0,567.0,1559.0,2513.0,3366.0,4271.0
39700.0,100.0,Akaki Kality,1.0,126.0,38.79769047574577,8.871845782757074,0,8,37,73,108,121,181.0,567.0,1559.0,2513.0,3366.0,4271.0
42000.0,70.0,Akaki Kality,1.0,126.0,38.79769047574577,8.871845782757074,0,8,37,73,108,121,181.0,567.0,1559.0,2513.0,3366.0,4271.0
42150.0,100.0,Akaki Kality,1.0,151.0,38.79769047574577,8.871845782757074,0,8,37,73,108,121,181.0,567.0,1559.0,2513.0,3366.0,4271.0
45135.86,85.0,Akaki Kality,1.0,151.0,38.79769047574577,8.871845782757074,0,8,37,73,108,121,181.0,567.0,1559.0,2513.0,3366.0,4271.0
37855.0,100.0,Akaki Kality,1.0,151.0,38.79769047574577,8.871845782757074,0,8,37,73,108,121,181.0,567.0,1559.0,2513.0,3366.0,4271.0
34775.0,100.0,Akaki Kality,2.0,232.0,38.80014513086449,8.84933284654248,0,2,11,28,59,77,10.0,113.0,827.0,1898.0,2690.0,3367.0
29613.0,100.0,Akaki Kality,2.0,232.0,38.80014513086449,8.84933284654248,0,2,11,28,59,77,10.0,113.0,827.0,1898.0,2690.0,3367.0
26400.0,100.0,Akaki Kality,2.0,232.0,38.80014513086449,8.84933284654248,0,2,11,28,59,77,10.0,113.0,827.0,1898.0,2690.0,3367.0
30500.0,100.0,Akaki Kality,2.0,241.0,38.80014513086449,8.84933284654248,0,2,11,28,59,77,10.0,113.0,827.0,1898.0,2690.0,3367.0
40621.0,60.0,Akaki Kality,2.0,241.0,38.80014513086449,8.84933284654248,0,2,11,28,59,77,10.0,113.0,827.0,1898.0,2690.0,3367.0
28500.0,100.0,Akaki Kality,2.0,241.0,38.80014513086449,8.84933284654248,0,2,11,28,59,77,10.0,113.0,827.0,1898.0,2690.0,3367.0
27002.0,100.0,Akaki Kality,9.0,404.0,38.82570107346104,8.890751016621174,0,0,16,25,32,50,47.0,145.0,661.0,1572.0,2332.0,3051.0
32560.0,53.0,Akaki Kality,9.0,404.0,38.82570107346104,8.890751016621174,0,0,16,25,32,50,47.0,145.0,661.0,1572.0,2332.0,3051.0
20927.0,100.0,Akaki Kality,9.0,404.0,38.82570107346104,8.890751016621174,0,0,16,25,32,50,47.0,145.0,661.0,1572.0,2332.0,3051.0
32100.0,90.0,Akaki Kality,8.0,208.0,38.78234356596863,8.894001187595702,2,15,63,90,113,137,111.0,302.0,1078.0,2203.0,3577.0,5027.0
28000.0,100.0,Akaki Kality,8.0,208.0,38.78234356596863,8.894001187595702,2,15,63,90,113,137,111.0,302.0,1078.0,2203.0,3577.0,5027.0
27300.0,100.0,Akaki Kality,8.0,208.0,38.78234356596863,8.894001187595702,2,15,63,90,113,137,111.0,302.0,1078.0,2203.0,3577.0,5027.0
36233.0,45.0,Akaki Kality,8.0,225.0,38.78234356596863,8.894001187595702,2,15,63,90,113,137,111.0,302.0,1078.0,2203.0,3577.0,5027.0
20107.7,100.0,Akaki Kality,8.0,225.0,38.78234356596863,8.894001187595702,2,15,63,90,113,137,111.0,302.0,1078.0,2203.0,3577.0,5027.0
25699.99,60.0,Akaki Kality,8.0,225.0,38.78234356596863,8.894001187595702,2,15,63,90,113,137,111.0,302.0,1078.0,2203.0,3577.0,5027.0
20500.0,100.0,Akaki Kality,8.0,272.0,38.78234356596863,8.894001187595702,2,15,63,90,113,137,111.0,302.0,1078.0,2203.0,3577.0,5027.0
17227.0,100.0,Akaki Kality,8.0,272.0,38.78234356596863,8.894001187595702,2,15,63,90,113,137,111.0,302.0,1078.0,2203.0,3577.0,5027.0
17054.0,100.0,Akaki Kality,8.0,272.0,38.78234356596863,8.894001187595702,2,15,63,90,113,137,111.0,302.0,1078.0,2203.0,3577.0,5027.0
21600.0,100.0,Akaki Kality,8.0,270.0,38.78234356596863,8.894001187595702,2,15,63,90,113,137,111.0,302.0,1078.0,2203.0,3577.0,5027.0
20000.0,100.0,Akaki Kality,8.0,270.0,38.78234356596863,8.894001187595702,2,15,63,90,113,137,111.0,302.0,1078.0,2203.0,3577.0,5027.0
18500.0,100.0,Akaki Kality,8.0,270.0,38.78234356596863,8.894001187595702,2,15,63,90,113,137,111.0,302.0,1078.0,2203.0,3577.0,5027.0
29357.0,100.0,Akaki Kality,8.0,216.0,38.78234356596863,8.894001187595702,2,15,63,90,113,137,111.0,302.0,1078.0,2203.0,3577.0,5027.0
28189.0,100.0,Akaki Kality,8.0,216.0,38.78234356596863,8.894001187595702,2,15,63,90,113,137,111.0,302.0,1078.0,2203.0,3577.0,5027.0
22789.0,100.0,Akaki Kality,8.0,216.0,38.78234356596863,8.894001187595702,2,15,63,90,113,137,111.0,302.0,1078.0,2203.0,3577.0,5027.0
24517.5,65.0,Akaki Kality,8.0,333.0,38.78234356596863,8.894001187595702,2,15,63,90,113,137,111.0,302.0,1078.0,2203.0,3577.0,5027.0
17990.0,100.0,Akaki Kality,8.0,333.0,38.78234356596863,8.894001187595702,2,15,63,90,113,137,111.0,302.0,1078.0,2203.0,3577.0,5027.0
16227.0,100.0,Akaki Kality,8.0,333.0,38.78234356596863,8.894001187595702,2,15,63,90,113,137,111.0,302.0,1078.0,2203.0,3577.0,5027.0
24121.0,100.0,Akaki Kality,8.0,310.0,38.78234356596863,8.894001187595702,2,15,63,90,113,137,111.0,302.0,1078.0,2203.0,3577.0,5027.0
22000.0,100.0,Akaki Kality,8.0,310.0,38.78234356596863,8.894001187595702,2,15,63,90,113,137,111.0,302.0,1078.0,2203.0,3577.0,5027.0
20000.0,100.0,Akaki Kality,8.0,310.0,38.78234356596863,8.894001187595702,2,15,63,90,113,137,111.0,302.0,1078.0,2203.0,3577.0,5027.0
31555.0,51.0,Akaki Kality,8.0,307.0,38.78234356596863,8.894001187595702,2,15,63,90,113,137,111.0,302.0,1078.0,2203.0,3577.0,5027.0
18227.0,100.0,Akaki Kality,8.0,307.0,38.78234356596863,8.894001187595702,2,15,63,90,113,137,111.0,302.0,1078.0,2203.0,3577.0,5027.0
11027.0,100.0,Akaki Kality,8.0,307.0,38.78234356596863,8.894001187595702,2,15,63,90,113,137,111.0,302.0,1078.0,2203.0,3577.0,5027.0
36550.0,100.0,Akaki Kality,4.0,264.0,38.76162967755072,8.878099647196903,4,13,33,69,82,100,53.0,207.0,678.0,1438.0,2262.0,3466.0
32024.0,100.0,Akaki Kality,4.0,264.0,38.76162967755072,8.878099647196903,4,13,33,69,82,100,53.0,207.0,678.0,1438.0,2262.0,3466.0
29150.0,100.0,Akaki Kality,4.0,264.0,38.76162967755072,8.878099647196903,4,13,33,69,82,100,53.0,207.0,678.0,1438.0,2262.0,3466.0
39622.65,100.0,Akaki Kality,4.0,265.0,38.76162967755072,8.878099647196903,4,13,33,69,82,100,53.0,207.0,678.0,1438.0,2262.0,3466.0
32413.0,100.0,Akaki Kality,4.0,265.0,38.76162967755072,8.878099647196903,4,13,33,69,82,100,53.0,207.0,678.0,1438.0,2262.0,3466.0
26440.0,100.0,Akaki Kality,4.0,265.0,38.76162967755072,8.878099647196903,4,13,33,69,82,100,53.0,207.0,678.0,1438.0,2262.0,3466.0
36500.0,100.0,Akaki Kality,4.0,265.0,38.76162967755072,8.878099647196903,4,13,33,69,82,100,53.0,207.0,678.0,1438.0,2262.0,3466.0
35175.0,100.0,Akaki Kality,4.0,251.0,38.76162967755072,8.878099647196903,4,13,33,69,82,100,53.0,207.0,678.0,1438.0,2262.0,3466.0
35153.37,100.0,Akaki Kality,4.0,251.0,38.76162967755072,8.878099647196903,4,13,33,69,82,100,53.0,207.0,678.0,1438.0,2262.0,3466.0
34621.0,100.0,Akaki Kality,4.0,244.0,38.76162967755072,8.878099647196903,4,13,33,69,82,100,53.0,207.0,678.0,1438.0,2262.0,3466.0
33000.0,100.0,Akaki Kality,4.0,244.0,38.76162967755072,8.878099647196903,4,13,33,69,82,100,53.0,207.0,678.0,1438.0,2262.0,3466.0
32175.0,100.0,Akaki Kality,4.0,244.0,38.76162967755072,8.878099647196903,4,13,33,69,82,100,53.0,207.0,678.0,1438.0,2262.0,3466.0
41116.0,100.0,Akaki Kality,4.0,199.0,38.76162967755072,8.878099647196903,4,13,33,69,82,100,53.0,207.0,678.0,1438.0,2262.0,3466.0
35556.5,100.0,Akaki Kality,4.0,199.0,38.76162967755072,8.878099647196903,4,13,33,69,82,100,53.0,207.0,678.0,1438.0,2262.0,3466.0
35400.0,100.0,Akaki Kality,4.0,199.0,38.76162967755072,8.878099647196903,4,13,33,69,82,100,53.0,207.0,678.0,1438.0,2262.0,3466.0
50927.84,90.0,Yeka,1.0,272.0,38.774083590147306,9.065575881972284,6,17,46,113,358,603,107.0,332.0,1169.0,2136.0,3737.0,6078.0
33555.95,100.0,Yeka,1.0,272.0,38.774083590147306,9.065575881972284,6,17,46,113,358,603,107.0,332.0,1169.0,2136.0,3737.0,6078.0
38150.0,85.0,Yeka,1.0,272.0,38.774083590147306,9.065575881972284,6,17,46,113,358,603,107.0,332.0,1169.0,2136.0,3737.0,6078.0
51551.0,100.0,Yeka,1.0,225.0,38.774083590147306,9.065575881972284,6,17,46,113,358,603,107.0,332.0,1169.0,2136.0,3737.0,6078.0
25521.0,100.0,Yeka,1.0,225.0,38.774083590147306,9.065575881972284,6,17,46,113,358,603,107.0,332.0,1169.0,2136.0,3737.0,6078.0
25019.0,100.0,Yeka,1.0,225.0,38.774083590147306,9.065575881972284,6,17,46,113,358,603,107.0,332.0,1169.0,2136.0,3737.0,6078.0
107843.15,76.0,Yeka,6.0,204.0,38.77367621099306,9.020811740423246,17,105,488,1068,1512,1831,181.0,515.0,1919.0,4215.0,7290.0,11078.0
86129.0,100.0,Yeka,6.0,204.0,38.77367621099306,9.020811740423246,17,105,488,1068,1512,1831,181.0,515.0,1919.0,4215.0,7290.0,11078.0
121626.88,42.0,Yeka,6.0,204.0,38.77367621099306,9.020811740423246,17,105,488,1068,1512,1831,181.0,515.0,1919.0,4215.0,7290.0,11078.0
79120.0,100.0,Yeka,5.0,650.0,38.79868382957799,9.03445539174537,0,6,134,335,765,1243,44.0,170.0,1126.0,3240.0,5774.0,8898.0
75100.0,100.0,Yeka,5.0,650.0,38.79868382957799,9.03445539174537,0,6,134,335,765,1243,44.0,170.0,1126.0,3240.0,5774.0,8898.0
121626.88,42.0,Yeka,5.0,650.0,38.79868382957799,9.03445539174537,0,6,134,335,765,1243,44.0,170.0,1126.0,3240.0,5774.0,8898.0
108771.93,100.0,Yeka,5.0,855.0,38.79868382957799,9.03445539174537,0,6,134,335,765,1243,44.0,170.0,1126.0,3240.0,5774.0,8898.0
71000.0,100.0,Yeka,5.0,855.0,38.79868382957799,9.03445539174537,0,6,134,335,765,1243,44.0,170.0,1126.0,3240.0,5774.0,8898.0
81219.0,81.0,Yeka,5.0,855.0,38.79868382957799,9.03445539174537,0,6,134,335,765,1243,44.0,170.0,1126.0,3240.0,5774.0,8898.0
41150.0,100.0,Yeka,12.0,283.0,38.8596721880464,9.058780324489687,0,2,11,27,75,173,21.0,180.0,827.0,1876.0,3585.0,5448.0
48616.0,75.0,Yeka,12.0,283.0,38.8596721880464,9.058780324489687,0,2,11,27,75,173,21.0,180.0,827.0,1876.0,3585.0,5448.0
32000.0,84.0,Yeka,12.0,283.0,38.8596721880464,9.058780324489687,0,2,11,27,75,173,21.0,180.0,827.0,1876.0,3585.0,5448.0
50116.0,100.0,Yeka,12.0,232.0,38.8596721880464,9.058780324489687,0,2,11,27,75,173,21.0,180.0,827.0,1876.0,3585.0,5448.0
67150.0,54.0,Yeka,12.0,232.0,38.8596721880464,9.058780324489687,0,2,11,27,75,173,21.0,180.0,827.0,1876.0,3585.0,5448.0
43500.0,100.0,Yeka,12.0,232.0,38.8596721880464,9.058780324489687,0,2,11,27,75,173,21.0,180.0,827.0,1876.0,3585.0,5448.0
61250.0,100.0,Yeka,12.0,278.0,38.8596721880464,9.058780324489687,0,2,11,27,75,173,21.0,180.0,827.0,1876.0,3585.0,5448.0
50616.0,100.0,Yeka,12.0,278.0,38.8596721880464,9.058780324489687,0,2,11,27,75,173,21.0,180.0,827.0,1876.0,3585.0,5448.0
46221.18,90.0,Yeka,12.0,278.0,38.8596721880464,9.058780324489687,0,2,11,27,75,173,21.0,180.0,827.0,1876.0,3585.0,5448.0
32027.0,70.0,Yeka,10.0,246.0,38.81551144932411,9.05976397126058,0,0,2,12,79,355,47.0,101.0,427.0,1076.0,2480.0,4902.0
25137.0,100.0,Yeka,10.0,246.0,38.81551144932411,9.05976397126058,0,0,2,12,79,355,47.0,101.0,427.0,1076.0,2480.0,4902.0
22350.0,100.0,Yeka,10.0,246.0,38.81551144932411,9.05976397126058,0,0,2,12,79,355,47.0,101.0,427.0,1076.0,2480.0,4902.0
30225.5,100.0,Yeka,10.0,213.0,38.81551144932411,9.05976397126058,0,0,2,12,79,355,47.0,101.0,427.0,1076.0,2480.0,4902.0
31501.0,71.0,Yeka,10.0,213.0,38.81551144932411,9.05976397126058,0,0,2,12,79,355,47.0,101.0,427.0,1076.0,2480.0,4902.0
21652.58,100.0,Yeka,10.0,213.0,38.81551144932411,9.05976397126058,0,0,2,12,79,355,47.0,101.0,427.0,1076.0,2480.0,4902.0
27100.0,50.0,Yeka,10.0,525.0,38.81551144932411,9.05976397126058,0,0,2,12,79,355,47.0,101.0,427.0,1076.0,2480.0,4902.0
9645.0,100.0,Yeka,10.0,525.0,38.81551144932411,9.05976397126058,0,0,2,12,79,355,47.0,101.0,427.0,1076.0,2480.0,4902.0
7777.77,100.0,Yeka,10.0,525.0,38.81551144932411,9.05976397126058,0,0,2,12,79,355,47.0,101.0,427.0,1076.0,2480.0,4902.0
38351.0,70.0,Yeka,10.0,406.0,38.81551144932411,9.05976397126058,0,0,2,12,79,355,47.0,101.0,427.0,1076.0,2480.0,4902.0
11123.77,100.0,Yeka,10.0,406.0,38.81551144932411,9.05976397126058,0,0,2,12,79,355,47.0,101.0,427.0,1076.0,2480.0,4902.0
7860.0,100.0,Yeka,10.0,406.0,38.81551144932411,9.05976397126058,0,0,2,12,79,355,47.0,101.0,427.0,1076.0,2480.0,4902.0
61350.0,100.0,Yeka,10.0,189.0,38.81551144932411,9.05976397126058,0,0,2,12,79,355,47.0,101.0,427.0,1076.0,2480.0,4902.0
44919.57,100.0,Yeka,10.0,189.0,38.81551144932411,9.05976397126058,0,0,2,12,79,355,47.0,101.0,427.0,1076.0,2480.0,4902.0
55000.0,70.0,Yeka,10.0,189.0,38.81551144932411,9.05976397126058,0,0,2,12,79,355,47.0,101.0,427.0,1076.0,2480.0,4902.0
47127.0,100.0,Yeka,10.0,299.0,38.81551144932411,9.05976397126058,0,0,2,12,79,355,47.0,101.0,427.0,1076.0,2480.0,4902.0
41120.0,100.0,Yeka,10.0,299.0,38.81551144932411,9.05976397126058,0,0,2,12,79,355,47.0,101.0,427.0,1076.0,2480.0,4902.0
41299.77,70.0,Yeka,10.0,299.0,38.81551144932411,9.05976397126058,0,0,2,12,79,355,47.0,101.0,427.0,1076.0,2480.0,4902.0
37840.0,100.0,Gulele,5.0,111.0,38.74924501656387,9.063492312041603,1,8,81,238,535,731,160.0,609.0,1986.0,3565.0,5639.0,7862.0
34500.0,100.0,Gulele,5.0,111.0,38.74924501656387,9.063492312041603,1,8,81,238,535,731,160.0,609.0,1986.0,3565.0,5639.0,7862.0
28380.0,100.0,Gulele,5.0,111.0,38.74924501656387,9.063492312041603,1,8,81,238,535,731,160.0,609.0,1986.0,3565.0,5639.0,7862.0
38823.0,100.0,Gulele,5.0,108.0,38.74924501656387,9.063492312041603,1,8,81,238,535,731,160.0,609.0,1986.0,3565.0,5639.0,7862.0
38000.0,100.0,Gulele,5.0,108.0,38.74924501656387,9.063492312041603,1,8,81,238,535,731,160.0,609.0,1986.0,3565.0,5639.0,7862.0
21210.0,100.0,Gulele,5.0,108.0,38.74924501656387,9.063492312041603,1,8,81,238,535,731,160.0,609.0,1986.0,3565.0,5639.0,7862.0
25000.0,100.0,Gulele,5.0,902.0,38.74924501656387,9.063492312041603,1,8,81,238,535,731,160.0,609.0,1986.0,3565.0,5639.0,7862.0
16800.0,100.0,Gulele,5.0,902.0,38.74924501656387,9.063492312041603,1,8,81,238,535,731,160.0,609.0,1986.0,3565.0,5639.0,7862.0
20888.91,65.0,Gulele,5.0,902.0,38.74924501656387,9.063492312041603,1,8,81,238,535,731,160.0,609.0,1986.0,3565.0,5639.0,7862.0
64787.0,100.0,Gulele,5.0,200.0,38.74924501656387,9.063492312041603,1,8,81,238,535,731,160.0,609.0,1986.0,3565.0,5639.0,7862.0
73120.0,55.0,Gulele,5.0,200.0,38.74924501656387,9.063492312041603,1,8,81,238,535,731,160.0,609.0,1986.0,3565.0,5639.0,7862.0
62000.0,60.0,Gulele,5.0,200.0,38.74924501656387,9.063492312041603,1,8,81,238,535,731,160.0,609.0,1986.0,3565.0,5639.0,7862.0
120100.0,100.0,Gulele,5.0,125.0,38.74924501656387,9.063492312041603,1,8,81,238,535,731,160.0,609.0,1986.0,3565.0,5639.0,7862.0
41125.0,100.0,Gulele,5.0,125.0,38.74924501656387,9.063492312041603,1,8,81,238,535,731,160.0,609.0,1986.0,3565.0,5639.0,7862.0
41121.2,100.0,Gulele,5.0,125.0,38.74924501656387,9.063492312041603,1,8,81,238,535,731,160.0,609.0,1986.0,3565.0,5639.0,7862.0
135000.0,100.0,Gulele,5.0,100.0,38.74924501656387,9.063492312041603,1,8,81,238,535,731,160.0,609.0,1986.0,3565.0,5639.0,7862.0
86000.0,100.0,Gulele,5.0,100.0,38.74924501656387,9.063492312041603,1,8,81,238,535,731,160.0,609.0,1986.0,3565.0,5639.0,7862.0
65050.0,100.0,Gulele,5.0,100.0,38.74924501656387,9.063492312041603,1,8,81,238,535,731,160.0,609.0,1986.0,3565.0,5639.0,7862.0
66038.0,100.0,Gulele,9.0,212.0,38.727334504102615,9.052577147288106,17,52,146,342,605,923,160.0,687.0,2394.0,4680.0,7085.0,9952.0
40150.0,100.0,Gulele,9.0,212.0,38.727334504102615,9.052577147288106,17,52,146,342,605,923,160.0,687.0,2394.0,4680.0,7085.0,9952.0
37730.0,100.0,Gulele,9.0,212.0,38.727334504102615,9.052577147288106,17,52,146,342,605,923,160.0,687.0,2394.0,4680.0,7085.0,9952.0
29315.0,100.0,Kolfe Keranyo,3.0,119.4,38.66448576228889,8.981861901777028,0,1,13,47,93,110,150.0,547.0,1683.0,3362.0,5418.0,7718.0
25300.0,100.0,Kolfe Keranyo,3.0,119.4,38.66448576228889,8.981861901777028,0,1,13,47,93,110,150.0,547.0,1683.0,3362.0,5418.0,7718.0
20120.0,100.0,Kolfe Keranyo,3.0,119.4,38.66448576228889,8.981861901777028,0,1,13,47,93,110,150.0,547.0,1683.0,3362.0,5418.0,7718.0
65200.0,100.0,Kolfe Keranyo,3.0,96.3,38.66448576228889,8.981861901777028,0,1,13,47,93,110,150.0,547.0,1683.0,3362.0,5418.0,7718.0
35100.0,100.0,Kolfe Keranyo,3.0,96.3,38.66448576228889,8.981861901777028,0,1,13,47,93,110,150.0,547.0,1683.0,3362.0,5418.0,7718.0
34444.4,100.0,Kolfe Keranyo,3.0,96.3,38.66448576228889,8.981861901777028,0,1,13,47,93,110,150.0,547.0,1683.0,3362.0,5418.0,7718.0
29320.0,100.0,Kolfe Keranyo,3.0,137.0,38.66448576228889,8.981861901777028,0,1,13,47,93,110,150.0,547.0,1683.0,3362.0,5418.0,7718.0
25600.0,100.0,Kolfe Keranyo,3.0,137.0,38.66448576228889,8.981861901777028,0,1,13,47,93,110,150.0,547.0,1683.0,3362.0,5418.0,7718.0
22000.0,100.0,Kolfe Keranyo,3.0,137.0,38.66448576228889,8.981861901777028,0,1,13,47,93,110,150.0,547.0,1683.0,3362.0,5418.0,7718.0
21750.0,100.0,Kolfe Keranyo,2.0,107.0,38.68585867806747,8.966409373406625,0,4,51,76,167,291,102.0,308.0,1770.0,3953.0,6685.0,10117.0
25131.45,40.0,Kolfe Keranyo,2.0,107.0,38.68585867806747,8.966409373406625,0,4,51,76,167,291,102.0,308.0,1770.0,3953.0,6685.0,10117.0
2000.0,40.0,Kolfe Keranyo,2.0,107.0,38.68585867806747,8.966409373406625,0,4,51,76,167,291,102.0,308.0,1770.0,3953.0,6685.0,10117.0
45140.0,100.0,Kolfe Keranyo,8.0,203.0,38.68911980443161,9.02104573484426,0,1,34,92,193,365,148.0,455.0,2403.0,4830.0,7668.0,11469.0
22100.0,100.0,Kolfe Keranyo,8.0,203.0,38.68911980443161,9.02104573484426,0,1,34,92,193,365,148.0,455.0,2403.0,4830.0,7668.0,11469.0
21212.1,100.0,Kolfe Keranyo,8.0,203.0,38.68911980443161,9.02104573484426,0,1,34,92,193,365,148.0,455.0,2403.0,4830.0,7668.0,11469.0
45200.0,100.0,Kolfe Keranyo,8.0,174.0,38.68911980443161,9.02104573484426,0,1,34,92,193,365,148.0,455.0,2403.0,4830.0,7668.0,11469.0
24225.0,100.0,Kolfe Keranyo,8.0,174.0,38.68911980443161,9.02104573484426,0,1,34,92,193,365,148.0,455.0,2403.0,4830.0,7668.0,11469.0
20050.0,100.0,Kolfe Keranyo,8.0,174.0,38.68911980443161,9.02104573484426,0,1,34,92,193,365,148.0,455.0,2403.0,4830.0,7668.0,11469.0
61856.0,100.0,Kolfe Keranyo,8.0,124.0,38.68911980443161,9.02104573484426,0,1,34,92,193,365,148.0,455.0,2403.0,4830.0,7668.0,11469.0
60510.0,100.0,Kolfe Keranyo,8.0,124.0,38.68911980443161,9.02104573484426,0,1,34,92,193,365,148.0,455.0,2403.0,4830.0,7668.0,11469.0
55500.0,100.0,Kolfe Keranyo,8.0,124.0,38.68911980443161,9.02104573484426,0,1,34,92,193,365,148.0,455.0,2403.0,4830.0,7668.0,11469.0
47521.0,100.0,Kolfe Keranyo,8.0,124.0,38.68911980443161,9.02104573484426,0,1,34,92,193,365,148.0,455.0,2403.0,4830.0,7668.0,11469.0
55250.0,70.0,Kolfe Keranyo,5.0,260.0,38.70133998874034,8.99109133083579,0,20,69,157,325,630,137.0,567.0,2418.0,4865.0,8440.0,12430.0
42573.0,100.0,Kolfe Keranyo,5.0,260.0,38.70133998874034,8.99109133083579,0,20,69,157,325,630,137.0,567.0,2418.0,4865.0,8440.0,12430.0
67731.0,100.0,Kolfe Keranyo,5.0,279.0,38.70133998874034,8.99109133083579,0,20,69,157,325,630,137.0,567.0,2418.0,4865.0,8440.0,12430.0
53763.45,100.0,Kolfe Keranyo,5.0,279.0,38.70133998874034,8.99109133083579,0,20,69,157,325,630,137.0,567.0,2418.0,4865.0,8440.0,12430.0
43516.0,100.0,Kolfe Keranyo,5.0,279.0,38.70133998874034,8.99109133083579,0,20,69,157,325,630,137.0,567.0,2418.0,4865.0,8440.0,12430.0
57430.0,100.0,Kolfe Keranyo,5.0,267.0,38.70133998874034,8.99109133083579,0,20,69,157,325,630,137.0,567.0,2418.0,4865.0,8440.0,12430.0
41100.0,100.0,Kolfe Keranyo,5.0,267.0,38.70133998874034,8.99109133083579,0,20,69,157,325,630,137.0,567.0,2418.0,4865.0,8440.0,12430.0
41000.0,100.0,Kolfe Keranyo,5.0,267.0,38.70133998874034,8.99109133083579,0,20,69,157,325,630,137.0,567.0,2418.0,4865.0,8440.0,12430.0
57121.19,100.0,Kolfe Keranyo,5.0,180.0,38.70133998874034,8.99109133083579,0,20,69,157,325,630,137.0,567.0,2418.0,4865.0,8440.0,12430.0
57000.0,100.0,Kolfe Keranyo,5.0,180.0,38.70133998874034,8.99109133083579,0,20,69,157,325,630,137.0,567.0,2418.0,4865.0,8440.0,12430.0
60150.0,90.0,Kolfe Keranyo,5.0,180.0,38.70133998874034,8.99109133083579,0,20,69,157,325,630,137.0,567.0,2418.0,4865.0,8440.0,12430.0
51021.27,100.0,Kolfe Keranyo,5.0,166.0,38.70133998874034,8.99109133083579,0,20,69,157,325,630,137.0,567.0,2418.0,4865.0,8440.0,12430.0
41111.0,100.0,Kolfe Keranyo,5.0,166.0,38.70133998874034,8.99109133083579,0,20,69,157,325,630,137.0,567.0,2418.0,4865.0,8440.0,12430.0
40100.0,100.0,Kolfe Keranyo,5.0,166.0,38.70133998874034,8.99109133083579,0,20,69,157,325,630,137.0,567.0,2418.0,4865.0,8440.0,12430.0
81000.0,100.0,Kolfe Keranyo,7.0,96.0,38.682952902214105,9.007266440069444,5,20,41,73,143,268,301.0,980.0,2790.0,4678.0,7413.0,10417.0
68175.0,100.0,Kolfe Keranyo,7.0,96.0,38.682952902214105,9.007266440069444,5,20,41,73,143,268,301.0,980.0,2790.0,4678.0,7413.0,10417.0
83620.0,63.0,Kolfe Keranyo,7.0,96.0,38.682952902214105,9.007266440069444,5,20,41,73,143,268,301.0,980.0,2790.0,4678.0,7413.0,10417.0
78155.0,100.0,Kolfe Keranyo,7.0,96.0,38.682952902214105,9.007266440069444,5,20,41,73,143,268,301.0,980.0,2790.0,4678.0,7413.0,10417.0
76220.0,100.0,Kolfe Keranyo,7.0,96.0,38.682952902214105,9.007266440069444,5,20,41,73,143,268,301.0,980.0,2790.0,4678.0,7413.0,10417.0
75520.83,100.0,Kolfe Keranyo,7.0,96.0,38.682952902214105,9.007266440069444,5,20,41,73,143,268,301.0,980.0,2790.0,4678.0,7413.0,10417.0
125000.0,55.0,Kolfe Keranyo,7.0,96.0,38.682952902214105,9.007266440069444,5,20,41,73,143,268,301.0,980.0,2790.0,4678.0,7413.0,10417.0
83333.33,100.0,Kolfe Keranyo,7.0,96.0,38.682952902214105,9.007266440069444,5,20,41,73,143,268,301.0,980.0,2790.0,4678.0,7413.0,10417.0
78220.0,100.0,Kolfe Keranyo,7.0,96.0,38.682952902214105,9.007266440069444,5,20,41,73,143,268,301.0,980.0,2790.0,4678.0,7413.0,10417.0
75750.0,100.0,Kolfe Keranyo,7.0,162.0,38.682952902214105,9.007266440069444,5,20,41,73,143,268,301.0,980.0,2790.0,4678.0,7413.0,10417.0
65111.0,100.0,Kolfe Keranyo,7.0,162.0,38.682952902214105,9.007266440069444,5,20,41,73,143,268,301.0,980.0,2790.0,4678.0,7413.0,10417.0
62100.0,100.0,Kolfe Keranyo,7.0,162.0,38.682952902214105,9.007266440069444,5,20,41,73,143,268,301.0,980.0,2790.0,4678.0,7413.0,10417.0
71575.0,100.0,Kolfe Keranyo,7.0,162.0,38.682952902214105,9.007266440069444,5,20,41,73,143,268,301.0,980.0,2790.0,4678.0,7413.0,10417.0
59580.0,100.0,Kolfe Keranyo,7.0,162.0,38.682952902214105,9.007266440069444,5,20,41,73,143,268,301.0,980.0,2790.0,4678.0,7413.0,10417.0
56031.0,100.0,Kolfe Keranyo,7.0,162.0,38.682952902214105,9.007266440069444,5,20,41,73,143,268,301.0,980.0,2790.0,4678.0,7413.0,10417.0
68577.0,100.0,Kolfe Keranyo,7.0,162.0,38.682952902214105,9.007266440069444,5,20,41,73,143,268,301.0,980.0,2790.0,4678.0,7413.0,10417.0
61615.95,100.0,Kolfe Keranyo,7.0,162.0,38.682952902214105,9.007266440069444,5,20,41,73,143,268,301.0,980.0,2790.0,4678.0,7413.0,10417.0
56041.0,100.0,Kolfe Keranyo,7.0,162.0,38.682952902214105,9.007266440069444,5,20,41,73,143,268,301.0,980.0,2790.0,4678.0,7413.0,10417.0
111200.0,100.0,Kolfe Keranyo,7.0,169.0,38.682952902214105,9.007266440069444,5,20,41,73,143,268,301.0,980.0,2790.0,4678.0,7413.0,10417.0
75100.0,100.0,Kolfe Keranyo,7.0,169.0,38.682952902214105,9.007266440069444,5,20,41,73,143,268,301.0,980.0,2790.0,4678.0,7413.0,10417.0
73513.0,100.0,Kolfe Keranyo,7.0,169.0,38.682952902214105,9.007266440069444,5,20,41,73,143,268,301.0,980.0,2790.0,4678.0,7413.0,10417.0
63100.0,100.0,Kolfe Keranyo,7.0,193.0,38.682952902214105,9.007266440069444,5,20,41,73,143,268,301.0,980.0,2790.0,4678.0,7413.0,10417.0
61220.0,100.0,Kolfe Keranyo,7.0,193.0,38.682952902214105,9.007266440069444,5,20,41,73,143,268,301.0,980.0,2790.0,4678.0,7413.0,10417.0
46650.0,100.0,Kolfe Keranyo,7.0,193.0,38.682952902214105,9.007266440069444,5,20,41,73,143,268,301.0,980.0,2790.0,4678.0,7413.0,10417.0
79500.0,100.0,Kolfe Keranyo,7.0,133.0,38.682952902214105,9.007266440069444,5,20,41,73,143,268,301.0,980.0,2790.0,4678.0,7413.0,10417.0
72670.0,100.0,Kolfe Keranyo,7.0,133.0,38.682952902214105,9.007266440069444,5,20,41,73,143,268,301.0,980.0,2790.0,4678.0,7413.0,10417.0
56575.0,100.0,Kolfe Keranyo,7.0,133.0,38.682952902214105,9.007266440069444,5,20,41,73,143,268,301.0,980.0,2790.0,4678.0,7413.0,10417.0
98813.0,100.0,Kolfe Keranyo,7.0,120.0,38.682952902214105,9.007266440069444,5,20,41,73,143,268,301.0,980.0,2790.0,4678.0,7413.0,10417.0
95960.83,100.0,Kolfe Keranyo,7.0,120.0,38.682952902214105,9.007266440069444,5,20,41,73,143,268,301.0,980.0,2790.0,4678.0,7413.0,10417.0
84105.0,100.0,Kolfe Keranyo,7.0,120.0,38.682952902214105,9.007266440069444,5,20,41,73,143,268,301.0,980.0,2790.0,4678.0,7413.0,10417.0
116513.0,100.0,Kolfe Keranyo,7.0,130.0,38.682952902214105,9.007266440069444,5,20,41,73,143,268,301.0,980.0,2790.0,4678.0,7413.0,10417.0
86500.0,100.0,Kolfe Keranyo,7.0,130.0,38.682952902214105,9.007266440069444,5,20,41,73,143,268,301.0,980.0,2790.0,4678.0,7413.0,10417.0
86220.0,100.0,Kolfe Keranyo,7.0,130.0,38.682952902214105,9.007266440069444,5,20,41,73,143,268,301.0,980.0,2790.0,4678.0,7413.0,10417.0
41731.0,100.0,Kolfe Keranyo,5.0,238.0,38.70133998874034,8.99109133083579,0,20,69,157,325,630,137.0,567.0,2418.0,4865.0,8440.0,12430.0
27416.5,100.0,Kolfe Keranyo,5.0,238.0,38.70133998874034,8.99109133083579,0,20,69,157,325,630,137.0,567.0,2418.0,4865.0,8440.0,12430.0
20016.0,100.0,Kolfe Keranyo,5.0,238.0,38.70133998874034,8.99109133083579,0,20,69,157,325,630,137.0,567.0,2418.0,4865.0,8440.0,12430.0
42650.0,100.0,Kolfe Keranyo,5.0,238.0,38.70133998874034,8.99109133083579,0,20,69,157,325,630,137.0,567.0,2418.0,4865.0,8440.0,12430.0
15189.5,100.0,Kolfe Keranyo,3.0,158.0,38.66448576228889,8.981861901777028,0,1,13,47,93,110,150.0,547.0,1683.0,3362.0,5418.0,7718.0
13700.0,100.0,Kolfe Keranyo,3.0,158.0,38.66448576228889,8.981861901777028,0,1,13,47,93,110,150.0,547.0,1683.0,3362.0,5418.0,7718.0
47000.0,100.0,Kolfe Keranyo,3.0,266.0,38.66448576228889,8.981861901777028,0,1,13,47,93,110,150.0,547.0,1683.0,3362.0,5418.0,7718.0
21975.0,100.0,Kolfe Keranyo,3.0,266.0,38.66448576228889,8.981861901777028,0,1,13,47,93,110,150.0,547.0,1683.0,3362.0,5418.0,7718.0
15000.0,100.0,Kolfe Keranyo,3.0,266.0,38.66448576228889,8.981861901777028,0,1,13,47,93,110,150.0,547.0,1683.0,3362.0,5418.0,7718.0
54220.0,65.0,Kolfe Keranyo,3.0,148.0,38.66448576228889,8.981861901777028,0,1,13,47,93,110,150.0,547.0,1683.0,3362.0,5418.0,7718.0
28150.0,100.0,Kolfe Keranyo,3.0,148.0,38.66448576228889,8.981861901777028,0,1,13,47,93,110,150.0,547.0,1683.0,3362.0,5418.0,7718.0
23150.8,100.0,Kolfe Keranyo,3.0,148.0,38.66448576228889,8.981861901777028,0,1,13,47,93,110,150.0,547.0,1683.0,3362.0,5418.0,7718.0
26230.0,100.0,Kolfe Keranyo,3.0,162.0,38.66448576228889,8.981861901777028,0,1,13,47,93,110,150.0,547.0,1683.0,3362.0,5418.0,7718.0
12575.0,100.0,Kolfe Keranyo,3.0,162.0,38.66448576228889,8.981861901777028,0,1,13,47,93,110,150.0,547.0,1683.0,3362.0,5418.0,7718.0
7721.0,100.0,Kolfe Keranyo,3.0,162.0,38.66448576228889,8.981861901777028,0,1,13,47,93,110,150.0,547.0,1683.0,3362.0,5418.0,7718.0
38110.0,70.0,Kolfe Keranyo,3.0,174.0,38.66448576228889,8.981861901777028,0,1,13,47,93,110,150.0,547.0,1683.0,3362.0,5418.0,7718.0
34483.5,83.0,Kolfe Keranyo,3.0,174.0,38.66448576228889,8.981861901777028,0,1,13,47,93,110,150.0,547.0,1683.0,3362.0,5418.0,7718.0
16500.0,100.0,Kolfe Keranyo,3.0,174.0,38.66448576228889,8.981861901777028,0,1,13,47,93,110,150.0,547.0,1683.0,3362.0,5418.0,7718.0
32225.0,80.0,Kolfe Keranyo,3.0,173.0,38.66448576228889,8.981861901777028,0,1,13,47,93,110,150.0,547.0,1683.0,3362.0,5418.0,7718.0
41110.0,41.0,Kolfe Keranyo,3.0,173.0,38.66448576228889,8.981861901777028,0,1,13,47,93,110,150.0,547.0,1683.0,3362.0,5418.0,7718.0
21000.0,100.0,Kolfe Keranyo,3.0,173.0,38.66448576228889,8.981861901777028,0,1,13,47,93,110,150.0,547.0,1683.0,3362.0,5418.0,7718.0
110000.0,100.0,Kirkos,11.0,1919.0,38.74885274524131,8.999916078467555,16,73,413,790,1365,1824,133.0,560.0,2213.0,4605.0,7986.0,12000.0
60000.0,80.0,Kirkos,11.0,1919.0,38.74885274524131,8.999916078467555,16,73,413,790,1365,1824,133.0,560.0,2213.0,4605.0,7986.0,12000.0
83667.0,40.0,Kirkos,11.0,1919.0,38.74885274524131,8.999916078467555,16,73,413,790,1365,1824,133.0,560.0,2213.0,4605.0,7986.0,12000.0
35461.0,100.0,Kolfe Keranyo,11.0,141.0,38.69151415483088,9.03730402006131,1,5,22,67,199,365,175.0,594.0,1835.0,4269.0,7526.0,11036.0
35100.0,100.0,Kolfe Keranyo,11.0,141.0,38.69151415483088,9.03730402006131,1,5,22,67,199,365,175.0,594.0,1835.0,4269.0,7526.0,11036.0
32000.0,90.0,Kolfe Keranyo,11.0,141.0,38.69151415483088,9.03730402006131,1,5,22,67,199,365,175.0,594.0,1835.0,4269.0,7526.0,11036.0
26500.0,70.0,Kolfe Keranyo,11.0,266.0,38.69151415483088,9.03730402006131,1,5,22,67,199,365,175.0,594.0,1835.0,4269.0,7526.0,11036.0
11865.0,100.0,Kolfe Keranyo,11.0,266.0,38.69151415483088,9.03730402006131,1,5,22,67,199,365,175.0,594.0,1835.0,4269.0,7526.0,11036.0
14255.0,70.0,Kolfe Keranyo,11.0,266.0,38.69151415483088,9.03730402006131,1,5,22,67,199,365,175.0,594.0,1835.0,4269.0,7526.0,11036.0
26100.0,100.0,Kolfe Keranyo,11.0,227.0,38.69151415483088,9.03730402006131,1,5,22,67,199,365,175.0,594.0,1835.0,4269.0,7526.0,11036.0
18666.0,100.0,Kolfe Keranyo,11.0,227.0,38.69151415483088,9.03730402006131,1,5,22,67,199,365,175.0,594.0,1835.0,4269.0,7526.0,11036.0
11565.0,100.0,Kolfe Keranyo,11.0,227.0,38.69151415483088,9.03730402006131,1,5,22,67,199,365,175.0,594.0,1835.0,4269.0,7526.0,11036.0
30210.0,100.0,Kolfe Keranyo,2.0,137.0,38.68585867806747,8.966409373406625,0,4,51,76,167,291,102.0,308.0,1770.0,3953.0,6685.0,10117.0
25600.0,100.0,Kolfe Keranyo,2.0,137.0,38.68585867806747,8.966409373406625,0,4,51,76,167,291,102.0,308.0,1770.0,3953.0,6685.0,10117.0
24444.0,100.0,Kolfe Keranyo,2.0,137.0,38.68585867806747,8.966409373406625,0,4,51,76,167,291,102.0,308.0,1770.0,3953.0,6685.0,10117.0
26150.0,100.0,Kolfe Keranyo,3.0,159.0,38.66448576228889,8.981861901777028,0,1,13,47,93,110,150.0,547.0,1683.0,3362.0,5418.0,7718.0
19155.0,100.0,Kolfe Keranyo,3.0,159.0,38.66448576228889,8.981861901777028,0,1,13,47,93,110,150.0,547.0,1683.0,3362.0,5418.0,7718.0
22150.0,70.0,Kolfe Keranyo,3.0,159.0,38.66448576228889,8.981861901777028,0,1,13,47,93,110,150.0,547.0,1683.0,3362.0,5418.0,7718.0
21500.0,100.0,Kolfe Keranyo,3.0,189.0,38.66448576228889,8.981861901777028,0,1,13,47,93,110,150.0,547.0,1683.0,3362.0,5418.0,7718.0
20015.0,100.0,Kolfe Keranyo,3.0,189.0,38.66448576228889,8.981861901777028,0,1,13,47,93,110,150.0,547.0,1683.0,3362.0,5418.0,7718.0
18260.0,100.0,Kolfe Keranyo,3.0,189.0,38.66448576228889,8.981861901777028,0,1,13,47,93,110,150.0,547.0,1683.0,3362.0,5418.0,7718.0
45824.7,85.0,Kolfe Keranyo,3.0,161.0,38.66448576228889,8.981861901777028,0,1,13,47,93,110,150.0,547.0,1683.0,3362.0,5418.0,7718.0
24850.0,100.0,Kolfe Keranyo,3.0,161.0,38.66448576228889,8.981861901777028,0,1,13,47,93,110,150.0,547.0,1683.0,3362.0,5418.0,7718.0
21565.0,100.0,Kolfe Keranyo,3.0,161.0,38.66448576228889,8.981861901777028,0,1,13,47,93,110,150.0,547.0,1683.0,3362.0,5418.0,7718.0
33500.0,85.0,Kolfe Keranyo,3.0,180.0,38.66448576228889,8.981861901777028,0,1,13,47,93,110,150.0,547.0,1683.0,3362.0,5418.0,7718.0
30000.0,100.0,Kolfe Keranyo,3.0,180.0,38.66448576228889,8.981861901777028,0,1,13,47,93,110,150.0,547.0,1683.0,3362.0,5418.0,7718.0
22563.0,100.0,Kolfe Keranyo,3.0,180.0,38.66448576228889,8.981861901777028,0,1,13,47,93,110,150.0,547.0,1683.0,3362.0,5418.0,7718.0
85719.0,100.0,Kolfe Keranyo,7.0,128.0,38.682952902214105,9.007266440069444,5,20,41,73,143,268,301.0,980.0,2790.0,4678.0,7413.0,10417.0
73430.0,100.0,Kolfe Keranyo,7.0,128.0,38.682952902214105,9.007266440069444,5,20,41,73,143,268,301.0,980.0,2790.0,4678.0,7413.0,10417.0
62500.0,100.0,Kolfe Keranyo,7.0,128.0,38.682952902214105,9.007266440069444,5,20,41,73,143,268,301.0,980.0,2790.0,4678.0,7413.0,10417.0
81100.0,100.0,Kolfe Keranyo,7.0,87.0,38.682952902214105,9.007266440069444,5,20,41,73,143,268,301.0,980.0,2790.0,4678.0,7413.0,10417.0
66400.0,100.0,Kolfe Keranyo,7.0,87.0,38.682952902214105,9.007266440069444,5,20,41,73,143,268,301.0,980.0,2790.0,4678.0,7413.0,10417.0
55001.0,100.0,Kolfe Keranyo,7.0,87.0,38.682952902214105,9.007266440069444,5,20,41,73,143,268,301.0,980.0,2790.0,4678.0,7413.0,10417.0
86725.0,100.0,Kolfe Keranyo,7.0,89.0,38.682952902214105,9.007266440069444,5,20,41,73,143,268,301.0,980.0,2790.0,4678.0,7413.0,10417.0
110000.0,60.0,Kolfe Keranyo,7.0,89.0,38.682952902214105,9.007266440069444,5,20,41,73,143,268,301.0,980.0,2790.0,4678.0,7413.0,10417.0
72000.0,100.0,Kolfe Keranyo,7.0,89.0,38.682952902214105,9.007266440069444,5,20,41,73,143,268,301.0,980.0,2790.0,4678.0,7413.0,10417.0
86720.0,100.0,Kolfe Keranyo,7.0,111.0,38.682952902214105,9.007266440069444,5,20,41,73,143,268,301.0,980.0,2790.0,4678.0,7413.0,10417.0
81300.0,100.0,Kolfe Keranyo,7.0,111.0,38.682952902214105,9.007266440069444,5,20,41,73,143,268,301.0,980.0,2790.0,4678.0,7413.0,10417.0
93555.0,80.0,Kolfe Keranyo,7.0,111.0,38.682952902214105,9.007266440069444,5,20,41,73,143,268,301.0,980.0,2790.0,4678.0,7413.0,10417.0
111755.0,100.0,Kolfe Keranyo,7.0,104.0,38.682952902214105,9.007266440069444,5,20,41,73,143,268,301.0,980.0,2790.0,4678.0,7413.0,10417.0
92576.0,100.0,Kolfe Keranyo,7.0,104.0,38.682952902214105,9.007266440069444,5,20,41,73,143,268,301.0,980.0,2790.0,4678.0,7413.0,10417.0
137000.0,50.0,Kolfe Keranyo,7.0,104.0,38.682952902214105,9.007266440069444,5,20,41,73,143,268,301.0,980.0,2790.0,4678.0,7413.0,10417.0
126435.0,100.0,Kolfe Keranyo,7.0,84.0,38.682952902214105,9.007266440069444,5,20,41,73,143,268,301.0,980.0,2790.0,4678.0,7413.0,10417.0
110500.0,100.0,Kolfe Keranyo,7.0,84.0,38.682952902214105,9.007266440069444,5,20,41,73,143,268,301.0,980.0,2790.0,4678.0,7413.0,10417.0
96573.0,100.0,Kolfe Keranyo,7.0,84.0,38.682952902214105,9.007266440069444,5,20,41,73,143,268,301.0,980.0,2790.0,4678.0,7413.0,10417.0
156080.0,100.0,Kolfe Keranyo,7.0,167.0,38.682952902214105,9.007266440069444,5,20,41,73,143,268,301.0,980.0,2790.0,4678.0,7413.0,10417.0
132430.0,100.0,Kolfe Keranyo,7.0,167.0,38.682952902214105,9.007266440069444,5,20,41,73,143,268,301.0,980.0,2790.0,4678.0,7413.0,10417.0
132211.0,100.0,Kolfe Keranyo,7.0,167.0,38.682952902214105,9.007266440069444,5,20,41,73,143,268,301.0,980.0,2790.0,4678.0,7413.0,10417.0
135300.0,100.0,Kolfe Keranyo,7.0,186.0,38.682952902214105,9.007266440069444,5,20,41,73,143,268,301.0,980.0,2790.0,4678.0,7413.0,10417.0
107556.0,100.0,Kolfe Keranyo,7.0,186.0,38.682952902214105,9.007266440069444,5,20,41,73,143,268,301.0,980.0,2790.0,4678.0,7413.0,10417.0
101000.0,100.0,Kolfe Keranyo,7.0,186.0,38.682952902214105,9.007266440069444,5,20,41,73,143,268,301.0,980.0,2790.0,4678.0,7413.0,10417.0
23294.93,100.0,Kolfe Keranyo,7.0,217.0,38.682952902214105,9.007266440069444,5,20,41,73,143,268,301.0,980.0,2790.0,4678.0,7413.0,10417.0
16200.0,100.0,Kolfe Keranyo,7.0,217.0,38.682952902214105,9.007266440069444,5,20,41,73,143,268,301.0,980.0,2790.0,4678.0,7413.0,10417.0
15100.0,100.0,Kolfe Keranyo,7.0,217.0,38.682952902214105,9.007266440069444,5,20,41,73,143,268,301.0,980.0,2790.0,4678.0,7413.0,10417.0
22575.0,100.0,Kolfe Keranyo,3.0,226.0,38.66448576228889,8.981861901777028,0,1,13,47,93,110,150.0,547.0,1683.0,3362.0,5418.0,7718.0
18600.0,100.0,Kolfe Keranyo,3.0,226.0,38.66448576228889,8.981861901777028,0,1,13,47,93,110,150.0,547.0,1683.0,3362.0,5418.0,7718.0
20600.0,80.0,Kolfe Keranyo,3.0,226.0,38.66448576228889,8.981861901777028,0,1,13,47,93,110,150.0,547.0,1683.0,3362.0,5418.0,7718.0
21300.0,100.0,Kolfe Keranyo,3.0,188.0,38.66448576228889,8.981861901777028,0,1,13,47,93,110,150.0,547.0,1683.0,3362.0,5418.0,7718.0
33000.0,40.0,Kolfe Keranyo,3.0,188.0,38.66448576228889,8.981861901777028,0,1,13,47,93,110,150.0,547.0,1683.0,3362.0,5418.0,7718.0
16000.0,100.0,Kolfe Keranyo,3.0,188.0,38.66448576228889,8.981861901777028,0,1,13,47,93,110,150.0,547.0,1683.0,3362.0,5418.0,7718.0
46527.0,100.0,Kolfe Keranyo,5.0,309.0,38.70133998874034,8.99109133083579,0,20,69,157,325,630,137.0,567.0,2418.0,4865.0,8440.0,12430.0
42100.0,100.0,Kolfe Keranyo,5.0,309.0,38.70133998874034,8.99109133083579,0,20,69,157,325,630,137.0,567.0,2418.0,4865.0,8440.0,12430.0
40453.0,100.0,Kolfe Keranyo,5.0,309.0,38.70133998874034,8.99109133083579,0,20,69,157,325,630,137.0,567.0,2418.0,4865.0,8440.0,12430.0
43521.0,100.0,Kolfe Keranyo,5.0,283.0,38.70133998874034,8.99109133083579,0,20,69,157,325,630,137.0,567.0,2418.0,4865.0,8440.0,12430.0
39100.0,100.0,Kolfe Keranyo,5.0,283.0,38.70133998874034,8.99109133083579,0,20,69,157,325,630,137.0,567.0,2418.0,4865.0,8440.0,12430.0
38000.0,100.0,Kolfe Keranyo,5.0,283.0,38.70133998874034,8.99109133083579,0,20,69,157,325,630,137.0,567.0,2418.0,4865.0,8440.0,12430.0
35000.0,100.0,Kolfe Keranyo,3.0,199.0,38.66448576228889,8.981861901777028,0,1,13,47,93,110,150.0,547.0,1683.0,3362.0,5418.0,7718.0
28473.0,100.0,Kolfe Keranyo,3.0,199.0,38.66448576228889,8.981861901777028,0,1,13,47,93,110,150.0,547.0,1683.0,3362.0,5418.0,7718.0
25800.0,100.0,Kolfe Keranyo,3.0,199.0,38.66448576228889,8.981861901777028,0,1,13,47,93,110,150.0,547.0,1683.0,3362.0,5418.0,7718.0
29600.0,100.0,Akaki Kality,4.0,322.0,38.76162967755072,8.878099647196903,4,13,33,69,82,100,53.0,207.0,678.0,1438.0,2262.0,3466.0
29500.0,100.0,Akaki Kality,4.0,322.0,38.76162967755072,8.878099647196903,4,13,33,69,82,100,53.0,207.0,678.0,1438.0,2262.0,3466.0
28556.99,100.0,Akaki Kality,4.0,322.0,38.76162967755072,8.878099647196903,4,13,33,69,82,100,53.0,207.0,678.0,1438.0,2262.0,3466.0
55625.85,100.0,Akaki Kality,8.0,106.0,38.78234356596863,8.894001187595702,2,15,63,90,113,137,111.0,302.0,1078.0,2203.0,3577.0,5027.0
68000.0,60.0,Akaki Kality,8.0,106.0,38.78234356596863,8.894001187595702,2,15,63,90,113,137,111.0,302.0,1078.0,2203.0,3577.0,5027.0
45780.78,100.0,Akaki Kality,8.0,106.0,38.78234356596863,8.894001187595702,2,15,63,90,113,137,111.0,302.0,1078.0,2203.0,3577.0,5027.0
50125.0,100.0,Akaki Kality,8.0,104.0,38.78234356596863,8.894001187595702,2,15,63,90,113,137,111.0,302.0,1078.0,2203.0,3577.0,5027.0
47921.0,100.0,Akaki Kality,8.0,104.0,38.78234356596863,8.894001187595702,2,15,63,90,113,137,111.0,302.0,1078.0,2203.0,3577.0,5027.0
45222.0,100.0,Akaki Kality,8.0,104.0,38.78234356596863,8.894001187595702,2,15,63,90,113,137,111.0,302.0,1078.0,2203.0,3577.0,5027.0
48107.0,100.0,Akaki Kality,8.0,104.0,38.78234356596863,8.894001187595702,2,15,63,90,113,137,111.0,302.0,1078.0,2203.0,3577.0,5027.0
46070.0,100.0,Akaki Kality,8.0,104.0,38.78234356596863,8.894001187595702,2,15,63,90,113,137,111.0,302.0,1078.0,2203.0,3577.0,5027.0
43320.5,100.0,Akaki Kality,8.0,104.0,38.78234356596863,8.894001187595702,2,15,63,90,113,137,111.0,302.0,1078.0,2203.0,3577.0,5027.0
44444.0,70.0,Akaki Kality,2.0,232.0,38.80014513086449,8.84933284654248,0,2,11,28,59,77,10.0,113.0,827.0,1898.0,2690.0,3367.0
28055.0,100.0,Akaki Kality,2.0,232.0,38.80014513086449,8.84933284654248,0,2,11,28,59,77,10.0,113.0,827.0,1898.0,2690.0,3367.0
27000.0,100.0,Akaki Kality,2.0,232.0,38.80014513086449,8.84933284654248,0,2,11,28,59,77,10.0,113.0,827.0,1898.0,2690.0,3367.0
28601.99,100.0,Akaki Kality,2.0,232.0,38.80014513086449,8.84933284654248,0,2,11,28,59,77,10.0,113.0,827.0,1898.0,2690.0,3367.0
32510.0,81.0,Akaki Kality,2.0,232.0,38.80014513086449,8.84933284654248,0,2,11,28,59,77,10.0,113.0,827.0,1898.0,2690.0,3367.0
20000.0,100.0,Akaki Kality,2.0,232.0,38.80014513086449,8.84933284654248,0,2,11,28,59,77,10.0,113.0,827.0,1898.0,2690.0,3367.0
37525.0,70.0,Akaki Kality,2.0,213.0,38.80014513086449,8.84933284654248,0,2,11,28,59,77,10.0,113.0,827.0,1898.0,2690.0,3367.0
30000.0,100.0,Akaki Kality,2.0,213.0,38.80014513086449,8.84933284654248,0,2,11,28,59,77,10.0,113.0,827.0,1898.0,2690.0,3367.0
29420.19,100.0,Akaki Kality,2.0,213.0,38.80014513086449,8.84933284654248,0,2,11,28,59,77,10.0,113.0,827.0,1898.0,2690.0,3367.0
62000.0,100.0,Akaki Kality,1.0,90.0,38.79769047574577,8.871845782757074,0,8,37,73,108,121,181.0,567.0,1559.0,2513.0,3366.0,4271.0
61150.0,100.0,Akaki Kality,1.0,90.0,38.79769047574577,8.871845782757074,0,8,37,73,108,121,181.0,567.0,1559.0,2513.0,3366.0,4271.0
71600.0,75.0,Akaki Kality,1.0,90.0,38.79769047574577,8.871845782757074,0,8,37,73,108,121,181.0,567.0,1559.0,2513.0,3366.0,4271.0
22200.0,100.0,Akaki Kality,4.0,377.0,38.76162967755072,8.878099647196903,4,13,33,69,82,100,53.0,207.0,678.0,1438.0,2262.0,3466.0
25775.0,70.0,Akaki Kality,4.0,377.0,38.76162967755072,8.878099647196903,4,13,33,69,82,100,53.0,207.0,678.0,1438.0,2262.0,3466.0
15000.5,100.0,Akaki Kality,4.0,377.0,38.76162967755072,8.878099647196903,4,13,33,69,82,100,53.0,207.0,678.0,1438.0,2262.0,3466.0
34285.0,60.0,Akaki Kality,9.0,350.0,38.82570107346104,8.890751016621174,0,0,16,25,32,50,47.0,145.0,661.0,1572.0,2332.0,3051.0
25121.0,100.0,Akaki Kality,9.0,350.0,38.82570107346104,8.890751016621174,0,0,16,25,32,50,47.0,145.0,661.0,1572.0,2332.0,3051.0
23550.0,100.0,Akaki Kality,9.0,350.0,38.82570107346104,8.890751016621174,0,0,16,25,32,50,47.0,145.0,661.0,1572.0,2332.0,3051.0
26700.0,100.0,Akaki Kality,9.0,412.0,38.82570107346104,8.890751016621174,0,0,16,25,32,50,47.0,145.0,661.0,1572.0,2332.0,3051.0
24356.0,100.0,Akaki Kality,9.0,412.0,38.82570107346104,8.890751016621174,0,0,16,25,32,50,47.0,145.0,661.0,1572.0,2332.0,3051.0
20100.0,100.0,Akaki Kality,9.0,412.0,38.82570107346104,8.890751016621174,0,0,16,25,32,50,47.0,145.0,661.0,1572.0,2332.0,3051.0
33500.0,100.0,Akaki Kality,9.0,397.0,38.82570107346104,8.890751016621174,0,0,16,25,32,50,47.0,145.0,661.0,1572.0,2332.0,3051.0
25825.0,100.0,Akaki Kality,9.0,397.0,38.82570107346104,8.890751016621174,0,0,16,25,32,50,47.0,145.0,661.0,1572.0,2332.0,3051.0
25555.0,100.0,Akaki Kality,9.0,397.0,38.82570107346104,8.890751016621174,0,0,16,25,32,50,47.0,145.0,661.0,1572.0,2332.0,3051.0
27678.9,100.0,Akaki Kality,9.0,397.0,38.82570107346104,8.890751016621174,0,0,16,25,32,50,47.0,145.0,661.0,1572.0,2332.0,3051.0
34500.0,46.0,Akaki Kality,9.0,397.0,38.82570107346104,8.890751016621174,0,0,16,25,32,50,47.0,145.0,661.0,1572.0,2332.0,3051.0
30001.0,40.0,Akaki Kality,9.0,397.0,38.82570107346104,8.890751016621174,0,0,16,25,32,50,47.0,145.0,661.0,1572.0,2332.0,3051.0
40125.0,100.0,Akaki Kality,2.0,221.0,38.80014513086449,8.84933284654248,0,2,11,28,59,77,10.0,113.0,827.0,1898.0,2690.0,3367.0
34337.0,100.0,Akaki Kality,2.0,221.0,38.80014513086449,8.84933284654248,0,2,11,28,59,77,10.0,113.0,827.0,1898.0,2690.0,3367.0
33823.0,100.0,Akaki Kality,2.0,221.0,38.80014513086449,8.84933284654248,0,2,11,28,59,77,10.0,113.0,827.0,1898.0,2690.0,3367.0
35555.5,100.0,Akaki Kality,9.0,404.0,38.82570107346104,8.890751016621174,0,0,16,25,32,50,47.0,145.0,661.0,1572.0,2332.0,3051.0
30100.0,100.0,Akaki Kality,9.0,404.0,38.82570107346104,8.890751016621174,0,0,16,25,32,50,47.0,145.0,661.0,1572.0,2332.0,3051.0
23785.0,100.0,Akaki Kality,9.0,404.0,38.82570107346104,8.890751016621174,0,0,16,25,32,50,47.0,145.0,661.0,1572.0,2332.0,3051.0
28877.0,100.0,Akaki Kality,8.0,239.0,38.78234356596863,8.894001187595702,2,15,63,90,113,137,111.0,302.0,1078.0,2203.0,3577.0,5027.0
42000.0,50.0,Akaki Kality,8.0,239.0,38.78234356596863,8.894001187595702,2,15,63,90,113,137,111.0,302.0,1078.0,2203.0,3577.0,5027.0
27721.0,100.0,Akaki Kality,8.0,239.0,38.78234356596863,8.894001187595702,2,15,63,90,113,137,111.0,302.0,1078.0,2203.0,3577.0,5027.0
32315.0,100.0,Akaki Kality,8.0,233.0,38.78234356596863,8.894001187595702,2,15,63,90,113,137,111.0,302.0,1078.0,2203.0,3577.0,5027.0
29377.0,100.0,Akaki Kality,8.0,233.0,38.78234356596863,8.894001187595702,2,15,63,90,113,137,111.0,302.0,1078.0,2203.0,3577.0,5027.0
26875.0,100.0,Akaki Kality,8.0,233.0,38.78234356596863,8.894001187595702,2,15,63,90,113,137,111.0,302.0,1078.0,2203.0,3577.0,5027.0
29113.0,100.0,Akaki Kality,8.0,344.0,38.78234356596863,8.894001187595702,2,15,63,90,113,137,111.0,302.0,1078.0,2203.0,3577.0,5027.0
41100.0,50.0,Akaki Kality,8.0,344.0,38.78234356596863,8.894001187595702,2,15,63,90,113,137,111.0,302.0,1078.0,2203.0,3577.0,5027.0
35000.0,71.0,Akaki Kality,8.0,344.0,38.78234356596863,8.894001187595702,2,15,63,90,113,137,111.0,302.0,1078.0,2203.0,3577.0,5027.0
31555.5,100.0,Akaki Kality,9.0,200.0,38.82570107346104,8.890751016621174,0,0,16,25,32,50,47.0,145.0,661.0,1572.0,2332.0,3051.0
30219.0,100.0,Akaki Kality,9.0,200.0,38.82570107346104,8.890751016621174,0,0,16,25,32,50,47.0,145.0,661.0,1572.0,2332.0,3051.0
32600.0,80.0,Akaki Kality,9.0,200.0,38.82570107346104,8.890751016621174,0,0,16,25,32,50,47.0,145.0,661.0,1572.0,2332.0,3051.0
31000.0,100.0,Akaki Kality,9.0,200.0,38.82570107346104,8.890751016621174,0,0,16,25,32,50,47.0,145.0,661.0,1572.0,2332.0,3051.0
32600.0,80.0,Akaki Kality,9.0,200.0,38.82570107346104,8.890751016621174,0,0,16,25,32,50,47.0,145.0,661.0,1572.0,2332.0,3051.0
34500.0,70.0,Akaki Kality,9.0,200.0,38.82570107346104,8.890751016621174,0,0,16,25,32,50,47.0,145.0,661.0,1572.0,2332.0,3051.0
27890.99,100.0,Akaki Kality,9.0,200.0,38.82570107346104,8.890751016621174,0,0,16,25,32,50,47.0,145.0,661.0,1572.0,2332.0,3051.0
32600.0,80.0,Akaki Kality,9.0,200.0,38.82570107346104,8.890751016621174,0,0,16,25,32,50,47.0,145.0,661.0,1572.0,2332.0,3051.0
27521.0,100.0,Akaki Kality,9.0,200.0,38.82570107346104,8.890751016621174,0,0,16,25,32,50,47.0,145.0,661.0,1572.0,2332.0,3051.0
34700.0,100.0,Akaki Kality,9.0,200.0,38.82570107346104,8.890751016621174,0,0,16,25,32,50,47.0,145.0,661.0,1572.0,2332.0,3051.0
31425.0,100.0,Akaki Kality,9.0,200.0,38.82570107346104,8.890751016621174,0,0,16,25,32,50,47.0,145.0,661.0,1572.0,2332.0,3051.0
29570.0,100.0,Akaki Kality,9.0,200.0,38.82570107346104,8.890751016621174,0,0,16,25,32,50,47.0,145.0,661.0,1572.0,2332.0,3051.0
29999.0,100.0,Akaki Kality,9.0,200.0,38.82570107346104,8.890751016621174,0,0,16,25,32,50,47.0,145.0,661.0,1572.0,2332.0,3051.0
26629.0,100.0,Akaki Kality,9.0,200.0,38.82570107346104,8.890751016621174,0,0,16,25,32,50,47.0,145.0,661.0,1572.0,2332.0,3051.0
24121.0,100.0,Akaki Kality,9.0,200.0,38.82570107346104,8.890751016621174,0,0,16,25,32,50,47.0,145.0,661.0,1572.0,2332.0,3051.0
27580.0,100.0,Akaki Kality,9.0,275.0,38.82570107346104,8.890751016621174,0,0,16,25,32,50,47.0,145.0,661.0,1572.0,2332.0,3051.0
26775.0,100.0,Akaki Kality,9.0,275.0,38.82570107346104,8.890751016621174,0,0,16,25,32,50,47.0,145.0,661.0,1572.0,2332.0,3051.0
25899.0,100.0,Akaki Kality,9.0,275.0,38.82570107346104,8.890751016621174,0,0,16,25,32,50,47.0,145.0,661.0,1572.0,2332.0,3051.0
31221.0,100.0,Akaki Kality,9.0,272.0,38.82570107346104,8.890751016621174,0,0,16,25,32,50,47.0,145.0,661.0,1572.0,2332.0,3051.0
29999.0,100.0,Akaki Kality,9.0,272.0,38.82570107346104,8.890751016621174,0,0,16,25,32,50,47.0,145.0,661.0,1572.0,2332.0,3051.0
26839.55,100.0,Akaki Kality,9.0,272.0,38.82570107346104,8.890751016621174,0,0,16,25,32,50,47.0,145.0,661.0,1572.0,2332.0,3051.0
33150.0,100.0,Akaki Kality,9.0,200.0,38.82570107346104,8.890751016621174,0,0,16,25,32,50,47.0,145.0,661.0,1572.0,2332.0,3051.0
31000.0,100.0,Akaki Kality,9.0,200.0,38.82570107346104,8.890751016621174,0,0,16,25,32,50,47.0,145.0,661.0,1572.0,2332.0,3051.0
27500.0,100.0,Akaki Kality,9.0,200.0,38.82570107346104,8.890751016621174,0,0,16,25,32,50,47.0,145.0,661.0,1572.0,2332.0,3051.0
34500.0,100.0,Akaki Kality,9.0,200.0,38.82570107346104,8.890751016621174,0,0,16,25,32,50,47.0,145.0,661.0,1572.0,2332.0,3051.0
31500.0,100.0,Akaki Kality,9.0,200.0,38.82570107346104,8.890751016621174,0,0,16,25,32,50,47.0,145.0,661.0,1572.0,2332.0,3051.0
36000.0,70.0,Akaki Kality,9.0,200.0,38.82570107346104,8.890751016621174,0,0,16,25,32,50,47.0,145.0,661.0,1572.0,2332.0,3051.0
27890.0,100.0,Akaki Kality,9.0,200.0,38.82570107346104,8.890751016621174,0,0,16,25,32,50,47.0,145.0,661.0,1572.0,2332.0,3051.0
27888.0,100.0,Akaki Kality,9.0,200.0,38.82570107346104,8.890751016621174,0,0,16,25,32,50,47.0,145.0,661.0,1572.0,2332.0,3051.0
30001.0,80.0,Akaki Kality,9.0,200.0,38.82570107346104,8.890751016621174,0,0,16,25,32,50,47.0,145.0,661.0,1572.0,2332.0,3051.0
45565.25,100.0,Akaki Kality,9.0,200.0,38.82570107346104,8.890751016621174,0,0,16,25,32,50,47.0,145.0,661.0,1572.0,2332.0,3051.0
33033.0,100.0,Akaki Kality,9.0,200.0,38.82570107346104,8.890751016621174,0,0,16,25,32,50,47.0,145.0,661.0,1572.0,2332.0,3051.0
32200.0,100.0,Akaki Kality,9.0,200.0,38.82570107346104,8.890751016621174,0,0,16,25,32,50,47.0,145.0,661.0,1572.0,2332.0,3051.0
44923.86,100.0,Akaki Kality,9.0,197.0,38.82570107346104,8.890751016621174,0,0,16,25,32,50,47.0,145.0,661.0,1572.0,2332.0,3051.0
29621.0,100.0,Akaki Kality,9.0,197.0,38.82570107346104,8.890751016621174,0,0,16,25,32,50,47.0,145.0,661.0,1572.0,2332.0,3051.0
28337.0,100.0,Akaki Kality,9.0,197.0,38.82570107346104,8.890751016621174,0,0,16,25,32,50,47.0,145.0,661.0,1572.0,2332.0,3051.0
30156.0,100.0,Akaki Kality,1.0,500.0,38.79769047574577,8.871845782757074,0,8,37,73,108,121,181.0,567.0,1559.0,2513.0,3366.0,4271.0
28400.0,100.0,Akaki Kality,1.0,500.0,38.79769047574577,8.871845782757074,0,8,37,73,108,121,181.0,567.0,1559.0,2513.0,3366.0,4271.0
27500.0,100.0,Akaki Kality,1.0,500.0,38.79769047574577,8.871845782757074,0,8,37,73,108,121,181.0,567.0,1559.0,2513.0,3366.0,4271.0
32750.0,100.0,Akaki Kality,1.0,400.0,38.79769047574577,8.871845782757074,0,8,37,73,108,121,181.0,567.0,1559.0,2513.0,3366.0,4271.0
32510.0,100.0,Akaki Kality,1.0,400.0,38.79769047574577,8.871845782757074,0,8,37,73,108,121,181.0,567.0,1559.0,2513.0,3366.0,4271.0
28600.0,100.0,Akaki Kality,1.0,400.0,38.79769047574577,8.871845782757074,0,8,37,73,108,121,181.0,567.0,1559.0,2513.0,3366.0,4271.0
62050.0,100.0,Gulele,7.0,171.0,38.73876325393147,9.070532817420135,2,9,41,162,313,615,181.0,563.0,1646.0,3095.0,4875.0,7364.0
52701.0,100.0,Gulele,7.0,171.0,38.73876325393147,9.070532817420135,2,9,41,162,313,615,181.0,563.0,1646.0,3095.0,4875.0,7364.0
51100.0,100.0,Gulele,7.0,171.0,38.73876325393147,9.070532817420135,2,9,41,162,313,615,181.0,563.0,1646.0,3095.0,4875.0,7364.0
52600.0,100.0,Gulele,7.0,175.0,38.73876325393147,9.070532817420135,2,9,41,162,313,615,181.0,563.0,1646.0,3095.0,4875.0,7364.0
50050.0,100.0,Gulele,7.0,175.0,38.73876325393147,9.070532817420135,2,9,41,162,313,615,181.0,563.0,1646.0,3095.0,4875.0,7364.0
50000.0,100.0,Gulele,7.0,175.0,38.73876325393147,9.070532817420135,2,9,41,162,313,615,181.0,563.0,1646.0,3095.0,4875.0,7364.0
54250.0,100.0,Gulele,7.0,176.0,38.73876325393147,9.070532817420135,2,9,41,162,313,615,181.0,563.0,1646.0,3095.0,4875.0,7364.0
50421.0,100.0,Gulele,7.0,176.0,38.73876325393147,9.070532817420135,2,9,41,162,313,615,181.0,563.0,1646.0,3095.0,4875.0,7364.0
46156.0,100.0,Gulele,7.0,176.0,38.73876325393147,9.070532817420135,2,9,41,162,313,615,181.0,563.0,1646.0,3095.0,4875.0,7364.0
47500.0,100.0,Gulele,7.0,210.0,38.73876325393147,9.070532817420135,2,9,41,162,313,615,181.0,563.0,1646.0,3095.0,4875.0,7364.0
61200.0,60.0,Gulele,7.0,210.0,38.73876325393147,9.070532817420135,2,9,41,162,313,615,181.0,563.0,1646.0,3095.0,4875.0,7364.0
44600.0,100.0,Gulele,7.0,210.0,38.73876325393147,9.070532817420135,2,9,41,162,313,615,181.0,563.0,1646.0,3095.0,4875.0,7364.0
62244.0,100.0,Gulele,7.0,227.0,38.73876325393147,9.070532817420135,2,9,41,162,313,615,181.0,563.0,1646.0,3095.0,4875.0,7364.0
41200.0,100.0,Gulele,7.0,227.0,38.73876325393147,9.070532817420135,2,9,41,162,313,615,181.0,563.0,1646.0,3095.0,4875.0,7364.0
37555.0,100.0,Gulele,7.0,227.0,38.73876325393147,9.070532817420135,2,9,41,162,313,615,181.0,563.0,1646.0,3095.0,4875.0,7364.0
50847.0,100.0,Gulele,7.0,236.0,38.73876325393147,9.070532817420135,2,9,41,162,313,615,181.0,563.0,1646.0,3095.0,4875.0,7364.0
50700.0,100.0,Gulele,7.0,236.0,38.73876325393147,9.070532817420135,2,9,41,162,313,615,181.0,563.0,1646.0,3095.0,4875.0,7364.0
47127.0,100.0,Gulele,7.0,236.0,38.73876325393147,9.070532817420135,2,9,41,162,313,615,181.0,563.0,1646.0,3095.0,4875.0,7364.0
47127.0,100.0,Gulele,7.0,145.0,38.73876325393147,9.070532817420135,2,9,41,162,313,615,181.0,563.0,1646.0,3095.0,4875.0,7364.0
48000.0,80.0,Gulele,7.0,145.0,38.73876325393147,9.070532817420135,2,9,41,162,313,615,181.0,563.0,1646.0,3095.0,4875.0,7364.0
54719.0,60.0,Gulele,7.0,145.0,38.73876325393147,9.070532817420135,2,9,41,162,313,615,181.0,563.0,1646.0,3095.0,4875.0,7364.0
67000.0,100.0,Gulele,7.0,255.0,38.73876325393147,9.070532817420135,2,9,41,162,313,615,181.0,563.0,1646.0,3095.0,4875.0,7364.0
51050.0,100.0,Gulele,7.0,255.0,38.73876325393147,9.070532817420135,2,9,41,162,313,615,181.0,563.0,1646.0,3095.0,4875.0,7364.0
68800.0,50.0,Gulele,7.0,255.0,38.73876325393147,9.070532817420135,2,9,41,162,313,615,181.0,563.0,1646.0,3095.0,4875.0,7364.0
71343.88,100.0,Gulele,7.0,253.0,38.73876325393147,9.070532817420135,2,9,41,162,313,615,181.0,563.0,1646.0,3095.0,4875.0,7364.0
67000.0,100.0,Gulele,7.0,253.0,38.73876325393147,9.070532817420135,2,9,41,162,313,615,181.0,563.0,1646.0,3095.0,4875.0,7364.0
53377.0,100.0,Gulele,7.0,253.0,38.73876325393147,9.070532817420135,2,9,41,162,313,615,181.0,563.0,1646.0,3095.0,4875.0,7364.0
47157.0,100.0,Gulele,7.0,247.0,38.73876325393147,9.070532817420135,2,9,41,162,313,615,181.0,563.0,1646.0,3095.0,4875.0,7364.0
46000.0,100.0,Gulele,7.0,247.0,38.73876325393147,9.070532817420135,2,9,41,162,313,615,181.0,563.0,1646.0,3095.0,4875.0,7364.0
44215.0,100.0,Gulele,7.0,247.0,38.73876325393147,9.070532817420135,2,9,41,162,313,615,181.0,563.0,1646.0,3095.0,4875.0,7364.0
67199.99,77.0,Gulele,7.0,143.0,38.73876325393147,9.070532817420135,2,9,41,162,313,615,181.0,563.0,1646.0,3095.0,4875.0,7364.0
47600.0,100.0,Gulele,7.0,143.0,38.73876325393147,9.070532817420135,2,9,41,162,313,615,181.0,563.0,1646.0,3095.0,4875.0,7364.0
47397.04,100.0,Gulele,7.0,143.0,38.73876325393147,9.070532817420135,2,9,41,162,313,615,181.0,563.0,1646.0,3095.0,4875.0,7364.0
52888.0,100.0,Gulele,7.0,144.0,38.73876325393147,9.070532817420135,2,9,41,162,313,615,181.0,563.0,1646.0,3095.0,4875.0,7364.0
44210.0,100.0,Gulele,7.0,144.0,38.73876325393147,9.070532817420135,2,9,41,162,313,615,181.0,563.0,1646.0,3095.0,4875.0,7364.0
41000.0,100.0,Gulele,7.0,144.0,38.73876325393147,9.070532817420135,2,9,41,162,313,615,181.0,563.0,1646.0,3095.0,4875.0,7364.0
71900.0,100.0,Gulele,7.0,145.0,38.73876325393147,9.070532817420135,2,9,41,162,313,615,181.0,563.0,1646.0,3095.0,4875.0,7364.0
57600.0,100.0,Gulele,7.0,145.0,38.73876325393147,9.070532817420135,2,9,41,162,313,615,181.0,563.0,1646.0,3095.0,4875.0,7364.0
55777.0,100.0,Gulele,7.0,145.0,38.73876325393147,9.070532817420135,2,9,41,162,313,615,181.0,563.0,1646.0,3095.0,4875.0,7364.0
70300.0,100.0,Gulele,7.0,147.0,38.73876325393147,9.070532817420135,2,9,41,162,313,615,181.0,563.0,1646.0,3095.0,4875.0,7364.0
57723.0,100.0,Gulele,7.0,147.0,38.73876325393147,9.070532817420135,2,9,41,162,313,615,181.0,563.0,1646.0,3095.0,4875.0,7364.0
56006.8,100.0,Gulele,7.0,147.0,38.73876325393147,9.070532817420135,2,9,41,162,313,615,181.0,563.0,1646.0,3095.0,4875.0,7364.0
71177.0,100.0,Gulele,7.0,148.0,38.73876325393147,9.070532817420135,2,9,41,162,313,615,181.0,563.0,1646.0,3095.0,4875.0,7364.0
70021.0,100.0,Gulele,7.0,148.0,38.73876325393147,9.070532817420135,2,9,41,162,313,615,181.0,563.0,1646.0,3095.0,4875.0,7364.0
69800.0,100.0,Gulele,7.0,148.0,38.73876325393147,9.070532817420135,2,9,41,162,313,615,181.0,563.0,1646.0,3095.0,4875.0,7364.0
60100.0,100.0,Gulele,7.0,233.0,38.73876325393147,9.070532817420135,2,9,41,162,313,615,181.0,563.0,1646.0,3095.0,4875.0,7364.0
52001.0,100.0,Gulele,7.0,233.0,38.73876325393147,9.070532817420135,2,9,41,162,313,615,181.0,563.0,1646.0,3095.0,4875.0,7364.0
50110.0,100.0,Gulele,7.0,233.0,38.73876325393147,9.070532817420135,2,9,41,162,313,615,181.0,563.0,1646.0,3095.0,4875.0,7364.0
29211.0,100.0,Yeka,10.0,281.0,38.81551144932411,9.05976397126058,0,0,2,12,79,355,47.0,101.0,427.0,1076.0,2480.0,4902.0
30000.0,70.0,Yeka,10.0,281.0,38.81551144932411,9.05976397126058,0,0,2,12,79,355,47.0,101.0,427.0,1076.0,2480.0,4902.0
21355.0,100.0,Yeka,10.0,281.0,38.81551144932411,9.05976397126058,0,0,2,12,79,355,47.0,101.0,427.0,1076.0,2480.0,4902.0
36219.0,100.0,Yeka,2.0,498.0,38.78680927570764,9.061841689857951,1,1,18,109,328,612,120.0,262.0,831.0,1628.0,3208.0,5747.0
35830.0,100.0,Yeka,2.0,498.0,38.78680927570764,9.061841689857951,1,1,18,109,328,612,120.0,262.0,831.0,1628.0,3208.0,5747.0
25000.0,100.0,Yeka,2.0,498.0,38.78680927570764,9.061841689857951,1,1,18,109,328,612,120.0,262.0,831.0,1628.0,3208.0,5747.0
41216.27,100.0,Yeka,2.0,385.0,38.78680927570764,9.061841689857951,1,1,18,109,328,612,120.0,262.0,831.0,1628.0,3208.0,5747.0
28100.0,100.0,Yeka,2.0,385.0,38.78680927570764,9.061841689857951,1,1,18,109,328,612,120.0,262.0,831.0,1628.0,3208.0,5747.0
31000.0,60.0,Yeka,2.0,385.0,38.78680927570764,9.061841689857951,1,1,18,109,328,612,120.0,262.0,831.0,1628.0,3208.0,5747.0
48600.0,100.0,Yeka,2.0,300.0,38.78680927570764,9.061841689857951,1,1,18,109,328,612,120.0,262.0,831.0,1628.0,3208.0,5747.0
27321.5,100.0,Yeka,2.0,300.0,38.78680927570764,9.061841689857951,1,1,18,109,328,612,120.0,262.0,831.0,1628.0,3208.0,5747.0
27100.0,100.0,Yeka,2.0,300.0,38.78680927570764,9.061841689857951,1,1,18,109,328,612,120.0,262.0,831.0,1628.0,3208.0,5747.0
33333.33,100.0,Yeka,2.0,270.0,38.78680927570764,9.061841689857951,1,1,18,109,328,612,120.0,262.0,831.0,1628.0,3208.0,5747.0
26000.0,100.0,Yeka,2.0,270.0,38.78680927570764,9.061841689857951,1,1,18,109,328,612,120.0,262.0,831.0,1628.0,3208.0,5747.0
21000.0,100.0,Yeka,2.0,270.0,38.78680927570764,9.061841689857951,1,1,18,109,328,612,120.0,262.0,831.0,1628.0,3208.0,5747.0
57165.0,100.0,Yeka,2.0,251.0,38.78680927570764,9.061841689857951,1,1,18,109,328,612,120.0,262.0,831.0,1628.0,3208.0,5747.0
51276.19,100.0,Yeka,2.0,251.0,38.78680927570764,9.061841689857951,1,1,18,109,328,612,120.0,262.0,831.0,1628.0,3208.0,5747.0
50216.0,100.0,Yeka,2.0,251.0,38.78680927570764,9.061841689857951,1,1,18,109,328,612,120.0,262.0,831.0,1628.0,3208.0,5747.0
34000.0,70.0,Yeka,2.0,263.0,38.78680927570764,9.061841689857951,1,1,18,109,328,612,120.0,262.0,831.0,1628.0,3208.0,5747.0
25600.0,100.0,Yeka,2.0,263.0,38.78680927570764,9.061841689857951,1,1,18,109,328,612,120.0,262.0,831.0,1628.0,3208.0,5747.0
25110.0,100.0,Yeka,2.0,263.0,38.78680927570764,9.061841689857951,1,1,18,109,328,612,120.0,262.0,831.0,1628.0,3208.0,5747.0
24000.0,55.0,Yeka,2.0,496.0,38.78680927570764,9.061841689857951,1,1,18,109,328,612,120.0,262.0,831.0,1628.0,3208.0,5747.0
23750.0,50.0,Yeka,2.0,496.0,38.78680927570764,9.061841689857951,1,1,18,109,328,612,120.0,262.0,831.0,1628.0,3208.0,5747.0
15200.0,100.0,Yeka,2.0,496.0,38.78680927570764,9.061841689857951,1,1,18,109,328,612,120.0,262.0,831.0,1628.0,3208.0,5747.0
35539.0,100.0,Yeka,2.0,376.0,38.78680927570764,9.061841689857951,1,1,18,109,328,612,120.0,262.0,831.0,1628.0,3208.0,5747.0
35000.0,100.0,Yeka,2.0,376.0,38.78680927570764,9.061841689857951,1,1,18,109,328,612,120.0,262.0,831.0,1628.0,3208.0,5747.0
33333.33,100.0,Yeka,2.0,376.0,38.78680927570764,9.061841689857951,1,1,18,109,328,612,120.0,262.0,831.0,1628.0,3208.0,5747.0
52000.0,100.0,Yeka,2.0,165.0,38.78680927570764,9.061841689857951,1,1,18,109,328,612,120.0,262.0,831.0,1628.0,3208.0,5747.0
46517.09,100.0,Yeka,2.0,165.0,38.78680927570764,9.061841689857951,1,1,18,109,328,612,120.0,262.0,831.0,1628.0,3208.0,5747.0
45827.25,100.0,Yeka,2.0,165.0,38.78680927570764,9.061841689857951,1,1,18,109,328,612,120.0,262.0,831.0,1628.0,3208.0,5747.0
61223.21,100.0,Yeka,2.0,92.0,38.78680927570764,9.061841689857951,1,1,18,109,328,612,120.0,262.0,831.0,1628.0,3208.0,5747.0
56350.6,100.0,Yeka,2.0,92.0,38.78680927570764,9.061841689857951,1,1,18,109,328,612,120.0,262.0,831.0,1628.0,3208.0,5747.0
55060.0,100.0,Yeka,2.0,92.0,38.78680927570764,9.061841689857951,1,1,18,109,328,612,120.0,262.0,831.0,1628.0,3208.0,5747.0
