price_per_sqm,down_payment_pct,subcity,district,sqm
93460.0,40.0,Kolfe Keranyo,3.0,214.0
36100.0,100.0,Kolfe Keranyo,3.0,214.0
56545.0,61.0,Kolfe Keranyo,3.0,214.0
45800.0,100.0,Kolfe Keranyo,3.0,546.0
51999.0,52.0,Kolfe Keranyo,3.0,546.0
33000.0,100.0,Kolfe Keranyo,3.0,546.0
110000.0,100.0,Kolfe Keranyo,7.0,134.0
75000.0,100.0,Kolfe Keranyo,7.0,134.0
56101.0,100.0,Kolfe Keranyo,7.0,134.0
72500.0,100.0,Kolfe Keranyo,7.0,120.0
101023.0,50.0,Kolfe Keranyo,7.0,120.0
65600.0,100.0,Kolfe Keranyo,7.0,120.0
51857.0,100.0,Kolfe Keranyo,3.0,106.0
45100.0,90.0,Kolfe Keranyo,3.0,106.0
33100.0,100.0,Kolfe Keranyo,3.0,106.0
39125.0,100.0,Kolfe Keranyo,3.0,134.0
37857.0,100.0,Kolfe Keranyo,3.0,134.0
52001.0,40.0,Kolfe Keranyo,3.0,134.0
470422.54,40.0,Kirkos,2.0,213.0
464788.73,40.0,Kirkos,2.0,213.0
123123.0,100.0,Kirkos,2.0,213.0
77355.0,61.0,Yeka,10.0,518.0
70209.99,56.0,Yeka,10.0,518.0
28889.0,100.0,Yeka,10.0,518.0
35488.0,90.0,Yeka,10.0,490.0
47770.0,50.0,Yeka,10.0,490.0
31200.0,100.0,Yeka,10.0,490.0
55550.0,70.0,Gulele,7.0,288.0
63885.45,40.0,Gulele,7.0,288.0
35601.0,100.0,Gulele,7.0,288.0
100006.0,40.0,Gulele,7.0,131.0
45000.0,100.0,Gulele,7.0,131.0
35500.0,100.0,Gulele,7.0,131.0
78830.0,100.0,Bole,12.0,444.0
107000.0,60.0,Bole,12.0,444.0
67568.0,100.0,Bole,12.0,444.0
181102.36,50.0,Lideta,4.0,127.0
170500.0,52.0,Lideta,4.0,127.0
103333.33,100.0,Lideta,4.0,127.0
46000.0,100.0,Lideta,6.0,297.0
51750.0,55.0,Lideta,6.0,297.0
32000.0,100.0,Lideta,6.0,297.0
70000.0,100.0,Lideta,10.0,199.0
101998.99,40.0,Lideta,10.0,199.0
33500.0,100.0,Lideta,10.0,199.0
45600.0,75.0,Akaki Kality,4.0,406.0
35800.0,100.0,Akaki Kality,4.0,406.0
11200.0,100.0,Akaki Kality,4.0,406.0
40100.0,40.0,Akaki Kality,4.0,523.0
18150.0,100.0,Akaki Kality,4.0,523.0
16561.0,60.0,Akaki Kality,4.0,523.0
49500.0,100.0,Akaki Kality,1.0,194.0
46392.0,100.0,Akaki Kality,1.0,194.0
75000.0,41.0,Akaki Kality,1.0,194.0
42151.0,100.0,Akaki Kality,1.0,233.0
20150.0,100.0,Akaki Kality,1.0,233.0
20850.0,81.0,Akaki Kality,1.0,233.0
51777.0,41.0,Akaki Kality,1.0,231.0
39000.0,75.0,Akaki Kality,1.0,231.0
29000.0,100.0,Akaki Kality,1.0,231.0
28570.0,100.0,Akaki Kality,1.0,229.0
32164.0,51.0,Akaki Kality,1.0,229.0
26900.0,60.0,Akaki Kality,1.0,229.0
37001.0,100.0,Akaki Kality,1.0,282.0
51100.0,40.0,Akaki Kality,1.0,282.0
29000.0,100.0,Akaki Kality,1.0,282.0
50550.0,70.0,Akaki Kality,1.0,282.0
34230.0,100.0,Akaki Kality,1.0,282.0
44680.85,65.08,Akaki Kality,1.0,282.0
61490.0,60.0,Akaki Kality,1.0,235.0
40500.0,100.0,Akaki Kality,1.0,235.0
36421.2,100.0,Akaki Kality,1.0,235.0
38500.0,75.0,Akaki Kality,1.0,235.0
21800.0,100.0,Akaki Kality,1.0,235.0
25744.4,83.0,Akaki Kality,1.0,235.0
45700.0,40.0,Akaki Kality,1.0,235.0
27005.0,100.0,Akaki Kality,1.0,235.0
22100.0,100.0,Akaki Kality,1.0,235.0
51000.0,50.0,Akaki Kality,1.0,244.0
23800.0,100.0,Akaki Kality,1.0,244.0
23000.0,100.0,Akaki Kality,1.0,244.0
61990.0,40.0,Akaki Kality,1.0,245.0
32333.0,100.0,Akaki Kality,1.0,245.0
22200.0,100.0,Akaki Kality,1.0,245.0
64400.0,89.0,Akaki Kality,1.0,500.0
56099.0,100.0,Akaki Kality,1.0,500.0
43000.0,100.0,Akaki Kality,1.0,500.0
60400.0,95.0,Akaki Kality,1.0,500.0
56400.0,66.0,Akaki Kality,1.0,500.0
42000.0,100.0,Akaki Kality,1.0,500.0
53963.0,100.0,Akaki Kality,1.0,500.0
56300.0,93.07,Akaki Kality,1.0,500.0
56200.0,63.0,Akaki Kality,1.0,500.0
51999.0,100.0,Akaki Kality,1.0,500.0
56300.0,64.0,Akaki Kality,1.0,500.0
33689.0,100.0,Akaki Kality,1.0,500.0
43680.0,100.0,Akaki Kality,1.0,245.0
43265.3,77.36,Akaki Kality,1.0,245.0
45099.0,43.0,Akaki Kality,1.0,245.0
31199.5,100.0,Akaki Kality,1.0,246.0
27350.0,100.0,Akaki Kality,1.0,246.0
41275.9,46.0,Akaki Kality,1.0,246.0
27512.0,40.0,Akaki Kality,1.0,247.0
12999.9,70.0,Akaki Kality,1.0,247.0
6005.0,40.0,Akaki Kality,1.0,247.0
25505.0,100.0,Akaki Kality,1.0,247.0
22600.0,100.0,Akaki Kality,1.0,247.0
22500.0,70.0,Akaki Kality,1.0,247.0
87000.0,40.0,Akaki Kality,1.0,248.0
38450.0,100.0,Akaki Kality,1.0,248.0
25505.0,100.0,Akaki Kality,1.0,248.0
70000.0,42.0,Akaki Kality,1.0,250.0
40125.0,100.0,Akaki Kality,1.0,250.0
40100.0,100.0,Akaki Kality,1.0,250.0
55820.28,60.0,Akaki Kality,1.0,500.0
30200.0,100.0,Akaki Kality,1.0,500.0
28111.0,100.0,Akaki Kality,1.0,500.0
52200.0,78.16,Akaki Kality,1.0,500.0
62100.0,40.0,Akaki Kality,1.0,500.0
55930.2,50.0,Akaki Kality,1.0,500.0
311000.0,100.0,Arada,1.0,977.0
350000.0,50.0,Arada,1.0,977.0
125150.0,100.0,Arada,1.0,977.0
153847.0,100.0,Arada,1.0,650.0
212000.0,40.0,Arada,1.0,650.0
112000.0,100.0,Arada,1.0,650.0
240000.0,50.0,Arada,1.0,789.0
253500.0,40.0,Arada,1.0,789.0
141200.0,100.0,Arada,1.0,789.0
298511.0,51.0,Arada,1.0,723.0
138330.0,100.0,Arada,1.0,723.0
195024.0,40.0,Arada,1.0,723.0
128000.0,50.0,Arada,5.0,2179.0
100500.0,50.0,Arada,5.0,2179.0
80000.0,60.0,Arada,5.0,2179.0
70900.0,100.0,Arada,5.0,2064.0
47500.0,40.0,Arada,5.0,2064.0
43500.0,40.0,Arada,5.0,2064.0
89963.0,100.0,Arada,5.0,1819.0
43900.0,80.0,Arada,5.0,1819.0
52022.0,42.0,Arada,5.0,1819.0
125500.0,50.0,Arada,5.0,1994.0
83000.0,100.0,Arada,5.0,1994.0
80000.0,100.0,Arada,5.0,1994.0
119000.0,40.0,Arada,5.0,1293.0
52020.0,55.0,Arada,5.0,1293.0
6003.12,40.0,Arada,5.0,1293.0
127777.0,40.0,Arada,5.0,1273.0
50100.0,100.0,Arada,5.0,1273.0
40500.0,100.0,Arada,5.0,1273.0
125927.13,50.0,Arada,5.0,729.0
62010.0,100.0,Arada,5.0,729.0
102656.0,40.0,Arada,5.0,729.0
121513.0,100.0,Arada,1.0,907.0
113456.23,100.0,Arada,1.0,907.0
131000.0,50.0,Arada,1.0,907.0
213000.0,40.0,Arada,1.0,1400.0
91200.0,100.0,Arada,1.0,1400.0
57200.0,100.0,Arada,1.0,1400.0
264000.0,40.0,Arada,1.0,1384.0
116000.0,100.0,Arada,1.0,1384.0
86800.0,100.0,Arada,1.0,1384.0
266000.0,40.0,Arada,1.0,951.0
91600.0,100.0,Arada,1.0,951.0
87791.69,100.0,Arada,1.0,951.0
263000.0,40.0,Arada,1.0,942.0
131515.0,100.0,Arada,1.0,942.0
123422.59,100.0,Arada,1.0,942.0
330000.0,40.0,Arada,1.0,1891.0
325500.0,40.0,Arada,1.0,1891.0
165900.0,100.0,Arada,1.0,1891.0
120500.0,52.0,Arada,1.0,1174.0
101000.0,60.0,Arada,1.0,1174.0
100100.0,55.0,Arada,1.0,1174.0
101000.0,40.0,Arada,1.0,1240.0
90000.1,50.5,Arada,1.0,1240.0
71010.0,60.0,Arada,1.0,1240.0
102213.25,100.0,Arada,1.0,1585.0
100100.0,50.0,Arada,1.0,1585.0
42920.0,100.0,Arada,1.0,1585.0
60000.0,100.0,Addis Ketema,14.0,149.0
55155.0,100.0,Addis Ketema,14.0,149.0
45100.0,100.0,Addis Ketema,14.0,149.0
62300.0,60.0,Addis Ketema,14.0,174.0
40230.5,100.0,Addis Ketema,14.0,174.0
36000.0,50.0,Addis Ketema,14.0,174.0
53040.0,50.0,Addis Ketema,10.0,828.0
41153.0,50.0,Addis Ketema,10.0,828.0
15000.0,100.0,Addis Ketema,10.0,828.0
100000.0,80.0,Addis Ketema,14.0,162.0
85000.0,100.0,Addis Ketema,14.0,162.0
80150.3,100.0,Addis Ketema,14.0,162.0
82000.0,90.0,Addis Ketema,14.0,122.0
72100.0,100.0,Addis Ketema,14.0,122.0
90127.0,50.0,Addis Ketema,14.0,122.0
81053.0,100.0,Addis Ketema,14.0,137.0
105801.0,57.0,Addis Ketema,14.0,137.0
81000.0,85.0,Addis Ketema,14.0,137.0
82300.0,60.0,Addis Ketema,14.0,274.0
60221.0,100.0,Addis Ketema,14.0,274.0
56710.0,100.0,Addis Ketema,14.0,274.0
78677.0,100.0,Addis Ketema,14.0,132.0
69322.12,100.0,Addis Ketema,14.0,132.0
55555.0,100.0,Addis Ketema,14.0,132.0
82354.12,100.0,Addis Ketema,14.0,101.0
75010.0,100.0,Addis Ketema,14.0,101.0
63451.0,100.0,Addis Ketema,14.0,101.0
71019.0,100.0,Addis Ketema,14.0,127.0
68503.94,100.0,Addis Ketema,14.0,127.0
66556.0,100.0,Addis Ketema,14.0,127.0
71446.28,100.0,Addis Ketema,14.0,175.0
42857.0,100.0,Addis Ketema,14.0,175.0
40000.0,100.0,Addis Ketema,14.0,175.0
62710.0,100.0,Addis Ketema,14.0,197.0
51000.0,100.0,Addis Ketema,14.0,197.0
75000.0,42.0,Addis Ketema,14.0,197.0
74675.32,100.0,Addis Ketema,14.0,154.0
71000.0,100.0,Addis Ketema,14.0,154.0
65101.0,100.0,Addis Ketema,14.0,154.0
38100.0,100.0,Addis Ketema,14.0,173.0
47333.0,65.0,Addis Ketema,14.0,173.0
36119.0,100.0,Addis Ketema,14.0,173.0
61999.0,100.0,Addis Ketema,14.0,179.0
55101.0,100.0,Addis Ketema,14.0,179.0
70000.0,50.0,Addis Ketema,14.0,179.0
70101.0,50.0,Addis Ketema,14.0,264.0
51500.0,80.0,Addis Ketema,14.0,264.0
58836.0,50.0,Addis Ketema,14.0,264.0
71710.0,100.0,Addis Ketema,14.0,254.0
66758.0,100.0,Addis Ketema,14.0,254.0
50000.0,100.0,Addis Ketema,14.0,254.0
71556.0,100.0,Addis Ketema,14.0,118.0
61152.0,100.0,Addis Ketema,14.0,118.0
55200.0,100.0,Addis Ketema,14.0,118.0
47277.47,100.0,Addis Ketema,14.0,149.0
60402.68,60.0,Addis Ketema,14.0,149.0
64530.0,50.0,Addis Ketema,14.0,149.0
43551.0,100.0,Addis Ketema,14.0,126.0
37121.0,100.0,Addis Ketema,14.0,126.0
61777.55,40.0,Addis Ketema,14.0,126.0
53689.0,100.0,Addis Ketema,14.0,333.0
40500.0,100.0,Addis Ketema,14.0,333.0
26557.51,100.0,Addis Ketema,14.0,333.0
41916.0,100.0,Addis Ketema,14.0,148.0
48100.0,80.0,Addis Ketema,14.0,148.0
52000.0,41.0,Addis Ketema,14.0,148.0
40398.0,100.0,Addis Ketema,14.0,151.0
41000.0,40.0,Addis Ketema,14.0,151.0
24250.0,100.0,Addis Ketema,14.0,151.0
57212.0,40.0,Addis Ketema,14.0,139.0
21150.0,80.0,Addis Ketema,14.0,139.0
17520.0,40.0,Addis Ketema,14.0,139.0
30511.0,55.0,Nefas - Silk Lafto,14.0,646.0
12027.0,100.0,Nefas - Silk Lafto,14.0,646.0
7692.3,40.0,Nefas - Silk Lafto,14.0,646.0
20199.99,100.0,Nefas - Silk Lafto,14.0,908.0
16500.0,100.0,Nefas - Silk Lafto,14.0,908.0
19191.0,40.0,Nefas - Silk Lafto,14.0,908.0
33062.62,100.0,Nefas - Silk Lafto,14.0,908.0
42100.0,53.0,Nefas - Silk Lafto,14.0,908.0
31599.0,50.0,Nefas - Silk Lafto,14.0,908.0
30500.0,100.0,Nefas - Silk Lafto,1.0,460.0
25675.0,100.0,Nefas - Silk Lafto,1.0,460.0
24000.0,70.0,Nefas - Silk Lafto,1.0,460.0
56102.0,61.0,Nefas - Silk Lafto,1.0,454.0
51187.77,62.0,Nefas - Silk Lafto,1.0,454.0
47100.0,72.0,Nefas - Silk Lafto,1.0,454.0
41000.0,100.0,Nefas - Silk Lafto,1.0,460.0
28695.65,100.0,Nefas - Silk Lafto,1.0,460.0
28560.0,100.0,Nefas - Silk Lafto,1.0,460.0
75169.99,80.0,Nefas - Silk Lafto,1.0,437.0
51000.0,100.0,Nefas - Silk Lafto,1.0,437.0
35612.0,100.0,Nefas - Silk Lafto,1.0,437.0
31500.0,100.0,Nefas - Silk Lafto,1.0,460.0
31304.35,100.0,Nefas - Silk Lafto,1.0,460.0
32100.0,70.0,Nefas - Silk Lafto,1.0,460.0
121151.0,45.0,Nefas - Silk Lafto,1.0,436.0
66158.0,100.0,Nefas - Silk Lafto,1.0,436.0
45872.0,100.0,Nefas - Silk Lafto,1.0,436.0
91150.0,40.0,Nefas - Silk Lafto,1.0,460.0
41304.5,100.0,Nefas - Silk Lafto,1.0,460.0
63377.0,60.0,Nefas - Silk Lafto,1.0,460.0
66168.0,100.0,Nefas - Silk Lafto,1.0,465.0
60000.0,100.0,Nefas - Silk Lafto,1.0,465.0
69295.19,70.0,Nefas - Silk Lafto,1.0,465.0
73110.0,60.0,Nefas - Silk Lafto,1.0,749.0
41617.0,100.0,Nefas - Silk Lafto,1.0,749.0
67500.0,100.0,Nefas - Silk Lafto,1.0,310.0
101175.0,45.0,Nefas - Silk Lafto,1.0,310.0
55800.0,100.0,Nefas - Silk Lafto,1.0,310.0
46015.0,100.0,Nefas - Silk Lafto,1.0,310.0
48421.0,65.0,Nefas - Silk Lafto,1.0,310.0
41110.0,40.0,Nefas - Silk Lafto,1.0,310.0
69001.0,100.0,Nefas - Silk Lafto,1.0,510.0
68900.0,100.0,Nefas - Silk Lafto,1.0,510.0
62501.0,100.0,Nefas - Silk Lafto,1.0,510.0
28675.0,100.0,Nefas - Silk Lafto,1.0,500.0
25100.0,100.0,Nefas - Silk Lafto,1.0,500.0
36100.0,40.0,Nefas - Silk Lafto,1.0,500.0
60119.0,60.0,Nefas - Silk Lafto,1.0,507.0
51511.0,70.0,Nefas - Silk Lafto,1.0,507.0
55210.0,55.2,Nefas - Silk Lafto,1.0,507.0
46666.66,95.0,Nefas - Silk Lafto,1.0,500.0
41050.0,100.0,Nefas - Silk Lafto,1.0,500.0
32675.0,100.0,Nefas - Silk Lafto,1.0,500.0
46846.84,100.0,Nefas - Silk Lafto,1.0,555.0
41000.0,100.0,Nefas - Silk Lafto,1.0,555.0
41000.0,100.0,Nefas - Silk Lafto,1.0,555.0
41325.0,40.0,Nefas - Silk Lafto,1.0,325.0
22500.0,100.0,Nefas - Silk Lafto,1.0,325.0
34859.0,40.0,Nefas - Silk Lafto,1.0,325.0
67096.77,40.0,Nefas - Silk Lafto,1.0,465.0
59969.99,50.0,Nefas - Silk Lafto,1.0,465.0
30800.0,100.0,Nefas - Silk Lafto,1.0,465.0
63777.0,70.0,Nefas - Silk Lafto,1.0,347.0
76111.11,40.0,Nefas - Silk Lafto,1.0,347.0
60727.0,70.0,Nefas - Silk Lafto,1.0,347.0
81399.0,40.0,Nefas - Silk Lafto,1.0,300.0
39566.35,100.0,Nefas - Silk Lafto,1.0,300.0
39400.0,100.0,Nefas - Silk Lafto,1.0,300.0
47400.0,74.0,Nefas - Silk Lafto,1.0,289.0
55201.0,40.0,Nefas - Silk Lafto,1.0,289.0
31000.0,100.0,Nefas - Silk Lafto,1.0,289.0
90000.0,45.0,Nefas - Silk Lafto,1.0,362.0
80000.0,45.0,Nefas - Silk Lafto,1.0,362.0
81499.0,40.0,Nefas - Silk Lafto,1.0,362.0
41800.0,100.0,Nefas - Silk Lafto,1.0,416.0
51930.0,62.0,Nefas - Silk Lafto,1.0,416.0
36900.0,100.0,Nefas - Silk Lafto,1.0,416.0
70000.0,45.0,Nefas - Silk Lafto,1.0,368.0
32611.3,100.0,Nefas - Silk Lafto,1.0,368.0
58222.0,42.0,Nefas - Silk Lafto,1.0,368.0
79100.0,53.1,Nefas - Silk Lafto,1.0,250.0
50380.0,100.0,Nefas - Silk Lafto,1.0,250.0
48914.0,100.0,Nefas - Silk Lafto,1.0,250.0
36000.0,100.0,Nefas - Silk Lafto,1.0,250.0
35250.0,90.0,Nefas - Silk Lafto,1.0,250.0
40000.0,45.0,Nefas - Silk Lafto,1.0,250.0
82127.0,50.0,Nefas - Silk Lafto,1.0,250.0
45100.0,100.0,Nefas - Silk Lafto,1.0,250.0
42000.0,100.0,Nefas - Silk Lafto,1.0,250.0
48000.0,100.0,Nefas - Silk Lafto,1.0,250.0
47328.0,70.0,Nefas - Silk Lafto,1.0,250.0
36000.0,100.0,Nefas - Silk Lafto,1.0,250.0
82721.0,50.0,Nefas - Silk Lafto,1.0,250.0
37777.0,100.0,Nefas - Silk Lafto,1.0,250.0
31000.0,100.0,Nefas - Silk Lafto,1.0,250.0
51100.0,100.0,Nefas - Silk Lafto,1.0,250.0
24102.0,100.0,Nefas - Silk Lafto,1.0,250.0
40100.0,50.0,Nefas - Silk Lafto,1.0,250.0
81001.0,50.0,Nefas - Silk Lafto,1.0,250.0
51025.0,100.0,Nefas - Silk Lafto,1.0,250.0
45900.0,100.0,Nefas - Silk Lafto,1.0,250.0
45989.04,40.0,Nefas - Silk Lafto,1.0,250.0
20170.0,100.0,Nefas - Silk Lafto,1.0,250.0
26111.0,61.0,Nefas - Silk Lafto,1.0,250.0
63777.0,70.0,Nefas - Silk Lafto,1.0,250.0
35150.0,100.0,Nefas - Silk Lafto,1.0,250.0
32101.0,100.0,Nefas - Silk Lafto,1.0,250.0
40100.0,70.0,Nefas - Silk Lafto,1.0,250.0
31689.0,100.0,Nefas - Silk Lafto,1.0,250.0
38888.0,46.0,Nefas - Silk Lafto,1.0,250.0
52250.0,80.0,Nefas - Silk Lafto,1.0,250.0
33150.0,100.0,Nefas - Silk Lafto,1.0,250.0
30612.0,100.0,Nefas - Silk Lafto,1.0,250.0
61252.0,65.0,Nefas - Silk Lafto,1.0,250.0
40100.0,100.0,Nefas - Silk Lafto,1.0,250.0
37100.0,100.0,Nefas - Silk Lafto,1.0,250.0
78777.0,60.0,Nefas - Silk Lafto,1.0,308.0
53000.0,70.0,Nefas - Silk Lafto,1.0,308.0
52498.0,68.5,Nefas - Silk Lafto,1.0,308.0
57000.0,100.0,Nefas - Silk Lafto,1.0,406.0
55100.0,51.0,Nefas - Silk Lafto,1.0,406.0
26555.0,50.0,Nefas - Silk Lafto,1.0,406.0
40101.0,100.0,Nefas - Silk Lafto,1.0,225.0
51222.0,70.0,Nefas - Silk Lafto,1.0,225.0
57779.0,50.0,Nefas - Silk Lafto,1.0,225.0
70000.0,45.0,Nefas - Silk Lafto,1.0,280.0
62255.0,55.55,Nefas - Silk Lafto,1.0,280.0
32110.5,100.0,Nefas - Silk Lafto,1.0,280.0
45122.0,60.0,Nefas - Silk Lafto,1.0,150.0
41500.0,55.0,Nefas - Silk Lafto,1.0,150.0
26750.0,100.0,Nefas - Silk Lafto,1.0,150.0
20100.0,100.0,Nefas - Silk Lafto,1.0,150.0
2500.0,100.0,Nefas - Silk Lafto,1.0,150.0
2300.0,100.0,Nefas - Silk Lafto,1.0,150.0
70585.0,60.0,Nefas - Silk Lafto,1.0,150.0
37660.0,100.0,Nefas - Silk Lafto,1.0,150.0
31100.0,100.0,Nefas - Silk Lafto,1.0,150.0
62001.99,40.0,Nefas - Silk Lafto,1.0,150.0
44880.0,73.0,Nefas - Silk Lafto,1.0,150.0
2250.0,50.0,Nefas - Silk Lafto,1.0,150.0
70650.0,61.0,Nefas - Silk Lafto,1.0,150.0
45000.0,100.0,Nefas - Silk Lafto,1.0,150.0
52551.5,65.0,Nefas - Silk Lafto,1.0,150.0
91590.0,42.0,Nefas - Silk Lafto,1.0,150.0
41650.0,100.0,Nefas - Silk Lafto,1.0,150.0
62000.0,51.0,Nefas - Silk Lafto,1.0,150.0
44115.75,100.0,Nefas - Silk Lafto,1.0,150.0
51200.0,75.0,Nefas - Silk Lafto,1.0,150.0
41710.0,100.0,Nefas - Silk Lafto,1.0,150.0
50775.0,100.0,Nefas - Silk Lafto,1.0,150.0
41857.0,100.0,Nefas - Silk Lafto,1.0,150.0
62000.0,42.0,Nefas - Silk Lafto,1.0,150.0
55700.0,100.0,Nefas - Silk Lafto,1.0,150.0
27444.16,100.0,Nefas - Silk Lafto,1.0,150.0
22222.0,100.0,Nefas - Silk Lafto,1.0,150.0
43000.0,100.0,Nefas - Silk Lafto,1.0,150.0
41550.0,100.0,Nefas - Silk Lafto,1.0,150.0
47151.0,52.0,Nefas - Silk Lafto,1.0,150.0
58000.0,100.0,Nefas - Silk Lafto,1.0,150.0
53889.0,100.0,Nefas - Silk Lafto,1.0,150.0
52000.0,80.0,Nefas - Silk Lafto,1.0,150.0
58000.0,100.0,Nefas - Silk Lafto,1.0,150.0
71000.0,70.0,Nefas - Silk Lafto,1.0,150.0
75000.0,43.0,Nefas - Silk Lafto,1.0,150.0
62177.0,42.0,Nefas - Silk Lafto,1.0,150.0
33150.0,100.0,Nefas - Silk Lafto,1.0,150.0
33100.0,100.0,Nefas - Silk Lafto,1.0,150.0
47654.0,100.0,Nefas - Silk Lafto,1.0,150.0
45900.0,100.0,Nefas - Silk Lafto,1.0,150.0
63333.0,50.0,Nefas - Silk Lafto,1.0,150.0
54971.0,100.0,Nefas - Silk Lafto,1.0,150.0
47150.0,100.0,Nefas - Silk Lafto,1.0,150.0
46500.0,85.0,Nefas - Silk Lafto,1.0,150.0
45800.0,100.0,Nefas - Silk Lafto,1.0,150.0
36016.0,100.0,Nefas - Silk Lafto,1.0,150.0
35000.0,100.0,Nefas - Silk Lafto,1.0,150.0
73333.0,70.0,Nefas - Silk Lafto,1.0,150.0
47654.0,100.0,Nefas - Silk Lafto,1.0,150.0
26600.0,100.0,Nefas - Silk Lafto,1.0,150.0
50100.0,100.0,Nefas - Silk Lafto,1.0,181.0
71100.5,40.0,Nefas - Silk Lafto,1.0,181.0
42200.0,100.0,Nefas - Silk Lafto,1.0,181.0
107000.0,40.0,Nefas - Silk Lafto,1.0,154.0
23111.0,100.0,Nefas - Silk Lafto,1.0,154.0
25050.0,45.5,Nefas - Silk Lafto,1.0,154.0
70160.0,50.0,Nefas - Silk Lafto,1.0,259.0
19500.0,100.0,Nefas - Silk Lafto,1.0,259.0
32790.5,52.0,Nefas - Silk Lafto,1.0,259.0
40000.0,100.0,Nefas - Silk Lafto,1.0,232.0
30000.0,100.0,Nefas - Silk Lafto,1.0,232.0
27000.0,100.0,Nefas - Silk Lafto,1.0,232.0
55378.0,100.0,Nefas - Silk Lafto,1.0,150.0
52141.0,100.0,Nefas - Silk Lafto,1.0,150.0
70000.0,60.0,Nefas - Silk Lafto,1.0,150.0
47100.0,100.0,Nefas - Silk Lafto,1.0,150.0
53340.0,75.0,Nefas - Silk Lafto,1.0,150.0
40100.0,100.0,Nefas - Silk Lafto,1.0,150.0
47654.0,100.0,Nefas - Silk Lafto,1.0,150.0
71521.21,40.0,Nefas - Silk Lafto,1.0,150.0
66666.67,40.0,Nefas - Silk Lafto,1.0,150.0
47800.0,100.0,Nefas - Silk Lafto,1.0,150.0
47414.75,100.0,Nefas - Silk Lafto,1.0,150.0
46510.0,100.0,Nefas - Silk Lafto,1.0,150.0
56671.0,100.0,Nefas - Silk Lafto,1.0,150.0
56216.0,100.0,Nefas - Silk Lafto,1.0,150.0
53000.0,100.0,Nefas - Silk Lafto,1.0,150.0
60000.0,55.0,Nefas - Silk Lafto,1.0,150.0
57900.0,40.0,Nefas - Silk Lafto,1.0,150.0
41721.99,70.0,Nefas - Silk Lafto,1.0,150.0
111023.0,40.0,Nefas - Silk Lafto,1.0,150.0
41500.0,100.0,Nefas - Silk Lafto,1.0,150.0
65227.21,55.0,Nefas - Silk Lafto,1.0,150.0
90000.0,100.0,Nefas - Silk Lafto,1.0,150.0
76000.0,40.0,Nefas - Silk Lafto,1.0,150.0
72100.0,42.0,Nefas - Silk Lafto,1.0,150.0
55144.05,100.0,Nefas - Silk Lafto,1.0,150.0
48351.44,100.0,Nefas - Silk Lafto,1.0,150.0
45100.0,100.0,Nefas - Silk Lafto,1.0,150.0
61150.0,100.0,Nefas - Silk Lafto,1.0,150.0
42666.0,100.0,Nefas - Silk Lafto,1.0,150.0
25600.0,100.0,Nefas - Silk Lafto,1.0,150.0
46700.0,100.0,Nefas - Silk Lafto,1.0,150.0
76522.0,40.0,Nefas - Silk Lafto,1.0,150.0
62251.0,50.0,Nefas - Silk Lafto,1.0,150.0
61150.0,100.0,Nefas - Silk Lafto,1.0,150.0
47667.0,100.0,Nefas - Silk Lafto,1.0,150.0
41300.0,100.0,Nefas - Silk Lafto,1.0,150.0
48889.0,100.0,Nefas - Silk Lafto,1.0,150.0
42020.0,100.0,Nefas - Silk Lafto,1.0,150.0
31030.0,61.0,Nefas - Silk Lafto,1.0,150.0
80000.0,40.0,Nefas - Silk Lafto,1.0,150.0
47216.0,50.0,Nefas - Silk Lafto,1.0,150.0
10700.0,40.0,Nefas - Silk Lafto,1.0,150.0
50746.66,100.0,Nefas - Silk Lafto,1.0,150.0
25000.0,100.0,Nefas - Silk Lafto,1.0,150.0
36256.26,40.0,Nefas - Silk Lafto,1.0,150.0
35350.0,100.0,Nefas - Silk Lafto,1.0,222.0
46000.0,50.0,Nefas - Silk Lafto,1.0,222.0
13500.0,100.0,Nefas - Silk Lafto,1.0,222.0
48000.0,52.0,Nefas - Silk Lafto,1.0,276.0
27200.0,100.0,Nefas - Silk Lafto,1.0,276.0
22615.0,100.0,Nefas - Silk Lafto,1.0,276.0
59889.0,100.0,Nefas - Silk Lafto,1.0,183.0
60200.0,60.0,Nefas - Silk Lafto,1.0,183.0
43100.0,100.0,Nefas - Silk Lafto,1.0,183.0
61376.0,40.0,Nefas - Silk Lafto,1.0,210.0
61113.0,40.0,Nefas - Silk Lafto,1.0,210.0
61000.0,40.0,Nefas - Silk Lafto,1.0,210.0
47473.33,100.0,Nefas - Silk Lafto,1.0,150.0
76516.0,40.0,Nefas - Silk Lafto,1.0,150.0
62515.0,40.0,Nefas - Silk Lafto,1.0,150.0
47019.0,100.0,Nefas - Silk Lafto,1.0,150.0
60000.0,45.0,Nefas - Silk Lafto,1.0,150.0
26202.0,100.0,Nefas - Silk Lafto,1.0,150.0
32515.0,100.0,Nefas - Silk Lafto,1.0,150.0
48700.0,40.0,Nefas - Silk Lafto,1.0,150.0
48666.0,40.0,Nefas - Silk Lafto,1.0,150.0
51020.0,100.0,Nefas - Silk Lafto,1.0,150.0
50100.0,80.0,Nefas - Silk Lafto,1.0,150.0
37590.0,100.0,Nefas - Silk Lafto,1.0,150.0
46958.0,100.0,Nefas - Silk Lafto,1.0,150.0
66650.0,40.0,Nefas - Silk Lafto,1.0,150.0
38457.63,100.0,Nefas - Silk Lafto,1.0,150.0
82500.0,50.0,Nefas - Silk Lafto,1.0,150.0
47721.21,100.0,Nefas - Silk Lafto,1.0,150.0
26666.66,75.0,Nefas - Silk Lafto,1.0,150.0
50199.6,100.0,Nefas - Silk Lafto,1.0,134.0
72560.0,40.0,Nefas - Silk Lafto,1.0,134.0
52077.0,80.0,Nefas - Silk Lafto,1.0,134.0
55000.0,50.0,Nefas - Silk Lafto,1.0,230.0
40530.0,40.0,Nefas - Silk Lafto,1.0,230.0
30003.0,51.0,Nefas - Silk Lafto,1.0,230.0
52133.0,65.0,Nefas - Silk Lafto,1.0,219.0
37500.0,100.0,Nefas - Silk Lafto,1.0,219.0
35000.0,80.0,Nefas - Silk Lafto,1.0,219.0
46680.0,100.0,Nefas - Silk Lafto,1.0,150.0
21000.0,65.0,Nefas - Silk Lafto,1.0,150.0
21200.0,40.0,Nefas - Silk Lafto,1.0,150.0
114640.0,40.0,Nefas - Silk Lafto,1.0,150.0
71550.0,65.0,Nefas - Silk Lafto,1.0,150.0
42100.0,100.0,Nefas - Silk Lafto,1.0,150.0
86668.0,50.0,Nefas - Silk Lafto,1.0,150.0
42710.6,100.0,Nefas - Silk Lafto,1.0,150.0
42010.0,70.0,Nefas - Silk Lafto,1.0,150.0
84440.0,60.0,Nefas - Silk Lafto,1.0,150.0
81000.0,61.0,Nefas - Silk Lafto,1.0,150.0
81077.0,42.0,Nefas - Silk Lafto,1.0,150.0
41555.0,100.0,Nefas - Silk Lafto,1.0,172.0
39534.88,100.0,Nefas - Silk Lafto,1.0,172.0
38457.63,100.0,Nefas - Silk Lafto,1.0,172.0
65023.27,100.0,Nefas - Silk Lafto,1.0,145.0
56600.0,100.0,Nefas - Silk Lafto,1.0,145.0
43760.0,100.0,Nefas - Silk Lafto,1.0,145.0
35703.0,100.0,Nefas - Silk Lafto,1.0,242.0
34556.0,100.0,Nefas - Silk Lafto,1.0,242.0
55550.5,40.0,Nefas - Silk Lafto,1.0,242.0
43460.0,100.0,Nefas - Silk Lafto,1.0,237.0
42800.0,100.0,Nefas - Silk Lafto,1.0,237.0
42300.0,100.0,Nefas - Silk Lafto,1.0,237.0
101111.0,40.0,Nefas - Silk Lafto,1.0,156.0
46191.0,100.0,Nefas - Silk Lafto,1.0,156.0
45003.0,100.0,Nefas - Silk Lafto,1.0,156.0
46678.0,100.0,Nefas - Silk Lafto,1.0,150.0
55447.0,40.0,Nefas - Silk Lafto,1.0,150.0
31857.0,100.0,Nefas - Silk Lafto,1.0,150.0
61120.0,40.0,Nefas - Silk Lafto,1.0,150.0
43157.0,40.0,Nefas - Silk Lafto,1.0,150.0
33300.0,50.0,Nefas - Silk Lafto,1.0,150.0
36000.0,100.0,Nefas - Silk Lafto,1.0,281.0
40533.0,75.0,Nefas - Silk Lafto,1.0,281.0
45151.0,40.0,Nefas - Silk Lafto,1.0,281.0
46876.56,100.0,Nefas - Silk Lafto,1.0,150.0
41167.0,100.0,Nefas - Silk Lafto,1.0,150.0
27777.0,100.0,Nefas - Silk Lafto,1.0,150.0
72350.0,60.0,Nefas - Silk Lafto,1.0,214.0
48000.5,100.0,Nefas - Silk Lafto,1.0,214.0
62196.0,70.0,Nefas - Silk Lafto,1.0,214.0
100150.0,40.0,Nefas - Silk Lafto,1.0,150.0
45050.0,100.0,Nefas - Silk Lafto,1.0,150.0
54699.0,40.0,Nefas - Silk Lafto,1.0,150.0
61150.0,100.0,Nefas - Silk Lafto,1.0,190.0
65150.0,45.0,Nefas - Silk Lafto,1.0,190.0
35590.0,100.0,Nefas - Silk Lafto,1.0,190.0
41170.0,100.0,Nefas - Silk Lafto,1.0,150.0
38333.33,100.0,Nefas - Silk Lafto,1.0,150.0
51201.0,50.0,Nefas - Silk Lafto,1.0,150.0
75200.0,60.0,Nefas - Silk Lafto,1.0,164.0
46000.0,100.0,Nefas - Silk Lafto,1.0,164.0
43150.0,100.0,Nefas - Silk Lafto,1.0,164.0
70800.0,90.0,Nefas - Silk Lafto,1.0,150.0
43150.0,100.0,Nefas - Silk Lafto,1.0,150.0
71104.43,60.0,Nefas - Silk Lafto,1.0,150.0
75663.0,70.0,Nefas - Silk Lafto,1.0,146.0
50000.0,100.0,Nefas - Silk Lafto,1.0,146.0
49150.0,85.0,Nefas - Silk Lafto,1.0,146.0
57900.0,100.0,Nefas - Silk Lafto,1.0,261.0
52150.0,100.0,Nefas - Silk Lafto,1.0,261.0
50000.0,100.0,Nefas - Silk Lafto,1.0,261.0
75340.0,70.0,Nefas - Silk Lafto,1.0,164.0
55119.21,100.0,Nefas - Silk Lafto,1.0,164.0
72000.0,40.0,Nefas - Silk Lafto,1.0,164.0
50120.0,100.0,Nefas - Silk Lafto,1.0,430.0
65600.0,50.0,Nefas - Silk Lafto,1.0,430.0
61110.0,51.0,Nefas - Silk Lafto,1.0,430.0
31270.0,100.0,Nefas - Silk Lafto,1.0,227.0
31000.0,100.0,Nefas - Silk Lafto,1.0,227.0
30000.0,100.0,Nefas - Silk Lafto,1.0,227.0
34000.0,100.0,Nefas - Silk Lafto,1.0,227.0
21000.0,100.0,Nefas - Silk Lafto,1.0,227.0
10350.0,100.0,Nefas - Silk Lafto,1.0,227.0
124200.0,40.0,Nefas - Silk Lafto,1.0,250.0
41101.0,100.0,Nefas - Silk Lafto,1.0,250.0
36300.0,100.0,Nefas - Silk Lafto,1.0,250.0
51199.0,60.0,Nefas - Silk Lafto,1.0,250.0
21205.0,62.0,Nefas - Silk Lafto,1.0,250.0
21171.0,40.0,Nefas - Silk Lafto,1.0,250.0
42200.0,100.0,Nefas - Silk Lafto,1.0,250.0
37289.3,100.0,Nefas - Silk Lafto,1.0,250.0
41027.0,80.0,Nefas - Silk Lafto,1.0,250.0
41101.0,100.0,Nefas - Silk Lafto,1.0,250.0
61002.4,40.0,Nefas - Silk Lafto,1.0,250.0
51019.0,60.0,Nefas - Silk Lafto,1.0,250.0
50000.0,80.0,Nefas - Silk Lafto,1.0,250.0
39520.3,100.0,Nefas - Silk Lafto,1.0,250.0
64000.0,65.0,Nefas - Silk Lafto,1.0,250.0
35800.0,100.0,Nefas - Silk Lafto,1.0,250.0
31555.0,100.0,Nefas - Silk Lafto,1.0,250.0
41101.0,100.0,Nefas - Silk Lafto,1.0,250.0
41050.0,100.0,Nefas - Silk Lafto,1.0,250.0
38800.0,100.0,Nefas - Silk Lafto,1.0,250.0
38000.0,100.0,Nefas - Silk Lafto,1.0,250.0
32618.21,100.0,Nefas - Silk Lafto,1.0,250.0
36000.0,71.2,Nefas - Silk Lafto,1.0,250.0
50320.0,100.0,Nefas - Silk Lafto,1.0,250.0
68444.0,40.0,Nefas - Silk Lafto,1.0,250.0
33200.0,100.0,Nefas - Silk Lafto,1.0,250.0
44000.0,100.0,Nefas - Silk Lafto,1.0,250.0
39230.5,100.0,Nefas - Silk Lafto,1.0,250.0
50050.0,60.0,Nefas - Silk Lafto,1.0,250.0
51000.0,51.0,Nefas - Silk Lafto,1.0,250.0
30120.0,100.0,Nefas - Silk Lafto,1.0,250.0
26500.0,100.0,Nefas - Silk Lafto,1.0,250.0
84000.0,100.0,Nefas - Silk Lafto,1.0,250.0
41101.0,100.0,Nefas - Silk Lafto,1.0,250.0
63150.0,48.0,Nefas - Silk Lafto,1.0,250.0
36050.0,100.0,Nefas - Silk Lafto,1.0,250.0
32000.0,100.0,Nefas - Silk Lafto,1.0,250.0
27100.0,100.0,Nefas - Silk Lafto,1.0,250.0
41888.0,46.0,Nefas - Silk Lafto,1.0,240.0
37100.0,40.0,Nefas - Silk Lafto,1.0,240.0
31000.0,50.0,Nefas - Silk Lafto,1.0,240.0
73199.0,100.0,Kolfe Keranyo,7.0,96.0
121121.21,40.0,Kolfe Keranyo,7.0,96.0
70110.0,100.0,Kolfe Keranyo,7.0,96.0
81099.0,100.0,Kolfe Keranyo,4.0,206.0
66500.0,100.0,Kolfe Keranyo,4.0,206.0
56266.0,100.0,Kolfe Keranyo,4.0,206.0
72215.0,100.0,Kolfe Keranyo,4.0,199.0
65636.6,100.0,Kolfe Keranyo,4.0,199.0
63000.0,100.0,Kolfe Keranyo,4.0,199.0
66501.0,100.0,Kolfe Keranyo,7.0,106.0
58374.52,100.0,Kolfe Keranyo,7.0,106.0
67500.0,75.5,Kolfe Keranyo,7.0,106.0
76100.0,100.0,Kolfe Keranyo,7.0,184.0
73700.0,100.0,Kolfe Keranyo,7.0,184.0
65155.0,100.0,Kolfe Keranyo,7.0,184.0
74520.0,100.0,Kolfe Keranyo,7.0,130.0
72999.0,100.0,Kolfe Keranyo,7.0,130.0
70150.0,100.0,Kolfe Keranyo,7.0,130.0
61000.0,100.0,Kolfe Keranyo,8.0,200.0
59990.0,100.0,Kolfe Keranyo,8.0,200.0
60500.0,90.0,Kolfe Keranyo,8.0,200.0
79000.0,80.0,Kolfe Keranyo,8.0,150.0
54289.0,100.0,Kolfe Keranyo,8.0,150.0
52150.0,100.0,Kolfe Keranyo,8.0,150.0
91500.0,67.0,Kolfe Keranyo,8.0,151.0
52150.0,100.0,Kolfe Keranyo,8.0,151.0
50000.0,100.0,Kolfe Keranyo,8.0,151.0
32105.0,100.0,Kolfe Keranyo,11.0,338.0
23770.0,100.0,Kolfe Keranyo,11.0,338.0
13011.99,100.0,Kolfe Keranyo,11.0,338.0
34550.0,100.0,Kolfe Keranyo,4.0,165.0
25500.0,100.0,Kolfe Keranyo,4.0,165.0
21500.0,100.0,Kolfe Keranyo,4.0,165.0
37555.0,100.0,Kolfe Keranyo,4.0,172.0
45114.0,40.0,Kolfe Keranyo,4.0,172.0
26150.0,100.0,Kolfe Keranyo,4.0,172.0
47175.0,100.0,Kolfe Keranyo,4.0,176.0
35110.0,100.0,Kolfe Keranyo,4.0,176.0
35100.0,100.0,Kolfe Keranyo,4.0,176.0
55050.0,100.0,Kolfe Keranyo,4.0,173.0
54000.0,80.0,Kolfe Keranyo,4.0,173.0
40500.0,70.0,Kolfe Keranyo,4.0,173.0
52700.0,100.0,Kolfe Keranyo,5.0,152.0
35130.0,100.0,Kolfe Keranyo,5.0,152.0
56612.0,40.0,Kolfe Keranyo,5.0,152.0
81000.0,70.0,Kolfe Keranyo,5.0,155.0
59741.0,100.0,Kolfe Keranyo,5.0,155.0
52700.0,100.0,Kolfe Keranyo,5.0,155.0
63200.0,100.0,Kolfe Keranyo,7.0,206.0
73898.0,68.0,Kolfe Keranyo,7.0,206.0
58000.0,100.0,Kolfe Keranyo,7.0,206.0
85821.0,100.0,Kolfe Keranyo,7.0,134.0
72999.0,100.0,Kolfe Keranyo,7.0,134.0
68000.0,100.0,Kolfe Keranyo,7.0,134.0
75019.0,100.0,Gulele,7.0,174.0
83820.0,66.0,Gulele,7.0,174.0
85000.0,55.0,Gulele,7.0,174.0
50000.0,70.0,Gulele,2.0,254.0
10950.0,100.0,Gulele,2.0,254.0
14123.25,70.0,Gulele,2.0,254.0
65600.0,100.0,Gulele,8.0,195.0
76923.07,40.0,Gulele,8.0,195.0
36389.0,100.0,Gulele,8.0,195.0
43000.0,60.0,Gulele,8.0,257.0
31160.0,100.0,Gulele,8.0,257.0
30105.91,100.0,Gulele,8.0,257.0
60000.0,70.0,Gulele,7.0,131.0
65010.0,50.0,Gulele,7.0,131.0
36900.0,100.0,Gulele,7.0,131.0
111000.0,100.0,Lideta,4.0,127.0
105560.0,100.0,Lideta,4.0,127.0
96700.0,100.0,Lideta,4.0,127.0
60000.0,70.0,Yeka,10.0,518.0
36210.0,100.0,Yeka,10.0,519.0
60231.66,40.0,Yeka,10.0,520.0
101527.0,52.0,Yeka,5.0,1509.0
72022.0,42.0,Yeka,5.0,1509.0
70000.0,40.0,Yeka,5.0,1509.0
110003.0,70.0,Yeka,8.0,730.0
78110.0,100.0,Yeka,8.0,730.0
76000.0,100.0,Yeka,8.0,730.0
71000.0,40.0,Yeka,5.0,2862.0
55000.0,56.0,Yeka,5.0,2862.0
61500.0,40.0,Yeka,5.0,2862.0
66720.0,100.0,Yeka,9.0,1020.0
65512.0,100.0,Yeka,9.0,1020.0
60500.0,40.0,Yeka,9.0,1020.0
215000.0,40.0,Arada,5.0,1235.0
166513.0,70.0,Arada,5.0,1235.0
110526.31,100.0,Arada,5.0,1235.0
268000.0,51.0,Arada,5.0,1157.0
271000.0,40.0,Arada,5.0,1157.0
96513.0,100.0,Arada,5.0,1157.0
167000.0,40.0,Arada,5.0,4798.0
40201.0,100.0,Arada,5.0,4798.0
82022.0,42.0,Arada,5.0,4798.0
24225.0,100.0,Akaki Kality,9.0,868.0
23105.0,100.0,Akaki Kality,9.0,868.0
23555.55,63.0,Akaki Kality,9.0,868.0
80000.0,40.0,Akaki Kality,9.0,866.0
23333.33,61.0,Akaki Kality,9.0,866.0
22524.0,60.0,Akaki Kality,9.0,866.0
31000.0,43.0,Akaki Kality,9.0,868.0
15889.0,100.0,Akaki Kality,9.0,868.0
25000.0,40.0,Akaki Kality,9.0,868.0
33080.7,70.0,Akaki Kality,13.0,300.0
23000.12,100.0,Akaki Kality,13.0,300.0
22000.0,100.0,Akaki Kality,13.0,300.0
16621.0,100.0,Akaki Kality,13.0,250.0
18451.0,76.0,Akaki Kality,13.0,250.0
9500.0,60.0,Akaki Kality,13.0,250.0
21621.0,100.0,Akaki Kality,13.0,250.0
29906.0,41.0,Akaki Kality,13.0,250.0
16117.0,100.0,Akaki Kality,13.0,250.0
28000.0,51.0,Akaki Kality,13.0,250.0
12666.6,100.0,Akaki Kality,13.0,250.0
21019.0,54.0,Akaki Kality,13.0,250.0
27999.0,100.0,Akaki Kality,13.0,273.0
31100.0,77.0,Akaki Kality,13.0,273.0
30124.0,50.0,Akaki Kality,13.0,273.0
38160.0,67.0,Akaki Kality,13.0,479.0
22222.0,100.0,Akaki Kality,13.0,479.0
22110.0,100.0,Akaki Kality,13.0,479.0
69379.2,100.0,Akaki Kality,4.0,135.0
51500.0,60.0,Akaki Kality,4.0,135.0
24000.0,100.0,Akaki Kality,4.0,135.0
26010.0,100.0,Akaki Kality,4.0,125.0
25551.0,100.0,Akaki Kality,4.0,125.0
32127.27,50.0,Akaki Kality,4.0,125.0
50250.0,40.0,Akaki Kality,4.0,135.0
22493.0,100.0,Akaki Kality,4.0,135.0
23000.0,100.0,Akaki Kality,4.0,135.0
43321.0,100.0,Akaki Kality,4.0,125.0
47800.0,81.0,Akaki Kality,4.0,125.0
48100.0,70.0,Akaki Kality,4.0,125.0
37159.0,100.0,Akaki Kality,4.0,135.0
33340.0,100.0,Akaki Kality,4.0,135.0
36100.0,60.0,Akaki Kality,4.0,135.0
47777.0,81.0,Akaki Kality,4.0,125.0
34800.0,100.0,Akaki Kality,4.0,125.0
32989.99,100.0,Akaki Kality,4.0,125.0
35010.0,100.0,Akaki Kality,4.0,135.0
31275.0,100.0,Akaki Kality,4.0,135.0
37900.0,56.0,Akaki Kality,4.0,135.0
51000.5,100.0,Akaki Kality,4.0,125.0
61777.0,70.0,Akaki Kality,4.0,125.0
47777.0,81.0,Akaki Kality,4.0,125.0
47777.0,83.0,Akaki Kality,4.0,122.0
37888.0,100.0,Akaki Kality,4.0,122.0
19000.0,90.0,Akaki Kality,4.0,122.0
47800.0,81.0,Akaki Kality,4.0,112.0
50000.0,50.0,Akaki Kality,4.0,112.0
46127.0,41.0,Akaki Kality,4.0,112.0
45000.0,100.0,Akaki Kality,4.0,141.0
57127.0,57.0,Akaki Kality,4.0,141.0
39101.0,85.0,Akaki Kality,4.0,141.0
55000.0,74.0,Akaki Kality,4.0,126.0
47777.0,83.0,Akaki Kality,4.0,126.0
57000.0,57.0,Akaki Kality,4.0,126.0
32300.0,100.0,Akaki Kality,4.0,125.0
31927.99,51.0,Akaki Kality,4.0,125.0
28255.0,50.0,Akaki Kality,4.0,125.0
41001.0,95.0,Akaki Kality,4.0,125.0
33750.0,50.0,Akaki Kality,4.0,125.0
15225.0,100.0,Akaki Kality,4.0,125.0
35555.0,100.0,Akaki Kality,4.0,125.0
32500.0,85.0,Akaki Kality,4.0,125.0
25105.0,100.0,Akaki Kality,4.0,125.0
44100.0,75.0,Akaki Kality,4.0,125.0
35000.0,100.0,Akaki Kality,4.0,125.0
34000.0,100.0,Akaki Kality,4.0,125.0
45555.55,100.0,Akaki Kality,4.0,125.0
28666.0,100.0,Akaki Kality,4.0,125.0
24514.5,100.0,Akaki Kality,4.0,125.0
41157.0,100.0,Akaki Kality,4.0,125.0
40150.0,100.0,Akaki Kality,4.0,125.0
37105.0,100.0,Akaki Kality,4.0,125.0
40100.0,100.0,Akaki Kality,4.0,125.0
32000.0,90.0,Akaki Kality,4.0,125.0
28667.69,50.0,Akaki Kality,4.0,125.0
42621.0,100.0,Akaki Kality,4.0,125.0
40125.0,80.0,Akaki Kality,4.0,125.0
40100.0,80.0,Akaki Kality,4.0,125.0
32019.0,80.0,Akaki Kality,4.0,193.0
31155.0,50.0,Akaki Kality,4.0,193.0
16282.0,100.0,Akaki Kality,4.0,193.0
51623.0,80.0,Akaki Kality,4.0,191.0
42565.0,50.0,Akaki Kality,4.0,191.0
40001.0,40.0,Akaki Kality,4.0,191.0
41000.0,40.0,Akaki Kality,4.0,4404.0
23000.0,100.0,Akaki Kality,4.0,4404.0
5950.0,100.0,Akaki Kality,4.0,4404.0
28127.21,100.0,Akaki Kality,4.0,125.0
41652.3,51.0,Akaki Kality,4.0,125.0
40100.0,40.0,Akaki Kality,4.0,125.0
51012.0,85.0,Akaki Kality,4.0,125.0
43999.99,100.0,Akaki Kality,4.0,125.0
41639.5,51.0,Akaki Kality,4.0,125.0
41621.0,100.0,Akaki Kality,4.0,125.0
36410.0,100.0,Akaki Kality,4.0,125.0
31712.0,100.0,Akaki Kality,4.0,125.0
52178.0,70.0,Akaki Kality,4.0,125.0
40130.0,70.0,Akaki Kality,4.0,125.0
25000.0,100.0,Akaki Kality,4.0,125.0
45555.0,100.0,Akaki Kality,4.0,125.0
36400.0,100.0,Akaki Kality,4.0,125.0
29000.0,100.0,Akaki Kality,4.0,125.0
36019.0,100.0,Akaki Kality,4.0,125.0
45123.0,60.0,Akaki Kality,4.0,125.0
30400.0,100.0,Akaki Kality,4.0,125.0
41333.33,100.0,Akaki Kality,4.0,125.0
42000.0,60.0,Akaki Kality,4.0,125.0
41600.0,45.0,Akaki Kality,4.0,125.0
58456.0,80.0,Akaki Kality,4.0,150.0
45000.0,75.0,Akaki Kality,4.0,150.0
28000.0,100.0,Akaki Kality,4.0,150.0
55501.0,40.0,Akaki Kality,4.0,112.0
25222.5,80.0,Akaki Kality,4.0,112.0
31500.0,50.0,Akaki Kality,4.0,112.0
39540.0,90.0,Akaki Kality,4.0,188.0
31111.0,100.0,Akaki Kality,4.0,188.0
45100.0,50.0,Akaki Kality,4.0,188.0
51101.0,100.0,Akaki Kality,4.0,118.0
44120.0,90.0,Akaki Kality,4.0,118.0
34321.0,80.0,Akaki Kality,4.0,118.0
40214.0,100.0,Akaki Kality,4.0,125.0
37200.0,100.0,Akaki Kality,4.0,125.0
41600.0,81.0,Akaki Kality,4.0,125.0
81612.0,40.0,Akaki Kality,4.0,125.0
40214.0,100.0,Akaki Kality,4.0,125.0
37657.0,100.0,Akaki Kality,4.0,125.0
40214.0,100.0,Akaki Kality,4.0,125.0
44001.0,77.0,Akaki Kality,4.0,125.0
33600.0,100.0,Akaki Kality,4.0,125.0
65312.0,40.0,Akaki Kality,4.0,125.0
40214.0,90.0,Akaki Kality,4.0,125.0
31715.0,100.0,Akaki Kality,4.0,125.0
40214.0,100.0,Akaki Kality,4.0,125.0
33667.0,100.0,Akaki Kality,4.0,125.0
33333.0,100.0,Akaki Kality,4.0,125.0
40214.0,100.0,Akaki Kality,4.0,125.0
55321.0,40.0,Akaki Kality,4.0,125.0
27716.0,100.0,Akaki Kality,4.0,125.0
55162.0,75.0,Akaki Kality,4.0,184.0
21800.0,100.0,Akaki Kality,4.0,184.0
18900.0,100.0,Akaki Kality,4.0,184.0
53012.0,80.0,Akaki Kality,4.0,178.0
45500.0,100.0,Akaki Kality,4.0,178.0
37127.0,75.0,Akaki Kality,4.0,178.0
57210.0,50.0,Akaki Kality,1.0,282.0
37101.0,100.0,Akaki Kality,1.0,282.0
36000.0,100.0,Akaki Kality,1.0,282.0
61600.0,70.0,Akaki Kality,1.0,500.0
36000.0,100.0,Akaki Kality,1.0,500.0
35100.0,100.0,Akaki Kality,1.0,500.0
56600.0,67.0,Akaki Kality,1.0,500.0
52520.0,71.0,Akaki Kality,1.0,500.0
36666.0,100.0,Akaki Kality,1.0,500.0
52100.0,80.0,Akaki Kality,1.0,500.0
43333.0,100.0,Akaki Kality,1.0,500.0
45100.0,82.0,Akaki Kality,1.0,500.0
42320.0,100.0,Akaki Kality,1.0,500.0
60900.0,50.0,Akaki Kality,1.0,500.0
35100.0,100.0,Akaki Kality,1.0,500.0
33150.0,100.0,Akaki Kality,1.0,248.0
50500.0,100.0,Akaki Kality,1.0,248.0
30100.0,100.0,Akaki Kality,1.0,248.0
48160.0,72.0,Akaki Kality,1.0,500.0
35100.0,70.0,Akaki Kality,1.0,500.0
25001.0,100.0,Akaki Kality,1.0,500.0
82651.0,81.0,Addis Ketema,14.0,127.0
63116.0,100.0,Addis Ketema,14.0,127.0
60500.0,100.0,Addis Ketema,14.0,127.0
73529.0,100.0,Addis Ketema,14.0,114.0
71451.0,80.0,Addis Ketema,14.0,114.0
31100.0,100.0,Addis Ketema,14.0,114.0
76016.0,100.0,Addis Ketema,14.0,116.0
65149.0,100.0,Addis Ketema,14.0,116.0
65012.24,100.0,Addis Ketema,14.0,116.0
26310.0,100.0,Addis Ketema,3.0,182.0
33695.0,50.0,Addis Ketema,3.0,182.0
16200.0,60.0,Addis Ketema,3.0,182.0
30822.0,100.0,Addis Ketema,4.0,146.0
32000.0,70.0,Addis Ketema,4.0,146.0
21100.0,100.0,Addis Ketema,4.0,146.0
61050.0,100.0,Addis Ketema,14.0,118.0
61000.0,100.0,Addis Ketema,14.0,118.0
55101.0,100.0,Addis Ketema,14.0,118.0
71000.0,80.0,Addis Ketema,14.0,125.0
60005.0,100.0,Addis Ketema,14.0,125.0
57124.0,100.0,Addis Ketema,14.0,125.0
51153.73,100.0,Addis Ketema,14.0,329.0
49153.5,100.0,Addis Ketema,14.0,329.0
36100.0,100.0,Addis Ketema,14.0,329.0
175789.0,50.0,Addis Ketema,14.0,149.0
142105.0,70.0,Addis Ketema,14.0,149.0
93319.5,100.0,Addis Ketema,14.0,149.0
51011.0,100.0,Addis Ketema,14.0,101.0
65123.9,52.0,Addis Ketema,14.0,101.0
40100.0,100.0,Addis Ketema,14.0,101.0
30000.0,100.0,Addis Ketema,14.0,316.0
21300.0,100.0,Addis Ketema,14.0,316.0
21205.0,100.0,Addis Ketema,14.0,316.0
55000.0,100.0,Addis Ketema,14.0,132.0
61370.0,65.0,Addis Ketema,14.0,132.0
46150.0,100.0,Addis Ketema,14.0,132.0
77789.0,71.0,Addis Ketema,14.0,132.0
75000.0,70.0,Addis Ketema,14.0,132.0
56568.0,100.0,Addis Ketema,14.0,132.0
61000.0,100.0,Addis Ketema,14.0,175.0
60111.0,100.0,Addis Ketema,14.0,175.0
52000.0,100.0,Addis Ketema,14.0,175.0
76815.0,40.0,Addis Ketema,14.0,179.0
42112.0,100.0,Addis Ketema,14.0,179.0
41150.0,100.0,Addis Ketema,14.0,179.0
65759.0,70.0,Nefas - Silk Lafto,1.0,441.0
50000.0,100.0,Nefas - Silk Lafto,1.0,441.0
47666.2,100.0,Nefas - Silk Lafto,1.0,441.0
47250.0,100.0,Nefas - Silk Lafto,1.0,466.0
45050.0,100.0,Nefas - Silk Lafto,1.0,466.0
37000.0,100.0,Nefas - Silk Lafto,1.0,466.0
60101.0,100.0,Nefas - Silk Lafto,1.0,436.0
50455.0,100.0,Nefas - Silk Lafto,1.0,436.0
73679.0,60.0,Nefas - Silk Lafto,1.0,436.0
62001.0,70.0,Nefas - Silk Lafto,1.0,749.0
46900.0,100.0,Nefas - Silk Lafto,1.0,749.0
45290.0,100.0,Nefas - Silk Lafto,1.0,749.0
65000.0,60.0,Nefas - Silk Lafto,1.0,310.0
46666.0,100.0,Nefas - Silk Lafto,1.0,310.0
65000.0,50.0,Nefas - Silk Lafto,1.0,310.0
50301.81,100.0,Nefas - Silk Lafto,1.0,497.0
50283.0,100.0,Nefas - Silk Lafto,1.0,497.0
50100.0,70.0,Nefas - Silk Lafto,1.0,497.0
56000.0,70.0,Nefas - Silk Lafto,1.0,368.0
35100.0,100.0,Nefas - Silk Lafto,1.0,368.0
33520.0,100.0,Nefas - Silk Lafto,1.0,368.0
46250.04,100.0,Nefas - Silk Lafto,1.0,362.0
42519.19,100.0,Nefas - Silk Lafto,1.0,362.0
46000.0,81.0,Nefas - Silk Lafto,1.0,362.0
38511.0,100.0,Nefas - Silk Lafto,1.0,416.0
55100.0,50.0,Nefas - Silk Lafto,1.0,416.0
36356.0,100.0,Nefas - Silk Lafto,1.0,416.0
35555.0,100.0,Nefas - Silk Lafto,1.0,368.0
51200.0,50.0,Nefas - Silk Lafto,1.0,368.0
31320.0,100.0,Nefas - Silk Lafto,1.0,368.0
45000.0,100.0,Nefas - Silk Lafto,1.0,250.0
41111.0,100.0,Nefas - Silk Lafto,1.0,250.0
40251.0,100.0,Nefas - Silk Lafto,1.0,250.0
43122.22,100.0,Nefas - Silk Lafto,1.0,250.0
42261.0,100.0,Nefas - Silk Lafto,1.0,250.0
41050.0,100.0,Nefas - Silk Lafto,1.0,250.0
42620.0,100.0,Nefas - Silk Lafto,1.0,250.0
42000.0,100.0,Nefas - Silk Lafto,1.0,250.0
40500.0,100.0,Nefas - Silk Lafto,1.0,250.0
48556.0,100.0,Nefas - Silk Lafto,1.0,250.0
42712.0,100.0,Nefas - Silk Lafto,1.0,250.0
42027.0,100.0,Nefas - Silk Lafto,1.0,250.0
42077.0,100.0,Nefas - Silk Lafto,1.0,250.0
41433.99,100.0,Nefas - Silk Lafto,1.0,250.0
35325.0,100.0,Nefas - Silk Lafto,1.0,250.0
46799.99,100.0,Nefas - Silk Lafto,1.0,308.0
39321.82,100.0,Nefas - Silk Lafto,1.0,308.0
35310.0,100.0,Nefas - Silk Lafto,1.0,308.0
92364.5,42.0,Nefas - Silk Lafto,1.0,406.0
51712.0,100.0,Nefas - Silk Lafto,1.0,406.0
69087.99,50.0,Nefas - Silk Lafto,1.0,406.0
51200.0,100.0,Nefas - Silk Lafto,1.0,150.0
46011.0,100.0,Nefas - Silk Lafto,1.0,150.0
44051.0,100.0,Nefas - Silk Lafto,1.0,150.0
46011.0,100.0,Nefas - Silk Lafto,1.0,150.0
37127.0,100.0,Nefas - Silk Lafto,1.0,150.0
40000.0,60.0,Nefas - Silk Lafto,1.0,150.0
51712.19,100.0,Nefas - Silk Lafto,1.0,150.0
47174.0,100.0,Nefas - Silk Lafto,1.0,150.0
47100.0,100.0,Nefas - Silk Lafto,1.0,150.0
85000.0,40.0,Nefas - Silk Lafto,1.0,150.0
47127.0,100.0,Nefas - Silk Lafto,1.0,150.0
41000.0,100.0,Nefas - Silk Lafto,1.0,150.0
53349.5,100.0,Nefas - Silk Lafto,1.0,150.0
51150.0,100.0,Nefas - Silk Lafto,1.0,150.0
47150.25,100.0,Nefas - Silk Lafto,1.0,150.0
56701.1,100.0,Nefas - Silk Lafto,1.0,150.0
51136.55,100.0,Nefas - Silk Lafto,1.0,150.0
50667.0,100.0,Nefas - Silk Lafto,1.0,150.0
43530.8,100.0,Nefas - Silk Lafto,1.0,150.0
42500.0,100.0,Nefas - Silk Lafto,1.0,150.0
41620.0,100.0,Nefas - Silk Lafto,1.0,150.0
46100.0,100.0,Nefas - Silk Lafto,1.0,154.0
40500.0,100.0,Nefas - Silk Lafto,1.0,154.0
36500.0,100.0,Nefas - Silk Lafto,1.0,154.0
65637.0,45.0,Nefas - Silk Lafto,1.0,259.0
38000.0,100.0,Nefas - Silk Lafto,1.0,259.0
36000.0,100.0,Nefas - Silk Lafto,1.0,259.0
47444.0,100.0,Nefas - Silk Lafto,1.0,150.0
61101.0,61.0,Nefas - Silk Lafto,1.0,150.0
32999.99,100.0,Nefas - Silk Lafto,1.0,150.0
52150.0,100.0,Nefas - Silk Lafto,1.0,150.0
42300.0,100.0,Nefas - Silk Lafto,1.0,150.0
36800.0,100.0,Nefas - Silk Lafto,1.0,150.0
52500.0,100.0,Nefas - Silk Lafto,1.0,150.0
51300.0,100.0,Nefas - Silk Lafto,1.0,150.0
51081.0,100.0,Nefas - Silk Lafto,1.0,150.0
46700.0,100.0,Nefas - Silk Lafto,1.0,150.0
46125.0,100.0,Nefas - Silk Lafto,1.0,150.0
38150.0,100.0,Nefas - Silk Lafto,1.0,150.0
54167.0,100.0,Nefas - Silk Lafto,1.0,150.0
43321.0,100.0,Nefas - Silk Lafto,1.0,150.0
62120.0,50.0,Nefas - Silk Lafto,1.0,150.0
52150.0,100.0,Nefas - Silk Lafto,1.0,150.0
37577.0,82.0,Nefas - Silk Lafto,1.0,150.0
27634.0,100.0,Nefas - Silk Lafto,1.0,150.0
54556.0,100.0,Nefas - Silk Lafto,1.0,150.0
45592.8,100.0,Nefas - Silk Lafto,1.0,150.0
45521.0,100.0,Nefas - Silk Lafto,1.0,150.0
51338.0,100.0,Nefas - Silk Lafto,1.0,150.0
56250.0,80.0,Nefas - Silk Lafto,1.0,150.0
37555.0,100.0,Nefas - Silk Lafto,1.0,150.0
45855.0,100.0,Nefas - Silk Lafto,1.0,150.0
41520.0,100.0,Nefas - Silk Lafto,1.0,150.0
41101.0,100.0,Nefas - Silk Lafto,1.0,150.0
49296.95,100.0,Nefas - Silk Lafto,1.0,150.0
70000.0,47.5,Nefas - Silk Lafto,1.0,150.0
39900.0,100.0,Nefas - Silk Lafto,1.0,150.0
52104.0,100.0,Nefas - Silk Lafto,1.0,150.0
51444.0,100.0,Nefas - Silk Lafto,1.0,150.0
42192.0,100.0,Nefas - Silk Lafto,1.0,150.0
46500.0,100.0,Nefas - Silk Lafto,1.0,150.0
43500.0,100.0,Nefas - Silk Lafto,1.0,150.0
43333.0,100.0,Nefas - Silk Lafto,1.0,150.0
42102.0,100.0,Nefas - Silk Lafto,1.0,150.0
41755.56,100.0,Nefas - Silk Lafto,1.0,150.0
41000.0,100.0,Nefas - Silk Lafto,1.0,150.0
48656.0,100.0,Nefas - Silk Lafto,1.0,145.0
48276.0,100.0,Nefas - Silk Lafto,1.0,145.0
48000.0,100.0,Nefas - Silk Lafto,1.0,145.0
52320.0,100.0,Nefas - Silk Lafto,1.0,156.0
48216.0,100.0,Nefas - Silk Lafto,1.0,156.0
42156.0,100.0,Nefas - Silk Lafto,1.0,156.0
47000.0,100.0,Nefas - Silk Lafto,1.0,214.0
46822.22,100.0,Nefas - Silk Lafto,1.0,214.0
46050.0,100.0,Nefas - Silk Lafto,1.0,214.0
102000.0,47.0,Nefas - Silk Lafto,1.0,150.0
52106.0,100.0,Nefas - Silk Lafto,1.0,150.0
51220.0,100.0,Nefas - Silk Lafto,1.0,150.0
50110.0,100.0,Nefas - Silk Lafto,1.0,146.0
46500.0,100.0,Nefas - Silk Lafto,1.0,146.0
43656.0,100.0,Nefas - Silk Lafto,1.0,146.0
52900.0,100.0,Nefas - Silk Lafto,1.0,261.0
45220.0,100.0,Nefas - Silk Lafto,1.0,261.0
42650.0,100.0,Nefas - Silk Lafto,1.0,261.0
55015.0,100.0,Nefas - Silk Lafto,1.0,164.0
51700.0,100.0,Nefas - Silk Lafto,1.0,164.0
45732.0,100.0,Nefas - Silk Lafto,1.0,164.0
41700.0,100.0,Nefas - Silk Lafto,1.0,250.0
65015.0,40.0,Nefas - Silk Lafto,1.0,250.0
37121.0,100.0,Nefas - Silk Lafto,1.0,250.0
41919.0,100.0,Nefas - Silk Lafto,1.0,250.0
45000.0,75.0,Nefas - Silk Lafto,1.0,250.0
36100.0,100.0,Nefas - Silk Lafto,1.0,250.0
43215.0,100.0,Nefas - Silk Lafto,1.0,250.0
41700.0,100.0,Nefas - Silk Lafto,1.0,250.0
44352.0,87.0,Nefas - Silk Lafto,1.0,250.0
61111.11,100.0,Nefas - Silk Lafto,1.0,250.0
46560.12,100.0,Nefas - Silk Lafto,1.0,250.0
42380.0,100.0,Nefas - Silk Lafto,1.0,250.0
55000.0,100.0,Nefas - Silk Lafto,1.0,250.0
45500.0,100.0,Nefas - Silk Lafto,1.0,250.0
44320.0,100.0,Nefas - Silk Lafto,1.0,250.0
40650.0,100.0,Nefas - Silk Lafto,1.0,202.0
40010.0,100.0,Nefas - Silk Lafto,1.0,202.0
37000.0,100.0,Nefas - Silk Lafto,1.0,202.0
46021.06,100.0,Nefas - Silk Lafto,1.0,175.0
48900.0,60.0,Nefas - Silk Lafto,1.0,175.0
35100.5,100.0,Nefas - Silk Lafto,1.0,175.0
43200.0,100.0,Nefas - Silk Lafto,1.0,175.0
41660.0,100.0,Nefas - Silk Lafto,1.0,175.0
40200.0,100.0,Nefas - Silk Lafto,1.0,175.0
48572.05,100.0,Nefas - Silk Lafto,1.0,175.0
42358.9,100.0,Nefas - Silk Lafto,1.0,175.0
42100.0,100.0,Nefas - Silk Lafto,1.0,175.0
51150.0,85.0,Nefas - Silk Lafto,1.0,175.0
45000.0,100.0,Nefas - Silk Lafto,1.0,175.0
43275.0,100.0,Nefas - Silk Lafto,1.0,175.0
49999.0,60.0,Nefas - Silk Lafto,1.0,175.0
53888.35,45.0,Nefas - Silk Lafto,1.0,175.0
37500.0,85.0,Nefas - Silk Lafto,1.0,175.0
45250.0,100.0,Nefas - Silk Lafto,1.0,175.0
37777.0,100.0,Nefas - Silk Lafto,1.0,175.0
48600.0,60.0,Nefas - Silk Lafto,1.0,175.0
51167.0,100.0,Nefas - Silk Lafto,1.0,175.0
43000.0,100.0,Nefas - Silk Lafto,1.0,175.0
39100.0,100.0,Nefas - Silk Lafto,1.0,175.0
69000.0,52.0,Nefas - Silk Lafto,1.0,175.0
44216.0,100.0,Nefas - Silk Lafto,1.0,175.0
42300.0,100.0,Nefas - Silk Lafto,1.0,175.0
53000.0,100.0,Nefas - Silk Lafto,1.0,175.0
44133.0,100.0,Nefas - Silk Lafto,1.0,175.0
40121.0,100.0,Nefas - Silk Lafto,1.0,175.0
37700.0,100.0,Nefas - Silk Lafto,1.0,255.0
52137.6,51.0,Nefas - Silk Lafto,1.0,255.0
34650.0,100.0,Nefas - Silk Lafto,1.0,255.0
75651.68,40.0,Nefas - Silk Lafto,1.0,267.0
40005.0,100.0,Nefas - Silk Lafto,1.0,267.0
39355.0,100.0,Nefas - Silk Lafto,1.0,267.0
47377.0,100.0,Nefas - Silk Lafto,1.0,175.0
45300.0,100.0,Nefas - Silk Lafto,1.0,175.0
37959.0,100.0,Nefas - Silk Lafto,1.0,175.0
48175.0,100.0,Nefas - Silk Lafto,1.0,175.0
46200.0,100.0,Nefas - Silk Lafto,1.0,175.0
42850.0,100.0,Nefas - Silk Lafto,1.0,175.0
41101.0,100.0,Nefas - Silk Lafto,1.0,175.0
40000.0,100.0,Nefas - Silk Lafto,1.0,175.0
37500.0,100.0,Nefas - Silk Lafto,1.0,175.0
41230.6,100.0,Nefas - Silk Lafto,1.0,175.0
40000.0,100.0,Nefas - Silk Lafto,1.0,175.0
38285.0,100.0,Nefas - Silk Lafto,1.0,175.0
43100.5,100.0,Nefas - Silk Lafto,1.0,175.0
42100.0,100.0,Nefas - Silk Lafto,1.0,175.0
41828.0,100.0,Nefas - Silk Lafto,1.0,175.0
41513.0,100.0,Nefas - Silk Lafto,1.0,175.0
41101.0,100.0,Nefas - Silk Lafto,1.0,175.0
35000.0,100.0,Nefas - Silk Lafto,1.0,175.0
43210.0,100.0,Nefas - Silk Lafto,1.0,175.0
41300.0,100.0,Nefas - Silk Lafto,1.0,175.0
41100.5,100.0,Nefas - Silk Lafto,1.0,175.0
62660.0,100.0,Nefas - Silk Lafto,1.0,175.0
47314.19,100.0,Nefas - Silk Lafto,1.0,175.0
42150.0,100.0,Nefas - Silk Lafto,1.0,175.0
41101.0,100.0,Nefas - Silk Lafto,1.0,175.0
41000.0,100.0,Nefas - Silk Lafto,1.0,175.0
38700.0,100.0,Nefas - Silk Lafto,1.0,175.0
48414.0,100.0,Nefas - Silk Lafto,1.0,176.0
42175.0,100.0,Nefas - Silk Lafto,1.0,176.0
41000.0,100.0,Nefas - Silk Lafto,1.0,176.0
53100.0,100.0,Nefas - Silk Lafto,1.0,227.0
49000.0,100.0,Nefas - Silk Lafto,1.0,227.0
45000.0,100.0,Nefas - Silk Lafto,1.0,227.0
45000.0,100.0,Nefas - Silk Lafto,1.0,150.0
35750.0,100.0,Nefas - Silk Lafto,1.0,150.0
25000.0,100.0,Nefas - Silk Lafto,1.0,150.0
45200.0,100.0,Nefas - Silk Lafto,1.0,150.0
36100.0,100.0,Nefas - Silk Lafto,1.0,150.0
38122.0,90.0,Nefas - Silk Lafto,1.0,150.0
32228.0,100.0,Nefas - Silk Lafto,1.0,150.0
31950.0,100.0,Nefas - Silk Lafto,1.0,150.0
37876.0,76.0,Nefas - Silk Lafto,1.0,150.0
36000.0,100.0,Nefas - Silk Lafto,1.0,150.0
33150.0,100.0,Nefas - Silk Lafto,1.0,150.0
24000.0,100.0,Nefas - Silk Lafto,1.0,150.0
81200.0,50.0,Nefas - Silk Lafto,1.0,150.0
44444.0,100.0,Nefas - Silk Lafto,1.0,150.0
41255.5,100.0,Nefas - Silk Lafto,1.0,150.0
50016.21,100.0,Nefas - Silk Lafto,1.0,150.0
35716.0,100.0,Nefas - Silk Lafto,1.0,150.0
32301.0,100.0,Nefas - Silk Lafto,1.0,150.0
44278.0,100.0,Nefas - Silk Lafto,1.0,150.0
43500.0,100.0,Nefas - Silk Lafto,1.0,150.0
35012.0,100.0,Nefas - Silk Lafto,1.0,150.0
45000.0,100.0,Nefas - Silk Lafto,1.0,232.0
44200.0,100.0,Nefas - Silk Lafto,1.0,232.0
36700.0,100.0,Nefas - Silk Lafto,1.0,232.0
52400.0,100.0,Nefas - Silk Lafto,1.0,125.0
65111.5,40.0,Nefas - Silk Lafto,1.0,125.0
32000.0,100.0,Nefas - Silk Lafto,1.0,125.0
51500.0,65.0,Nefas - Silk Lafto,1.0,150.0
47050.0,70.0,Nefas - Silk Lafto,1.0,150.0
41250.0,80.0,Nefas - Silk Lafto,1.0,150.0
51000.0,65.0,Nefas - Silk Lafto,1.0,150.0
38010.0,100.0,Nefas - Silk Lafto,1.0,150.0
36200.0,65.0,Nefas - Silk Lafto,1.0,150.0
43319.0,100.0,Nefas - Silk Lafto,1.0,150.0
36100.0,100.0,Nefas - Silk Lafto,1.0,150.0
35111.0,100.0,Nefas - Silk Lafto,1.0,150.0
45102.0,100.0,Nefas - Silk Lafto,1.0,150.0
41880.0,100.0,Nefas - Silk Lafto,1.0,150.0
41218.21,100.0,Nefas - Silk Lafto,1.0,150.0
39150.0,100.0,Nefas - Silk Lafto,1.0,150.0
33380.0,100.0,Nefas - Silk Lafto,1.0,150.0
25000.0,100.0,Nefas - Silk Lafto,1.0,150.0
41620.0,100.0,Nefas - Silk Lafto,1.0,150.0
61000.0,40.0,Nefas - Silk Lafto,1.0,150.0
47300.5,70.25,Nefas - Silk Lafto,1.0,150.0
76638.0,40.0,Nefas - Silk Lafto,1.0,150.0
42270.0,100.0,Nefas - Silk Lafto,1.0,150.0
40227.21,100.0,Nefas - Silk Lafto,1.0,150.0
48270.0,100.0,Nefas - Silk Lafto,1.0,150.0
43200.0,100.0,Nefas - Silk Lafto,1.0,150.0
37336.0,100.0,Nefas - Silk Lafto,1.0,150.0
43220.35,100.0,Nefas - Silk Lafto,1.0,177.0
36700.0,100.0,Nefas - Silk Lafto,1.0,177.0
52000.0,52.0,Nefas - Silk Lafto,1.0,177.0
50552.0,100.0,Nefas - Silk Lafto,1.0,222.0
45000.0,100.0,Nefas - Silk Lafto,1.0,222.0
36112.0,70.0,Nefas - Silk Lafto,1.0,222.0
43114.0,65.0,Nefas - Silk Lafto,1.0,150.0
46000.0,50.0,Nefas - Silk Lafto,1.0,150.0
36000.0,80.0,Nefas - Silk Lafto,1.0,150.0
45755.0,100.0,Nefas - Silk Lafto,1.0,150.0
27654.0,100.0,Nefas - Silk Lafto,1.0,150.0
36000.0,60.0,Nefas - Silk Lafto,1.0,150.0
21000.0,100.0,Nefas - Silk Lafto,1.0,150.0
20000.0,100.0,Nefas - Silk Lafto,1.0,150.0
16500.0,100.0,Nefas - Silk Lafto,1.0,150.0
55000.0,100.0,Nefas - Silk Lafto,1.0,150.0
46200.0,100.0,Nefas - Silk Lafto,1.0,150.0
41100.0,100.0,Nefas - Silk Lafto,1.0,150.0
41873.93,100.0,Nefas - Silk Lafto,1.0,150.0
60000.0,40.0,Nefas - Silk Lafto,1.0,150.0
32254.0,100.0,Nefas - Silk Lafto,1.0,150.0
46555.0,100.0,Nefas - Silk Lafto,1.0,150.0
32127.0,100.0,Nefas - Silk Lafto,1.0,150.0
30040.0,100.0,Nefas - Silk Lafto,1.0,150.0
55959.0,70.0,Nefas - Silk Lafto,1.0,211.0
41000.0,100.0,Nefas - Silk Lafto,1.0,211.0
39700.0,100.0,Nefas - Silk Lafto,1.0,211.0
47000.0,100.0,Nefas - Silk Lafto,1.0,144.0
38000.0,100.0,Nefas - Silk Lafto,1.0,144.0
32000.0,100.0,Nefas - Silk Lafto,1.0,144.0
51300.0,100.0,Nefas - Silk Lafto,1.0,122.0
51112.0,100.0,Nefas - Silk Lafto,1.0,122.0
64216.0,60.0,Nefas - Silk Lafto,1.0,122.0
39955.0,100.0,Nefas - Silk Lafto,1.0,150.0
42214.0,70.0,Nefas - Silk Lafto,1.0,150.0
41100.0,51.0,Nefas - Silk Lafto,1.0,150.0
45755.0,100.0,Nefas - Silk Lafto,1.0,150.0
41804.0,100.0,Nefas - Silk Lafto,1.0,150.0
48180.0,80.0,Nefas - Silk Lafto,1.0,150.0
51200.0,100.0,Nefas - Silk Lafto,1.0,150.0
36787.0,100.0,Nefas - Silk Lafto,1.0,150.0
42214.0,70.0,Nefas - Silk Lafto,1.0,150.0
59100.0,91.0,Nefas - Silk Lafto,1.0,150.0
40119.0,100.0,Nefas - Silk Lafto,1.0,150.0
48150.0,50.0,Nefas - Silk Lafto,1.0,150.0
45810.0,81.0,Nefas - Silk Lafto,1.0,150.0
26611.0,100.0,Nefas - Silk Lafto,1.0,150.0
28000.0,40.0,Nefas - Silk Lafto,1.0,150.0
45000.0,100.0,Nefas - Silk Lafto,1.0,150.0
51121.0,50.0,Nefas - Silk Lafto,1.0,150.0
31119.0,100.0,Nefas - Silk Lafto,1.0,150.0
66483.0,100.0,Nefas - Silk Lafto,1.0,150.0
50000.0,90.0,Nefas - Silk Lafto,1.0,150.0
44200.0,100.0,Nefas - Silk Lafto,1.0,150.0
59959.0,90.0,Nefas - Silk Lafto,1.0,156.0
42667.0,100.0,Nefas - Silk Lafto,1.0,156.0
41665.0,100.0,Nefas - Silk Lafto,1.0,156.0
48205.0,100.0,Kirkos,8.0,963.0
31321.0,100.0,Kirkos,8.0,963.0
42177.0,56.0,Kirkos,8.0,963.0
94200.0,100.0,Kirkos,8.0,1094.0
77110.0,100.0,Kirkos,8.0,1094.0
101355.0,50.0,Kirkos,8.0,1094.0
86700.0,100.0,Kirkos,8.0,1274.0
58500.0,100.0,Kirkos,8.0,1274.0
65200.0,70.0,Kirkos,8.0,1274.0
102150.0,93.0,Kirkos,8.0,780.0
78100.0,100.0,Kirkos,8.0,780.0
53513.0,100.0,Kirkos,8.0,780.0
92455.0,55.0,Kirkos,8.0,649.0
62428.62,100.0,Kirkos,8.0,649.0
51300.0,100.0,Kirkos,8.0,649.0
218000.0,40.0,Kirkos,8.0,615.0
120899.0,100.0,Kirkos,8.0,615.0
110100.0,100.0,Kirkos,8.0,615.0
265000.0,45.0,Kirkos,8.0,609.0
115021.29,100.0,Kirkos,8.0,609.0
102024.0,100.0,Kirkos,8.0,609.0
67250.0,100.0,Kirkos,8.0,1487.0
87000.0,40.0,Kirkos,8.0,1487.0
50354.0,100.0,Kirkos,8.0,1487.0
30150.0,100.0,Kolfe Keranyo,5.0,299.0
33855.0,70.0,Kolfe Keranyo,5.0,299.0
33444.8,70.0,Kolfe Keranyo,5.0,299.0
37123.0,100.0,Kolfe Keranyo,5.0,539.0
41050.0,70.0,Kolfe Keranyo,5.0,539.0
30500.0,100.0,Kolfe Keranyo,5.0,539.0
31652.0,100.0,Kolfe Keranyo,5.0,579.0
26116.0,100.0,Kolfe Keranyo,5.0,579.0
25000.0,100.0,Kolfe Keranyo,5.0,579.0
83799.0,100.0,Kolfe Keranyo,6.0,180.0
75100.0,100.0,Kolfe Keranyo,6.0,180.0
72255.05,100.0,Kolfe Keranyo,6.0,180.0
72271.0,100.0,Kolfe Keranyo,6.0,155.0
71112.0,100.0,Kolfe Keranyo,6.0,155.0
67100.0,100.0,Kolfe Keranyo,6.0,155.0
47832.23,100.0,Kolfe Keranyo,6.0,314.0
45100.0,100.0,Kolfe Keranyo,6.0,314.0
62000.0,55.0,Kolfe Keranyo,6.0,314.0
11800.0,100.0,Kolfe Keranyo,3.0,379.0
16000.0,50.0,Kolfe Keranyo,3.0,379.0
15850.0,50.0,Kolfe Keranyo,3.0,379.0
34550.0,50.0,Kolfe Keranyo,3.0,169.0
20500.0,100.0,Kolfe Keranyo,3.0,169.0
31000.0,45.0,Kolfe Keranyo,3.0,169.0
35005.99,100.0,Kolfe Keranyo,3.0,372.0
32795.0,100.0,Kolfe Keranyo,3.0,372.0
29100.0,100.0,Kolfe Keranyo,3.0,372.0
53150.0,100.0,Kolfe Keranyo,3.0,123.0
41285.4,100.0,Kolfe Keranyo,3.0,123.0
33333.43,100.0,Kolfe Keranyo,3.0,123.0
72155.0,100.0,Kolfe Keranyo,7.0,161.0
70100.0,100.0,Kolfe Keranyo,7.0,161.0
70050.0,100.0,Kolfe Keranyo,7.0,161.0
69111.0,100.0,Kolfe Keranyo,7.0,162.0
65100.0,100.0,Kolfe Keranyo,7.0,162.0
56076.0,100.0,Kolfe Keranyo,7.0,162.0
36667.0,100.0,Kolfe Keranyo,5.0,411.0
35925.99,100.0,Kolfe Keranyo,5.0,411.0
32112.5,100.0,Kolfe Keranyo,5.0,411.0
51099.68,60.0,Kolfe Keranyo,5.0,371.0
33500.0,100.0,Kolfe Keranyo,5.0,371.0
32121.0,100.0,Kolfe Keranyo,5.0,371.0
35749.0,100.0,Kolfe Keranyo,5.0,493.0
32300.0,100.0,Kolfe Keranyo,5.0,493.0
36000.0,50.0,Kolfe Keranyo,5.0,493.0
35150.0,100.0,Kolfe Keranyo,11.0,239.0
33472.8,100.0,Kolfe Keranyo,11.0,239.0
27060.0,70.0,Kolfe Keranyo,11.0,239.0
35100.0,50.0,Kolfe Keranyo,2.0,363.0
15000.0,100.0,Kolfe Keranyo,2.0,363.0
25000.0,40.0,Kolfe Keranyo,2.0,363.0
73426.05,100.0,Kolfe Keranyo,5.0,117.0
70200.0,100.0,Kolfe Keranyo,5.0,117.0
58000.0,100.0,Kolfe Keranyo,5.0,117.0
68100.0,52.0,Kolfe Keranyo,5.0,183.0
42590.28,100.0,Kolfe Keranyo,5.0,183.0
40500.0,50.0,Kolfe Keranyo,5.0,183.0
60119.0,100.0,Kolfe Keranyo,7.0,106.0
50235.85,100.0,Kolfe Keranyo,7.0,106.0
50100.0,100.0,Kolfe Keranyo,7.0,106.0
110000.0,65.0,Gulele,9.0,119.0
71119.0,100.0,Gulele,9.0,119.0
71010.0,100.0,Gulele,9.0,119.0
54016.0,60.0,Gulele,8.0,149.0
33112.12,100.0,Gulele,8.0,149.0
25500.0,100.0,Gulele,8.0,149.0
71100.0,80.0,Gulele,8.0,81.0
75019.0,50.0,Gulele,8.0,81.0
44027.0,100.0,Gulele,8.0,81.0
41100.0,100.0,Yeka,10.0,384.0
40027.0,100.0,Yeka,10.0,384.0
53220.0,61.0,Yeka,10.0,384.0
60110.0,100.0,Yeka,8.0,739.0
99998.0,40.0,Yeka,8.0,739.0
55500.0,100.0,Yeka,8.0,739.0
51110.0,100.0,Yeka,8.0,591.0
62000.0,62.0,Yeka,8.0,591.0
45420.15,100.0,Yeka,8.0,591.0
61000.0,100.0,Yeka,8.0,594.0
51600.0,100.0,Yeka,8.0,594.0
49000.0,100.0,Yeka,8.0,594.0
65916.0,75.0,Yeka,8.0,622.0
42500.0,100.0,Yeka,8.0,622.0
40200.0,100.0,Yeka,8.0,622.0
50600.0,100.0,Yeka,8.0,596.0
36100.0,100.0,Yeka,8.0,596.0
53000.0,50.0,Yeka,8.0,596.0
51000.0,100.0,Yeka,5.0,1273.0
80000.0,40.0,Yeka,5.0,1273.0
23566.38,100.0,Yeka,5.0,1273.0
23525.0,60.0,Yeka,5.0,1798.0
24189.66,40.0,Yeka,5.0,1798.0
16000.0,40.0,Yeka,5.0,1798.0
109999.0,100.0,Yeka,9.0,2515.0
47000.0,100.0,Yeka,9.0,2515.0
83000.0,40.0,Yeka,9.0,2515.0
81000.0,40.0,Yeka,9.0,2493.0
47000.0,100.0,Yeka,9.0,2493.0
75000.0,40.0,Yeka,9.0,2493.0
86000.0,42.0,Yeka,9.0,2510.0
84000.0,40.0,Yeka,9.0,2510.0
49000.0,100.0,Yeka,9.0,2510.0
67000.0,70.0,Yeka,9.0,2503.0
81000.0,40.0,Yeka,9.0,2503.0
45000.0,100.0,Yeka,9.0,2503.0
82000.0,40.0,Yeka,9.0,1696.0
27100.0,100.0,Yeka,9.0,1696.0
25112.0,100.0,Yeka,9.0,1696.0
63111.0,100.0,Yeka,7.0,1615.0
55150.0,52.0,Yeka,7.0,1615.0
37777.0,50.0,Yeka,7.0,1615.0
33320.0,48.0,Lemi Kura,4.0,392.0
25100.0,80.0,Lemi Kura,4.0,392.0
19217.0,75.0,Lemi Kura,4.0,392.0
27000.0,100.0,Lemi Kura,4.0,392.0
36240.0,45.0,Lemi Kura,4.0,392.0
21212.21,100.0,Lemi Kura,4.0,392.0
28862.0,100.0,Lemi Kura,4.0,588.0
21389.0,100.0,Lemi Kura,4.0,588.0
21560.0,51.0,Lemi Kura,4.0,588.0
28740.0,100.0,Lemi Kura,4.0,653.0
13100.0,100.0,Lemi Kura,4.0,653.0
18775.0,55.0,Lemi Kura,4.0,653.0
22102.55,100.0,Lemi Kura,4.0,704.0
21306.82,100.0,Lemi Kura,4.0,704.0
31250.0,50.0,Lemi Kura,4.0,704.0
22500.0,100.0,Lemi Kura,4.0,551.0
21335.35,100.0,Lemi Kura,4.0,551.0
28250.3,52.0,Lemi Kura,4.0,551.0
65000.0,40.0,Lemi Kura,4.0,188.0
63431.0,40.0,Lemi Kura,4.0,188.0
32823.18,100.0,Lemi Kura,4.0,188.0
34112.0,100.0,Lemi Kura,4.0,223.0
23122.99,100.0,Lemi Kura,4.0,223.0
19612.0,100.0,Lemi Kura,4.0,223.0
27500.0,100.0,Lemi Kura,4.0,238.0
21856.0,100.0,Lemi Kura,4.0,238.0
26000.0,65.0,Lemi Kura,4.0,238.0
32421.0,85.0,Lemi Kura,4.0,250.0
28000.0,80.0,Lemi Kura,4.0,250.0
22650.0,100.0,Lemi Kura,4.0,250.0
28212.0,100.0,Lemi Kura,4.0,250.0
25200.0,100.0,Lemi Kura,4.0,250.0
24000.0,100.0,Lemi Kura,4.0,250.0
38200.0,58.0,Lemi Kura,4.0,250.0
21300.0,100.0,Lemi Kura,4.0,250.0
21212.19,100.0,Lemi Kura,4.0,250.0
31000.0,60.0,Lemi Kura,4.0,250.0
28101.0,70.0,Lemi Kura,4.0,250.0
20670.0,100.0,Lemi Kura,4.0,250.0
24750.0,100.0,Lemi Kura,4.0,250.0
23001.0,100.0,Lemi Kura,4.0,250.0
22130.0,100.0,Lemi Kura,4.0,250.0
32000.0,100.0,Lemi Kura,4.0,250.0
30500.0,100.0,Lemi Kura,4.0,250.0
21369.99,100.0,Lemi Kura,4.0,250.0
30900.0,70.0,Lemi Kura,4.0,250.0
17360.0,100.0,Lemi Kura,4.0,250.0
16127.59,100.0,Lemi Kura,4.0,250.0
25000.0,100.0,Lemi Kura,4.0,250.0
22522.0,100.0,Lemi Kura,4.0,250.0
29000.0,60.0,Lemi Kura,4.0,250.0
35000.0,60.0,Lemi Kura,4.0,343.0
18209.86,80.0,Lemi Kura,4.0,343.0
12320.0,100.0,Lemi Kura,4.0,343.0
16255.19,100.0,Lemi Kura,4.0,299.0
17100.0,80.0,Lemi Kura,4.0,299.0
12012.0,100.0,Lemi Kura,4.0,299.0
18661.42,100.0,Lemi Kura,4.0,381.0
27185.36,51.0,Lemi Kura,4.0,381.0
24001.99,60.0,Lemi Kura,4.0,381.0
21250.0,100.0,Lemi Kura,4.0,334.0
20401.0,100.0,Lemi Kura,4.0,334.0
18020.0,100.0,Lemi Kura,4.0,334.0
21750.0,100.0,Lemi Kura,4.0,308.0
20901.25,100.0,Lemi Kura,4.0,308.0
19581.0,100.0,Lemi Kura,4.0,308.0
22551.0,100.0,Lemi Kura,4.0,332.0
27000.0,50.0,Lemi Kura,4.0,332.0
12127.0,100.0,Lemi Kura,4.0,332.0
37011.0,60.0,Lemi Kura,4.0,188.0
25366.0,100.0,Lemi Kura,4.0,188.0
22101.0,100.0,Lemi Kura,4.0,188.0
22250.55,100.0,Lemi Kura,4.0,188.0
22010.0,100.0,Lemi Kura,4.0,188.0
30000.0,60.0,Lemi Kura,4.0,188.0
28024.0,100.0,Lemi Kura,4.0,188.0
40123.0,40.0,Lemi Kura,4.0,188.0
24019.0,100.0,Lemi Kura,4.0,188.0
41500.0,100.0,Lemi Kura,4.0,188.0
29889.0,100.0,Lemi Kura,4.0,188.0
26021.0,100.0,Lemi Kura,4.0,188.0
11000.0,100.0,Lemi Kura,4.0,350.0
9000.0,100.0,Lemi Kura,4.0,350.0
13100.0,50.0,Lemi Kura,4.0,350.0
16500.35,100.0,Lemi Kura,4.0,299.0
15289.0,100.0,Lemi Kura,4.0,299.0
20125.0,54.0,Lemi Kura,4.0,299.0
25578.0,50.0,Lemi Kura,4.0,315.0
12721.0,100.0,Lemi Kura,4.0,315.0
10295.0,100.0,Lemi Kura,4.0,315.0
35521.0,100.0,Lemi Kura,4.0,323.0
26121.23,100.0,Lemi Kura,4.0,323.0
20000.0,100.0,Lemi Kura,4.0,323.0
15280.65,100.0,Lemi Kura,4.0,319.0
23221.0,48.0,Lemi Kura,4.0,319.0
12990.0,100.0,Lemi Kura,4.0,319.0
20191.21,100.0,Lemi Kura,4.0,314.0
15016.0,100.0,Lemi Kura,4.0,314.0
13777.0,100.0,Lemi Kura,4.0,314.0
27000.0,100.0,Lemi Kura,4.0,310.0
17999.95,100.0,Lemi Kura,4.0,310.0
26700.0,50.0,Lemi Kura,4.0,310.0
17020.5,100.0,Lemi Kura,4.0,240.0
14166.66,100.0,Lemi Kura,4.0,240.0
19666.0,42.0,Lemi Kura,4.0,240.0
32295.0,86.0,Lemi Kura,4.0,237.0
17721.22,100.0,Lemi Kura,4.0,237.0
21097.04,80.0,Lemi Kura,4.0,237.0
23777.0,100.0,Lemi Kura,4.0,237.0
35151.0,51.0,Lemi Kura,4.0,237.0
16821.23,100.0,Lemi Kura,4.0,237.0
19213.0,65.0,Lemi Kura,4.0,233.0
10779.75,100.0,Lemi Kura,4.0,233.0
5233.21,100.0,Lemi Kura,4.0,233.0
35000.0,70.0,Lemi Kura,4.0,225.0
29999.0,90.0,Lemi Kura,4.0,225.0
31112.0,51.0,Lemi Kura,4.0,225.0
45129.0,60.0,Lemi Kura,4.0,225.0
13845.0,100.0,Lemi Kura,4.0,284.0
12200.0,100.0,Lemi Kura,4.0,284.0
21250.0,70.0,Lemi Kura,4.0,308.0
14660.0,100.0,Lemi Kura,4.0,308.0
12050.0,100.0,Lemi Kura,4.0,308.0
31075.0,50.0,Lemi Kura,4.0,398.0
14777.0,85.0,Lemi Kura,4.0,398.0
11050.0,100.0,Lemi Kura,4.0,398.0
21550.0,100.0,Akaki Kality,9.0,586.0
18100.0,100.0,Akaki Kality,9.0,586.0
21312.55,100.0,Akaki Kality,9.0,586.0
18500.0,100.0,Akaki Kality,9.0,511.0
26000.0,100.0,Akaki Kality,9.0,511.0
25125.75,100.0,Akaki Kality,9.0,511.0
46100.0,100.0,Akaki Kality,4.0,132.0
31529.0,100.0,Akaki Kality,4.0,132.0
36519.12,100.0,Akaki Kality,4.0,132.0
42107.07,100.0,Akaki Kality,4.0,132.0
29385.0,100.0,Akaki Kality,4.0,132.0
27160.0,100.0,Akaki Kality,4.0,132.0
42111.0,100.0,Akaki Kality,4.0,173.0
26026.26,100.0,Akaki Kality,4.0,173.0
25456.25,100.0,Akaki Kality,4.0,173.0
44700.0,100.0,Akaki Kality,4.0,170.0
21150.0,100.0,Akaki Kality,4.0,170.0
17286.0,100.0,Akaki Kality,4.0,170.0
17621.0,100.0,Akaki Kality,4.0,609.0
16100.0,100.0,Akaki Kality,4.0,609.0
8550.0,100.0,Akaki Kality,4.0,609.0
17321.0,100.0,Akaki Kality,4.0,803.0
12880.0,100.0,Akaki Kality,4.0,803.0
12100.0,100.0,Akaki Kality,4.0,803.0
27000.0,100.0,Akaki Kality,4.0,667.0
15657.0,100.0,Akaki Kality,4.0,667.0
13000.0,100.0,Akaki Kality,4.0,667.0
28333.0,100.0,Akaki Kality,4.0,714.0
16629.0,100.0,Akaki Kality,4.0,714.0
8000.0,100.0,Akaki Kality,4.0,714.0
29008.25,100.0,Akaki Kality,4.0,606.0
26733.0,100.0,Akaki Kality,4.0,606.0
21550.0,100.0,Akaki Kality,4.0,606.0
23200.0,100.0,Akaki Kality,1.0,540.0
16000.0,100.0,Akaki Kality,1.0,540.0
10088.0,100.0,Akaki Kality,1.0,540.0
30160.0,100.0,Akaki Kality,1.0,473.0
18777.0,100.0,Akaki Kality,1.0,473.0
18300.0,100.0,Akaki Kality,1.0,473.0
23226.0,100.0,Akaki Kality,1.0,412.0
29500.0,100.0,Akaki Kality,1.0,412.0
10990.62,100.0,Akaki Kality,1.0,412.0
42251.21,100.0,Akaki Kality,1.0,154.0
33333.33,100.0,Akaki Kality,1.0,154.0
37121.0,100.0,Akaki Kality,1.0,154.0
45621.19,100.0,Akaki Kality,1.0,127.0
32283.46,100.0,Akaki Kality,1.0,127.0
45012.0,100.0,Akaki Kality,1.0,127.0
31520.0,100.0,Akaki Kality,4.0,217.0
21510.0,100.0,Akaki Kality,4.0,217.0
21200.0,100.0,Akaki Kality,4.0,217.0
25699.0,100.0,Akaki Kality,4.0,1309.0
9950.5,100.0,Akaki Kality,4.0,1309.0
9629.0,100.0,Akaki Kality,4.0,1309.0
26301.0,100.0,Akaki Kality,4.0,1309.0
13233.0,100.0,Akaki Kality,4.0,1225.0
11493.83,100.0,Akaki Kality,4.0,1225.0
25215.0,100.0,Akaki Kality,4.0,244.0
25000.0,100.0,Akaki Kality,4.0,244.0
41113.0,100.0,Akaki Kality,4.0,244.0
27659.0,100.0,Akaki Kality,4.0,250.0
20100.0,100.0,Akaki Kality,4.0,250.0
10000.0,100.0,Akaki Kality,4.0,250.0
27621.0,100.0,Akaki Kality,4.0,350.0
25511.0,100.0,Akaki Kality,4.0,350.0
25000.0,100.0,Akaki Kality,4.0,350.0
26775.0,100.0,Akaki Kality,4.0,350.0
17000.0,100.0,Akaki Kality,4.0,350.0
12910.0,100.0,Akaki Kality,4.0,350.0
26109.0,100.0,Akaki Kality,2.0,1728.0
18619.0,100.0,Akaki Kality,2.0,1728.0
14557.0,100.0,Akaki Kality,2.0,1728.0
21557.0,100.0,Akaki Kality,2.0,958.0
20799.0,100.0,Akaki Kality,2.0,958.0
17021.0,100.0,Akaki Kality,2.0,958.0
25000.0,100.0,Akaki Kality,2.0,199.0
28550.0,100.0,Akaki Kality,2.0,199.0
20200.0,100.0,Akaki Kality,2.0,199.0
19800.0,100.0,Akaki Kality,2.0,202.0
26177.77,100.0,Akaki Kality,2.0,202.0
28000.0,100.0,Akaki Kality,2.0,202.0
22621.0,100.0,Akaki Kality,2.0,204.0
22000.0,100.0,Akaki Kality,2.0,204.0
17000.0,100.0,Akaki Kality,2.0,204.0
30299.0,100.0,Akaki Kality,2.0,260.0
24700.0,100.0,Akaki Kality,2.0,260.0
34000.0,100.0,Akaki Kality,2.0,260.0
45121.19,100.0,Akaki Kality,2.0,148.0
41550.0,100.0,Akaki Kality,2.0,148.0
35100.0,100.0,Akaki Kality,2.0,148.0
45600.0,100.0,Akaki Kality,2.0,147.0
45083.5,100.0,Akaki Kality,2.0,147.0
49110.0,100.0,Akaki Kality,2.0,147.0
33520.0,100.0,Akaki Kality,2.0,145.0
31513.0,100.0,Akaki Kality,2.0,145.0
31500.0,100.0,Akaki Kality,2.0,145.0
33621.0,100.0,Akaki Kality,2.0,142.0
28212.0,100.0,Akaki Kality,2.0,142.0
27988.0,100.0,Akaki Kality,2.0,142.0
38735.0,100.0,Akaki Kality,2.0,142.0
35629.0,100.0,Akaki Kality,2.0,142.0
31160.0,100.0,Akaki Kality,2.0,142.0
25725.33,100.0,Akaki Kality,2.0,549.0
21000.0,100.0,Akaki Kality,2.0,549.0
15331.87,100.0,Akaki Kality,2.0,549.0
21110.0,100.0,Akaki Kality,2.0,533.0
14619.0,100.0,Akaki Kality,2.0,533.0
21150.0,100.0,Akaki Kality,2.0,533.0
28127.0,100.0,Akaki Kality,2.0,1439.0
16621.0,100.0,Akaki Kality,2.0,1439.0
14100.98,100.0,Akaki Kality,2.0,1439.0
14100.98,100.0,Akaki Kality,2.0,1337.0
17000.0,100.0,Akaki Kality,2.0,1337.0
11594.0,100.0,Akaki Kality,2.0,1337.0
25021.0,100.0,Akaki Kality,2.0,145.0
20170.0,100.0,Akaki Kality,2.0,145.0
14023.0,100.0,Akaki Kality,2.0,145.0
32999.0,100.0,Akaki Kality,2.0,145.0
27100.0,100.0,Akaki Kality,2.0,145.0
21030.0,100.0,Akaki Kality,2.0,145.0
40271.25,100.0,Akaki Kality,2.0,144.0
28675.0,100.0,Akaki Kality,2.0,144.0
28645.0,100.0,Akaki Kality,2.0,144.0
28888.0,100.0,Akaki Kality,2.0,148.0
27150.0,100.0,Akaki Kality,2.0,148.0
35653.0,100.0,Akaki Kality,2.0,148.0
32298.99,100.0,Akaki Kality,2.0,144.0
31500.0,100.0,Akaki Kality,2.0,144.0
27800.99,100.0,Akaki Kality,2.0,144.0
37511.0,100.0,Akaki Kality,2.0,148.0
37290.0,100.0,Akaki Kality,2.0,148.0
30558.0,100.0,Akaki Kality,2.0,148.0
28210.0,100.0,Akaki Kality,2.0,144.0
27100.0,100.0,Akaki Kality,2.0,144.0
31112.5,100.0,Akaki Kality,2.0,144.0
29100.0,100.0,Akaki Kality,2.0,148.0
23755.0,100.0,Akaki Kality,2.0,148.0
21216.0,100.0,Akaki Kality,2.0,148.0
51115.0,100.0,Akaki Kality,8.0,125.0
27253.21,100.0,Akaki Kality,8.0,125.0
23250.0,100.0,Akaki Kality,8.0,125.0
28000.0,100.0,Akaki Kality,8.0,125.0
27444.0,100.0,Akaki Kality,8.0,125.0
40000.0,100.0,Akaki Kality,8.0,125.0
37280.0,100.0,Akaki Kality,8.0,125.0
22300.0,100.0,Akaki Kality,8.0,125.0
25602.0,100.0,Akaki Kality,8.0,125.0
40125.0,100.0,Akaki Kality,8.0,125.0
35555.0,100.0,Akaki Kality,8.0,125.0
21000.0,100.0,Akaki Kality,8.0,125.0
24364.0,100.0,Akaki Kality,8.0,125.0
21021.0,100.0,Akaki Kality,8.0,125.0
21000.0,100.0,Akaki Kality,8.0,125.0
25000.0,100.0,Akaki Kality,8.0,125.0
22199.0,100.0,Akaki Kality,8.0,125.0
21000.0,100.0,Akaki Kality,8.0,125.0
38554.23,100.0,Akaki Kality,8.0,125.0
26100.0,100.0,Akaki Kality,8.0,125.0
25685.0,100.0,Akaki Kality,8.0,125.0
26156.99,100.0,Akaki Kality,8.0,125.0
21612.0,100.0,Akaki Kality,8.0,125.0
15000.0,100.0,Akaki Kality,8.0,125.0
45000.0,100.0,Akaki Kality,8.0,125.0
18400.0,100.0,Akaki Kality,8.0,125.0
16121.0,100.0,Akaki Kality,8.0,125.0
31800.0,100.0,Akaki Kality,8.0,125.0
41116.0,100.0,Akaki Kality,8.0,125.0
25100.0,100.0,Akaki Kality,8.0,125.0
48120.0,100.0,Akaki Kality,8.0,125.0
25512.0,100.0,Akaki Kality,8.0,125.0
21200.0,100.0,Akaki Kality,8.0,125.0
39800.0,100.0,Akaki Kality,8.0,125.0
29100.0,100.0,Akaki Kality,8.0,125.0
22205.0,100.0,Akaki Kality,8.0,125.0
24550.0,100.0,Akaki Kality,8.0,125.0
22689.0,100.0,Akaki Kality,8.0,125.0
32500.0,40.0,Akaki Kality,8.0,125.0
30101.0,100.0,Akaki Kality,8.0,125.0
24000.0,100.0,Akaki Kality,8.0,125.0
15125.0,100.0,Akaki Kality,8.0,125.0
32255.0,100.0,Akaki Kality,8.0,186.0
26888.0,100.0,Akaki Kality,8.0,186.0
36565.0,60.0,Akaki Kality,8.0,186.0
43500.0,55.0,Akaki Kality,8.0,153.0
16990.9,100.0,Akaki Kality,8.0,153.0
16878.0,100.0,Akaki Kality,8.0,153.0
20051.0,100.0,Akaki Kality,8.0,227.0
21137.0,60.0,Akaki Kality,8.0,227.0
15500.0,100.0,Akaki Kality,8.0,227.0
18100.0,61.0,Akaki Kality,8.0,567.0
16000.0,70.0,Akaki Kality,8.0,567.0
12350.0,100.0,Akaki Kality,8.0,567.0
18779.0,100.0,Akaki Kality,8.0,500.0
16700.0,100.0,Akaki Kality,8.0,500.0
20111.0,45.0,Akaki Kality,8.0,500.0
29050.0,100.0,Akaki Kality,8.0,245.0
20461.0,100.0,Akaki Kality,8.0,245.0
19500.0,100.0,Akaki Kality,8.0,245.0
26723.0,100.0,Akaki Kality,1.0,311.0
16689.0,100.0,Akaki Kality,1.0,311.0
16088.0,100.0,Akaki Kality,1.0,311.0
61000.0,100.0,Akaki Kality,1.0,240.0
39145.0,100.0,Akaki Kality,1.0,240.0
31390.0,100.0,Akaki Kality,1.0,240.0
31124.0,100.0,Akaki Kality,1.0,280.0
29001.0,100.0,Akaki Kality,1.0,280.0
34100.0,81.0,Akaki Kality,1.0,280.0
23233.0,100.0,Akaki Kality,1.0,583.0
16210.0,100.0,Akaki Kality,1.0,583.0
13740.0,100.0,Akaki Kality,1.0,583.0
21321.0,100.0,Akaki Kality,1.0,590.0
17100.0,100.0,Akaki Kality,1.0,590.0
13300.0,100.0,Akaki Kality,1.0,590.0
18100.0,100.0,Akaki Kality,1.0,539.0
15000.0,100.0,Akaki Kality,1.0,539.0
14842.31,60.0,Akaki Kality,1.0,539.0
25200.0,100.0,Akaki Kality,1.0,492.0
23221.0,100.0,Akaki Kality,1.0,492.0
22560.97,100.0,Akaki Kality,1.0,492.0
25000.0,100.0,Akaki Kality,1.0,590.0
23221.0,100.0,Akaki Kality,1.0,590.0
19210.0,100.0,Akaki Kality,1.0,590.0
22600.0,100.0,Akaki Kality,1.0,431.0
19145.0,100.0,Akaki Kality,1.0,431.0
18601.8,100.0,Akaki Kality,1.0,431.0
27120.0,100.0,Akaki Kality,1.0,554.0
23360.0,100.0,Akaki Kality,1.0,554.0
25025.0,80.0,Akaki Kality,1.0,554.0
69369.36,40.0,Akaki Kality,1.0,100.0
41221.0,100.0,Akaki Kality,1.0,100.0
38000.0,100.0,Akaki Kality,1.0,100.0
65048.59,70.0,Akaki Kality,1.0,103.0
45166.0,100.0,Akaki Kality,1.0,103.0
70100.0,45.0,Akaki Kality,1.0,103.0
35155.65,100.0,Akaki Kality,1.0,150.0
32479.0,100.0,Akaki Kality,1.0,150.0
28150.0,85.0,Akaki Kality,1.0,150.0
25529.0,100.0,Akaki Kality,1.0,150.0
27210.76,56.0,Akaki Kality,1.0,150.0
16711.0,100.0,Akaki Kality,1.0,150.0
43505.0,70.0,Akaki Kality,1.0,150.0
27629.0,100.0,Akaki Kality,1.0,150.0
26806.66,100.0,Akaki Kality,1.0,150.0
30677.0,100.0,Akaki Kality,1.0,150.0
28121.0,100.0,Akaki Kality,1.0,150.0
27350.0,100.0,Akaki Kality,1.0,150.0
35000.0,80.0,Akaki Kality,1.0,150.0
26846.66,100.0,Akaki Kality,1.0,150.0
24250.0,100.0,Akaki Kality,1.0,150.0
47000.0,65.0,Akaki Kality,1.0,152.0
27769.73,100.0,Akaki Kality,1.0,152.0
25121.0,100.0,Akaki Kality,1.0,152.0
36312.9,100.0,Akaki Kality,1.0,179.0
27850.0,100.0,Akaki Kality,1.0,179.0
27629.0,100.0,Akaki Kality,1.0,179.0
41000.0,100.0,Akaki Kality,1.0,127.0
34345.0,100.0,Akaki Kality,1.0,127.0
32050.0,100.0,Akaki Kality,1.0,127.0
65100.0,40.0,Akaki Kality,1.0,129.0
28016.0,100.0,Akaki Kality,1.0,129.0
41192.89,60.0,Akaki Kality,1.0,129.0
31000.0,100.0,Akaki Kality,1.0,130.0
40100.0,48.0,Akaki Kality,1.0,130.0
25163.0,100.0,Akaki Kality,1.0,130.0
27600.0,100.0,Akaki Kality,1.0,132.0
31000.0,50.0,Akaki Kality,1.0,132.0
21276.5,40.0,Akaki Kality,1.0,132.0
36100.0,100.0,Akaki Kality,1.0,133.0
35000.0,60.0,Akaki Kality,1.0,133.0
23330.0,100.0,Akaki Kality,1.0,133.0
33830.0,100.0,Akaki Kality,1.0,134.0
41300.0,70.0,Akaki Kality,1.0,134.0
31685.0,100.0,Akaki Kality,1.0,134.0
38000.0,100.0,Akaki Kality,1.0,136.0
51619.0,60.0,Akaki Kality,1.0,136.0
27777.0,100.0,Akaki Kality,1.0,136.0
47000.0,65.0,Akaki Kality,1.0,136.0
36501.0,85.0,Akaki Kality,1.0,137.0
26199.9,85.0,Akaki Kality,1.0,137.0
32301.0,100.0,Akaki Kality,1.0,278.0
27099.94,100.0,Akaki Kality,1.0,278.0
19889.0,100.0,Akaki Kality,1.0,278.0
27109.8,100.0,Akaki Kality,1.0,278.0
38019.21,40.0,Akaki Kality,1.0,278.0
22151.78,100.0,Akaki Kality,1.0,278.0
48110.0,71.0,Akaki Kality,1.0,141.0
27227.0,100.0,Akaki Kality,1.0,141.0
25531.92,100.0,Akaki Kality,1.0,141.0
41100.0,100.0,Akaki Kality,1.0,141.0
37387.34,77.0,Akaki Kality,1.0,141.0
36171.0,75.0,Akaki Kality,1.0,141.0
43151.0,100.0,Akaki Kality,1.0,141.0
39785.0,100.0,Akaki Kality,1.0,141.0
36000.0,80.0,Akaki Kality,1.0,141.0
33333.33,100.0,Akaki Kality,1.0,141.0
30500.0,100.0,Akaki Kality,1.0,141.0
36112.0,76.0,Akaki Kality,1.0,141.0
32210.0,81.0,Akaki Kality,1.0,141.0
27125.0,90.0,Akaki Kality,1.0,141.0
28000.0,76.0,Akaki Kality,1.0,141.0
41265.0,100.0,Akaki Kality,1.0,141.0
35460.0,100.0,Akaki Kality,1.0,141.0
26250.0,100.0,Akaki Kality,1.0,141.0
45665.0,100.0,Akaki Kality,1.0,119.0
42019.0,100.0,Akaki Kality,1.0,119.0
21660.0,100.0,Akaki Kality,1.0,119.0
42058.82,100.0,Akaki Kality,1.0,119.0
38121.06,100.0,Akaki Kality,1.0,119.0
37100.0,100.0,Akaki Kality,1.0,119.0
43695.0,74.0,Akaki Kality,1.0,118.0
33411.11,100.0,Akaki Kality,1.0,118.0
45000.0,50.0,Akaki Kality,1.0,118.0
42381.36,100.0,Akaki Kality,1.0,118.0
32220.0,100.0,Akaki Kality,1.0,118.0
29962.63,100.0,Akaki Kality,1.0,118.0
44605.01,100.0,Akaki Kality,1.0,116.0
45000.0,75.0,Akaki Kality,1.0,116.0
30175.0,100.0,Akaki Kality,1.0,116.0
59200.0,40.0,Akaki Kality,1.0,115.0
28500.0,100.0,Akaki Kality,1.0,115.0
22000.0,100.0,Akaki Kality,1.0,115.0
31933.0,100.0,Akaki Kality,1.0,119.0
30016.0,100.0,Akaki Kality,1.0,119.0
27444.0,100.0,Akaki Kality,1.0,119.0
19750.0,65.0,Akaki Kality,1.0,119.0
20150.0,40.0,Akaki Kality,1.0,119.0
10000.0,100.0,Akaki Kality,1.0,119.0
39100.0,100.0,Akaki Kality,1.0,119.0
32550.0,100.0,Akaki Kality,1.0,119.0
31100.0,100.0,Akaki Kality,1.0,119.0
22876.0,100.0,Akaki Kality,1.0,119.0
25210.0,75.0,Akaki Kality,1.0,119.0
21000.0,100.0,Akaki Kality,1.0,119.0
36000.0,100.0,Akaki Kality,1.0,116.0
31000.0,100.0,Akaki Kality,1.0,116.0
27012.0,100.0,Akaki Kality,1.0,116.0
52115.0,55.0,Akaki Kality,1.0,115.0
31459.0,100.0,Akaki Kality,1.0,115.0
18923.0,100.0,Akaki Kality,1.0,115.0
15742.59,100.0,Akaki Kality,1.0,712.0
15555.0,100.0,Akaki Kality,1.0,712.0
1312.0,100.0,Akaki Kality,1.0,712.0
20500.0,60.0,Akaki Kality,1.0,881.0
12211.0,40.0,Akaki Kality,1.0,881.0
10200.0,45.0,Akaki Kality,1.0,881.0
11621.0,40.0,Akaki Kality,1.0,800.0
6189.0,100.0,Akaki Kality,1.0,800.0
10001.0,42.0,Akaki Kality,1.0,800.0
21150.0,60.0,Akaki Kality,1.0,682.0
15021.0,50.0,Akaki Kality,1.0,682.0
4850.0,100.0,Akaki Kality,1.0,682.0
13000.0,100.0,Akaki Kality,1.0,233.0
11000.0,100.0,Akaki Kality,1.0,233.0
8000.0,100.0,Akaki Kality,1.0,233.0
25775.0,100.0,Akaki Kality,1.0,195.0
15999.0,100.0,Akaki Kality,1.0,195.0
13000.0,100.0,Akaki Kality,1.0,195.0
26000.0,45.0,Akaki Kality,1.0,150.0
21759.0,62.0,Akaki Kality,1.0,150.0
8524.0,100.0,Akaki Kality,1.0,150.0
27301.0,100.0,Akaki Kality,1.0,150.0
21100.1,100.0,Akaki Kality,1.0,150.0
16666.67,80.0,Akaki Kality,1.0,150.0
25600.0,100.0,Akaki Kality,1.0,150.0
12112.0,100.0,Akaki Kality,1.0,150.0
10651.0,100.0,Akaki Kality,1.0,150.0
57255.0,65.0,Akaki Kality,1.0,150.0
31321.0,100.0,Akaki Kality,1.0,150.0
27762.0,100.0,Akaki Kality,1.0,150.0
22900.0,100.0,Akaki Kality,1.0,150.0
22550.0,100.0,Akaki Kality,1.0,150.0
27987.96,40.0,Akaki Kality,1.0,150.0
35123.0,100.0,Akaki Kality,1.0,150.0
31511.0,100.0,Akaki Kality,1.0,150.0
24227.21,100.0,Akaki Kality,1.0,150.0
22550.0,100.0,Akaki Kality,1.0,150.0
21000.0,100.0,Akaki Kality,1.0,150.0
17100.0,100.0,Akaki Kality,1.0,150.0
32570.0,82.0,Akaki Kality,1.0,150.0
32800.5,50.0,Akaki Kality,1.0,150.0
26550.0,60.0,Akaki Kality,1.0,150.0
31721.0,100.0,Akaki Kality,1.0,150.0
31150.0,100.0,Akaki Kality,1.0,150.0
25115.0,60.0,Akaki Kality,1.0,150.0
33721.0,100.0,Akaki Kality,1.0,150.0
31510.0,100.0,Akaki Kality,1.0,150.0
31500.0,60.0,Akaki Kality,1.0,150.0
32313.0,65.0,Akaki Kality,1.0,150.0
14221.0,100.0,Akaki Kality,1.0,150.0
11200.0,100.0,Akaki Kality,1.0,150.0
34510.0,100.0,Akaki Kality,1.0,150.0
27685.0,100.0,Akaki Kality,1.0,150.0
27271.0,100.0,Akaki Kality,1.0,150.0
24100.0,100.0,Akaki Kality,1.0,150.0
23000.0,100.0,Akaki Kality,1.0,150.0
14221.0,100.0,Akaki Kality,1.0,150.0
28785.0,100.0,Akaki Kality,1.0,150.0
22850.0,100.0,Akaki Kality,1.0,150.0
17000.0,100.0,Akaki Kality,1.0,150.0
28357.0,100.0,Akaki Kality,1.0,150.0
21000.0,100.0,Akaki Kality,1.0,150.0
14221.0,100.0,Akaki Kality,1.0,150.0
33000.0,100.0,Akaki Kality,1.0,150.0
30668.0,100.0,Akaki Kality,1.0,150.0
29217.0,100.0,Akaki Kality,1.0,150.0
8720.51,100.0,Akaki Kality,1.0,150.0
6770.0,100.0,Akaki Kality,1.0,150.0
2600.0,100.0,Akaki Kality,1.0,150.0
31125.0,100.0,Akaki Kality,1.0,150.0
35110.0,50.0,Akaki Kality,1.0,150.0
25500.0,75.0,Akaki Kality,1.0,150.0
16121.0,100.0,Akaki Kality,1.0,150.0
15121.0,100.0,Akaki Kality,1.0,150.0
6500.0,100.0,Akaki Kality,1.0,150.0
27790.0,100.0,Akaki Kality,1.0,150.0
27621.0,100.0,Akaki Kality,1.0,150.0
38500.0,45.0,Akaki Kality,1.0,150.0
48110.0,81.0,Akaki Kality,1.0,152.0
26889.0,100.0,Akaki Kality,1.0,152.0
25100.0,100.0,Akaki Kality,1.0,152.0
37000.0,100.0,Akaki Kality,1.0,154.0
13300.0,100.0,Akaki Kality,1.0,154.0
9500.0,100.0,Akaki Kality,1.0,154.0
33333.46,100.0,Akaki Kality,1.0,150.0
19350.0,100.0,Akaki Kality,1.0,150.0
8624.0,100.0,Akaki Kality,1.0,150.0
35555.0,100.0,Akaki Kality,1.0,150.0
23775.0,100.0,Akaki Kality,1.0,150.0
16129.0,100.0,Akaki Kality,1.0,150.0
36099.0,100.0,Akaki Kality,1.0,145.0
21629.0,100.0,Akaki Kality,1.0,145.0
21160.0,100.0,Akaki Kality,1.0,145.0
36000.0,60.0,Akaki Kality,1.0,141.0
22340.42,100.0,Akaki Kality,1.0,141.0
11159.0,100.0,Akaki Kality,1.0,141.0
21500.0,100.0,Akaki Kality,1.0,137.0
20656.0,65.0,Akaki Kality,1.0,137.0
14100.0,100.0,Akaki Kality,1.0,137.0
32302.0,100.0,Akaki Kality,1.0,131.0
24512.0,100.0,Akaki Kality,1.0,131.0
24160.0,100.0,Akaki Kality,1.0,131.0
54400.0,100.0,Addis Ketema,14.0,114.0
53005.92,100.0,Addis Ketema,14.0,114.0
44101.0,100.0,Addis Ketema,14.0,114.0
25100.0,100.0,Addis Ketema,14.0,456.0
19217.0,100.0,Addis Ketema,14.0,456.0
14550.0,100.0,Addis Ketema,14.0,456.0
52555.5,100.0,Addis Ketema,14.0,155.0
46451.0,100.0,Addis Ketema,14.0,155.0
45170.0,100.0,Addis Ketema,14.0,155.0
36120.0,100.0,Addis Ketema,14.0,423.0
35000.0,100.0,Addis Ketema,14.0,423.0
45100.0,60.0,Addis Ketema,14.0,423.0
21900.0,100.0,Addis Ketema,14.0,552.0
20530.0,100.0,Addis Ketema,14.0,552.0
14492.75,100.0,Addis Ketema,14.0,552.0
35121.0,70.0,Addis Ketema,14.0,184.0
27027.27,100.0,Addis Ketema,14.0,184.0
21780.0,100.0,Addis Ketema,14.0,184.0
38292.0,50.0,Addis Ketema,14.0,784.0
32127.0,55.0,Addis Ketema,14.0,784.0
16191.0,100.0,Addis Ketema,14.0,784.0
41666.66,100.0,Addis Ketema,11.0,276.0
27550.0,90.0,Addis Ketema,11.0,276.0
17000.0,100.0,Addis Ketema,11.0,276.0
51793.0,100.0,Addis Ketema,3.0,799.0
17555.0,100.0,Addis Ketema,3.0,799.0
17099.0,100.0,Addis Ketema,3.0,799.0
45300.0,100.0,Addis Ketema,10.0,1439.0
41379.0,70.0,Addis Ketema,10.0,1439.0
27020.0,100.0,Addis Ketema,10.0,1439.0
28540.0,100.0,Addis Ketema,14.0,208.0
36110.0,40.0,Addis Ketema,14.0,208.0
30112.0,50.0,Addis Ketema,14.0,208.0
56100.0,100.0,Addis Ketema,14.0,122.0
42000.0,100.0,Addis Ketema,14.0,122.0
51700.0,50.0,Addis Ketema,14.0,122.0
43275.0,100.0,Addis Ketema,14.0,303.0
41604.15,100.0,Addis Ketema,14.0,303.0
39139.0,100.0,Addis Ketema,14.0,303.0
38000.0,100.0,Addis Ketema,14.0,367.0
28100.0,100.0,Addis Ketema,14.0,367.0
25885.0,100.0,Addis Ketema,14.0,367.0
42100.0,62.0,Addis Ketema,13.0,124.0
24400.0,100.0,Addis Ketema,13.0,124.0
18150.0,100.0,Addis Ketema,13.0,124.0
24505.0,100.0,Addis Ketema,13.0,211.0
38999.0,40.0,Addis Ketema,13.0,211.0
35110.0,40.0,Addis Ketema,13.0,211.0
26091.0,100.0,Addis Ketema,3.0,91.0
15200.0,100.0,Addis Ketema,3.0,91.0
13525.0,100.0,Addis Ketema,3.0,91.0
37000.0,100.0,Addis Ketema,3.0,483.0
56000.0,40.0,Addis Ketema,3.0,483.0
18645.0,100.0,Addis Ketema,3.0,483.0
30196.0,100.0,Addis Ketema,3.0,215.0
26360.0,100.0,Addis Ketema,3.0,215.0
42000.0,40.0,Addis Ketema,3.0,215.0
57005.0,100.0,Nefas - Silk Lafto,13.0,282.0
53289.99,100.0,Nefas - Silk Lafto,13.0,282.0
51418.5,100.0,Nefas - Silk Lafto,13.0,282.0
60100.0,100.0,Nefas - Silk Lafto,13.0,150.0
51630.0,100.0,Nefas - Silk Lafto,13.0,150.0
48210.0,100.0,Nefas - Silk Lafto,13.0,150.0
50136.0,100.0,Nefas - Silk Lafto,13.0,150.0
49200.0,100.0,Nefas - Silk Lafto,13.0,150.0
47600.0,100.0,Nefas - Silk Lafto,13.0,150.0
55121.19,100.0,Nefas - Silk Lafto,13.0,175.0
51000.0,100.0,Nefas - Silk Lafto,13.0,175.0
50177.0,100.0,Nefas - Silk Lafto,13.0,175.0
49199.0,100.0,Nefas - Silk Lafto,13.0,150.0
47320.0,100.0,Nefas - Silk Lafto,13.0,150.0
42900.0,100.0,Nefas - Silk Lafto,13.0,150.0
42300.0,100.0,Nefas - Silk Lafto,13.0,150.0
37500.0,80.0,Nefas - Silk Lafto,13.0,150.0
25700.0,100.0,Nefas - Silk Lafto,13.0,150.0
53000.0,100.0,Nefas - Silk Lafto,13.0,150.0
50677.0,100.0,Nefas - Silk Lafto,13.0,150.0
48050.0,100.0,Nefas - Silk Lafto,13.0,150.0
62110.0,100.0,Nefas - Silk Lafto,13.0,150.0
60627.27,100.0,Nefas - Silk Lafto,13.0,150.0
47397.99,100.0,Nefas - Silk Lafto,13.0,150.0
78000.0,65.0,Nefas - Silk Lafto,5.0,916.0
67000.0,40.0,Nefas - Silk Lafto,5.0,916.0
31605.0,100.0,Nefas - Silk Lafto,5.0,916.0
98300.0,100.0,Nefas - Silk Lafto,5.0,1536.0
94531.0,100.0,Nefas - Silk Lafto,5.0,1536.0
140000.0,40.0,Nefas - Silk Lafto,5.0,1536.0
40000.0,70.0,Nefas - Silk Lafto,15.0,1452.0
27127.0,100.0,Nefas - Silk Lafto,15.0,1452.0
42151.0,40.0,Nefas - Silk Lafto,15.0,1452.0
40070.0,100.0,Nefas - Silk Lafto,15.0,1148.0
13620.0,100.0,Nefas - Silk Lafto,15.0,1148.0
11357.0,100.0,Nefas - Silk Lafto,15.0,1148.0
55100.0,50.0,Nefas - Silk Lafto,15.0,1200.0
40777.77,87.0,Nefas - Silk Lafto,15.0,1200.0
27927.0,100.0,Nefas - Silk Lafto,15.0,1200.0
55575.0,50.0,Nefas - Silk Lafto,15.0,1200.0
15320.0,100.0,Nefas - Silk Lafto,15.0,1200.0
35000.0,40.0,Nefas - Silk Lafto,15.0,1200.0
35127.0,100.0,Nefas - Silk Lafto,15.0,1000.0
19500.0,100.0,Nefas - Silk Lafto,15.0,1000.0
13675.0,100.0,Nefas - Silk Lafto,15.0,1000.0
34500.0,100.0,Nefas - Silk Lafto,15.0,1200.0
30100.0,100.0,Nefas - Silk Lafto,15.0,1200.0
22030.0,100.0,Nefas - Silk Lafto,15.0,1200.0
57657.0,45.0,Nefas - Silk Lafto,15.0,1366.0
42000.0,80.0,Nefas - Silk Lafto,15.0,1366.0
18301.62,100.0,Nefas - Silk Lafto,15.0,1366.0
55350.0,60.0,Nefas - Silk Lafto,15.0,1455.0
10973.0,100.0,Nefas - Silk Lafto,15.0,1455.0
20550.5,60.0,Nefas - Silk Lafto,15.0,1455.0
55350.0,70.0,Nefas - Silk Lafto,15.0,855.0
41500.65,100.0,Nefas - Silk Lafto,15.0,855.0
30101.0,100.0,Nefas - Silk Lafto,15.0,855.0
31523.46,100.0,Nefas - Silk Lafto,15.0,831.0
30500.0,100.0,Nefas - Silk Lafto,15.0,831.0
27000.0,80.0,Nefas - Silk Lafto,15.0,831.0
23251.0,80.0,Nefas - Silk Lafto,15.0,800.0
30000.0,40.0,Nefas - Silk Lafto,15.0,800.0
16260.0,100.0,Nefas - Silk Lafto,15.0,800.0
22115.0,100.0,Nefas - Silk Lafto,15.0,877.0
21800.0,100.0,Nefas - Silk Lafto,15.0,877.0
20525.0,100.0,Nefas - Silk Lafto,15.0,877.0
65000.0,100.0,Nefas - Silk Lafto,15.0,800.0
25170.9,100.0,Nefas - Silk Lafto,15.0,800.0
19100.0,100.0,Nefas - Silk Lafto,15.0,800.0
20121.0,80.0,Nefas - Silk Lafto,15.0,940.0
13899.0,100.0,Nefas - Silk Lafto,15.0,940.0
12629.0,100.0,Nefas - Silk Lafto,15.0,940.0
66000.0,100.0,Nefas - Silk Lafto,15.0,800.0
32250.0,100.0,Nefas - Silk Lafto,15.0,800.0
17720.0,100.0,Nefas - Silk Lafto,15.0,800.0
14305.0,100.0,Nefas - Silk Lafto,15.0,1002.0
13220.0,100.0,Nefas - Silk Lafto,15.0,1002.0
12621.0,100.0,Nefas - Silk Lafto,15.0,1002.0
18766.0,100.0,Nefas - Silk Lafto,15.0,800.0
25750.0,56.0,Nefas - Silk Lafto,15.0,800.0
25455.0,45.0,Nefas - Silk Lafto,15.0,800.0
35049.5,100.0,Nefas - Silk Lafto,15.0,800.0
19100.0,100.0,Nefas - Silk Lafto,15.0,800.0
13751.0,40.0,Nefas - Silk Lafto,15.0,800.0
35104.39,100.0,Nefas - Silk Lafto,15.0,836.0
30001.0,80.0,Nefas - Silk Lafto,15.0,836.0
17465.0,100.0,Nefas - Silk Lafto,15.0,836.0
54455.07,100.0,Nefas - Silk Lafto,15.0,267.0
46616.0,100.0,Nefas - Silk Lafto,15.0,267.0
43155.0,100.0,Nefas - Silk Lafto,15.0,267.0
52116.0,100.0,Nefas - Silk Lafto,15.0,236.0
44100.0,100.0,Nefas - Silk Lafto,15.0,236.0
43121.0,100.0,Nefas - Silk Lafto,15.0,236.0
42253.02,100.0,Nefas - Silk Lafto,15.0,250.0
41850.0,100.0,Nefas - Silk Lafto,15.0,250.0
49200.0,63.0,Nefas - Silk Lafto,15.0,250.0
40150.0,100.0,Nefas - Silk Lafto,15.0,250.0
40000.0,100.0,Nefas - Silk Lafto,15.0,250.0
51501.0,60.0,Nefas - Silk Lafto,15.0,250.0
62298.0,100.0,Nefas - Silk Lafto,15.0,250.0
41350.0,100.0,Nefas - Silk Lafto,15.0,250.0
37799.0,100.0,Nefas - Silk Lafto,15.0,250.0
40150.0,100.0,Nefas - Silk Lafto,15.0,250.0
37155.0,100.0,Nefas - Silk Lafto,15.0,250.0
35900.0,100.0,Nefas - Silk Lafto,15.0,250.0
51000.0,100.0,Nefas - Silk Lafto,15.0,267.0
46600.0,100.0,Nefas - Silk Lafto,15.0,267.0
45459.0,100.0,Nefas - Silk Lafto,15.0,267.0
48250.0,100.0,Nefas - Silk Lafto,15.0,250.0
44885.0,100.0,Nefas - Silk Lafto,15.0,250.0
40019.0,100.0,Nefas - Silk Lafto,15.0,250.0
51111.0,81.0,Nefas - Silk Lafto,15.0,250.0
42100.0,100.0,Nefas - Silk Lafto,15.0,250.0
42000.0,100.0,Nefas - Silk Lafto,15.0,250.0
42000.0,100.0,Nefas - Silk Lafto,15.0,250.0
66000.0,42.0,Nefas - Silk Lafto,15.0,250.0
33100.5,100.0,Nefas - Silk Lafto,15.0,250.0
51000.0,100.0,Nefas - Silk Lafto,15.0,250.0
36877.0,100.0,Nefas - Silk Lafto,15.0,250.0
35595.25,100.0,Nefas - Silk Lafto,15.0,250.0
46298.0,100.0,Nefas - Silk Lafto,15.0,250.0
37824.24,100.0,Nefas - Silk Lafto,15.0,250.0
37101.0,100.0,Nefas - Silk Lafto,15.0,250.0
45003.0,100.0,Nefas - Silk Lafto,15.0,250.0
43555.0,100.0,Nefas - Silk Lafto,15.0,250.0
38000.0,100.0,Nefas - Silk Lafto,15.0,250.0
41000.0,80.0,Nefas - Silk Lafto,15.0,250.0
31000.0,100.0,Nefas - Silk Lafto,15.0,250.0
46300.0,60.0,Nefas - Silk Lafto,15.0,250.0
42116.9,100.0,Nefas - Silk Lafto,15.0,248.0
62500.0,50.0,Nefas - Silk Lafto,15.0,248.0
40378.46,100.0,Nefas - Silk Lafto,15.0,248.0
36900.0,100.0,Nefas - Silk Lafto,15.0,247.0
36121.0,100.0,Nefas - Silk Lafto,15.0,247.0
32000.0,100.0,Nefas - Silk Lafto,15.0,247.0
49319.0,100.0,Nefas - Silk Lafto,15.0,341.0
48520.0,100.0,Nefas - Silk Lafto,15.0,341.0
50501.33,95.0,Nefas - Silk Lafto,15.0,341.0
48389.5,100.0,Nefas - Silk Lafto,15.0,310.0
46101.0,100.0,Nefas - Silk Lafto,15.0,310.0
45122.8,100.0,Nefas - Silk Lafto,15.0,310.0
46212.0,100.0,Nefas - Silk Lafto,15.0,250.0
43161.0,100.0,Nefas - Silk Lafto,15.0,250.0
42250.0,100.0,Nefas - Silk Lafto,15.0,250.0
46521.0,100.0,Nefas - Silk Lafto,15.0,250.0
55221.42,60.0,Nefas - Silk Lafto,15.0,250.0
38500.0,100.0,Nefas - Silk Lafto,15.0,250.0
60100.0,100.0,Nefas - Silk Lafto,15.0,250.0
46385.0,100.0,Nefas - Silk Lafto,15.0,250.0
45011.0,100.0,Nefas - Silk Lafto,15.0,250.0
47000.0,100.0,Nefas - Silk Lafto,15.0,250.0
41500.0,100.0,Nefas - Silk Lafto,15.0,250.0
38228.0,100.0,Nefas - Silk Lafto,15.0,250.0
56000.0,60.0,Nefas - Silk Lafto,15.0,250.0
39177.0,100.0,Nefas - Silk Lafto,15.0,250.0
36400.6,100.0,Nefas - Silk Lafto,15.0,250.0
41296.0,100.0,Nefas - Silk Lafto,15.0,250.0
41112.0,100.0,Nefas - Silk Lafto,15.0,250.0
41110.0,100.0,Nefas - Silk Lafto,15.0,250.0
56800.0,60.0,Nefas - Silk Lafto,15.0,250.0
38699.99,100.0,Nefas - Silk Lafto,15.0,250.0
16666.0,100.0,Nefas - Silk Lafto,15.0,250.0
41570.0,100.0,Nefas - Silk Lafto,15.0,250.0
38766.0,100.0,Nefas - Silk Lafto,15.0,250.0
36210.0,100.0,Nefas - Silk Lafto,15.0,250.0
40560.0,100.0,Nefas - Silk Lafto,15.0,250.0
56050.0,50.0,Nefas - Silk Lafto,15.0,250.0
36294.14,100.0,Nefas - Silk Lafto,15.0,250.0
50000.0,100.0,Nefas - Silk Lafto,15.0,250.0
47327.0,100.0,Nefas - Silk Lafto,15.0,250.0
44209.0,100.0,Nefas - Silk Lafto,15.0,250.0
46666.0,100.0,Nefas - Silk Lafto,15.0,248.0
55000.0,50.0,Nefas - Silk Lafto,15.0,248.0
36600.0,100.0,Nefas - Silk Lafto,15.0,248.0
46500.0,100.0,Nefas - Silk Lafto,15.0,247.0
53155.0,51.0,Nefas - Silk Lafto,15.0,247.0
34320.0,100.0,Nefas - Silk Lafto,15.0,247.0
18191.27,100.0,Nefas - Silk Lafto,15.0,1175.0
18000.0,100.0,Nefas - Silk Lafto,15.0,1175.0
25177.77,45.0,Nefas - Silk Lafto,15.0,1175.0
59110.0,100.0,Nefas - Silk Lafto,15.0,241.0
31410.0,100.0,Nefas - Silk Lafto,15.0,241.0
23287.0,100.0,Nefas - Silk Lafto,15.0,241.0
46112.0,100.0,Nefas - Silk Lafto,15.0,277.0
37700.0,100.0,Nefas - Silk Lafto,15.0,277.0
31200.0,100.0,Nefas - Silk Lafto,15.0,277.0
43999.8,100.0,Nefas - Silk Lafto,15.0,238.0
43375.5,100.0,Nefas - Silk Lafto,15.0,238.0
42670.0,100.0,Nefas - Silk Lafto,15.0,238.0
44250.0,100.0,Nefas - Silk Lafto,15.0,260.0
35074.0,100.0,Nefas - Silk Lafto,15.0,260.0
47521.0,60.0,Nefas - Silk Lafto,15.0,260.0
41300.0,100.0,Nefas - Silk Lafto,15.0,226.0
37890.0,100.0,Nefas - Silk Lafto,15.0,226.0
37505.0,100.0,Nefas - Silk Lafto,15.0,226.0
43350.0,100.0,Nefas - Silk Lafto,15.0,225.0
42222.0,100.0,Nefas - Silk Lafto,15.0,225.0
41950.0,100.0,Nefas - Silk Lafto,15.0,225.0
51100.0,70.0,Nefas - Silk Lafto,15.0,214.0
40050.0,100.0,Nefas - Silk Lafto,15.0,214.0
38700.0,100.0,Nefas - Silk Lafto,15.0,214.0
46860.0,100.0,Nefas - Silk Lafto,15.0,225.0
43670.0,100.0,Nefas - Silk Lafto,15.0,225.0
41950.0,100.0,Nefas - Silk Lafto,15.0,225.0
53000.0,70.0,Nefas - Silk Lafto,15.0,194.0
31500.0,100.0,Nefas - Silk Lafto,15.0,194.0
31140.0,100.0,Nefas - Silk Lafto,15.0,194.0
46101.0,100.0,Nefas - Silk Lafto,15.0,194.0
41200.0,100.0,Nefas - Silk Lafto,15.0,342.0
32867.0,100.0,Nefas - Silk Lafto,15.0,342.0
42100.0,100.0,Nefas - Silk Lafto,15.0,297.0
39921.33,100.0,Nefas - Silk Lafto,15.0,297.0
37982.92,100.0,Nefas - Silk Lafto,15.0,297.0
33776.0,100.0,Nefas - Silk Lafto,15.0,250.0
41200.0,70.0,Nefas - Silk Lafto,15.0,250.0
33333.0,90.0,Nefas - Silk Lafto,15.0,250.0
36200.0,70.0,Nefas - Silk Lafto,15.0,298.0
36120.0,65.0,Nefas - Silk Lafto,15.0,298.0
27555.0,100.0,Nefas - Silk Lafto,15.0,298.0
37111.0,100.0,Nefas - Silk Lafto,15.0,250.0
34100.0,100.0,Nefas - Silk Lafto,15.0,250.0
31211.0,100.0,Nefas - Silk Lafto,15.0,250.0
41206.0,100.0,Nefas - Silk Lafto,15.0,300.0
41203.0,100.0,Nefas - Silk Lafto,15.0,300.0
38570.0,100.0,Nefas - Silk Lafto,15.0,300.0
42800.0,65.0,Nefas - Silk Lafto,15.0,240.0
31150.0,100.0,Nefas - Silk Lafto,15.0,240.0
30999.0,100.0,Nefas - Silk Lafto,15.0,240.0
60000.0,40.0,Nefas - Silk Lafto,15.0,358.0
34000.0,100.0,Nefas - Silk Lafto,15.0,358.0
33688.0,100.0,Nefas - Silk Lafto,15.0,358.0
47120.0,100.0,Nefas - Silk Lafto,15.0,162.0
46121.0,100.0,Nefas - Silk Lafto,15.0,162.0
45010.0,100.0,Nefas - Silk Lafto,15.0,162.0
58290.0,100.0,Nefas - Silk Lafto,15.0,163.0
75500.0,63.0,Nefas - Silk Lafto,15.0,163.0
52168.0,100.0,Nefas - Silk Lafto,15.0,163.0
47128.0,100.0,Nefas - Silk Lafto,15.0,150.0
47122.0,100.0,Nefas - Silk Lafto,15.0,150.0
45200.0,100.0,Nefas - Silk Lafto,15.0,150.0
72990.0,65.0,Nefas - Silk Lafto,15.0,150.0
52116.0,100.0,Nefas - Silk Lafto,15.0,150.0
51699.5,100.0,Nefas - Silk Lafto,15.0,150.0
57250.0,100.0,Nefas - Silk Lafto,15.0,150.0
47122.0,100.0,Nefas - Silk Lafto,15.0,150.0
44174.0,100.0,Nefas - Silk Lafto,15.0,150.0
52512.0,100.0,Nefas - Silk Lafto,15.0,150.0
51210.0,100.0,Nefas - Silk Lafto,15.0,150.0
61122.0,70.0,Nefas - Silk Lafto,15.0,150.0
55150.0,100.0,Nefas - Silk Lafto,15.0,150.0
51199.99,100.0,Nefas - Silk Lafto,15.0,150.0
47122.0,100.0,Nefas - Silk Lafto,15.0,150.0
52833.0,100.0,Nefas - Silk Lafto,15.0,150.0
50150.0,100.0,Nefas - Silk Lafto,15.0,150.0
56270.0,70.0,Nefas - Silk Lafto,15.0,150.0
47122.0,100.0,Nefas - Silk Lafto,15.0,150.0
45117.0,100.0,Nefas - Silk Lafto,15.0,150.0
62700.0,50.0,Nefas - Silk Lafto,15.0,150.0
48520.0,100.0,Nefas - Silk Lafto,15.0,150.0
46900.0,100.0,Nefas - Silk Lafto,15.0,150.0
42660.0,100.0,Nefas - Silk Lafto,15.0,150.0
47180.0,100.0,Nefas - Silk Lafto,15.0,150.0
47122.0,100.0,Nefas - Silk Lafto,15.0,150.0
43456.7,100.0,Nefas - Silk Lafto,15.0,150.0
56500.0,100.0,Nefas - Silk Lafto,15.0,150.0
52213.0,100.0,Nefas - Silk Lafto,15.0,150.0
49000.0,100.0,Nefas - Silk Lafto,15.0,150.0
47122.0,100.0,Nefas - Silk Lafto,15.0,150.0
44550.0,100.0,Nefas - Silk Lafto,15.0,150.0
51110.0,79.0,Nefas - Silk Lafto,15.0,150.0
58250.0,100.0,Nefas - Silk Lafto,15.0,150.0
54000.0,100.0,Nefas - Silk Lafto,15.0,150.0
47111.0,100.0,Nefas - Silk Lafto,15.0,150.0
47122.0,100.0,Nefas - Silk Lafto,15.0,150.0
46385.0,100.0,Nefas - Silk Lafto,15.0,150.0
43000.0,100.0,Nefas - Silk Lafto,15.0,150.0
51750.0,100.0,Nefas - Silk Lafto,15.0,150.0
43350.0,100.0,Nefas - Silk Lafto,15.0,150.0
41000.0,100.0,Nefas - Silk Lafto,15.0,150.0
60111.0,100.0,Nefas - Silk Lafto,15.0,133.0
51000.0,90.0,Nefas - Silk Lafto,15.0,133.0
49215.75,100.0,Nefas - Silk Lafto,15.0,133.0
60100.0,100.0,Nefas - Silk Lafto,15.0,132.0
63051.0,90.0,Nefas - Silk Lafto,15.0,132.0
60500.0,70.0,Nefas - Silk Lafto,15.0,132.0
46200.0,100.0,Nefas - Silk Lafto,15.0,155.0
43205.0,100.0,Nefas - Silk Lafto,15.0,155.0
42156.0,100.0,Nefas - Silk Lafto,15.0,155.0
52357.0,100.0,Nefas - Silk Lafto,15.0,155.0
41500.0,100.0,Nefas - Silk Lafto,15.0,155.0
40250.0,100.0,Nefas - Silk Lafto,15.0,155.0
75333.0,58.0,Nefas - Silk Lafto,15.0,150.0
47156.0,100.0,Nefas - Silk Lafto,15.0,150.0
46051.0,100.0,Nefas - Silk Lafto,15.0,150.0
47001.0,100.0,Nefas - Silk Lafto,15.0,150.0
45640.16,100.0,Nefas - Silk Lafto,15.0,150.0
43000.0,100.0,Nefas - Silk Lafto,15.0,150.0
47100.0,100.0,Nefas - Silk Lafto,15.0,150.0
45986.0,100.0,Nefas - Silk Lafto,15.0,150.0
42100.0,100.0,Nefas - Silk Lafto,15.0,150.0
54833.0,100.0,Nefas - Silk Lafto,15.0,150.0
52100.0,100.0,Nefas - Silk Lafto,15.0,150.0
52000.0,100.0,Nefas - Silk Lafto,15.0,150.0
47011.0,100.0,Nefas - Silk Lafto,15.0,150.0
43500.0,100.0,Nefas - Silk Lafto,15.0,150.0
43340.0,100.0,Nefas - Silk Lafto,15.0,150.0
43500.0,100.0,Nefas - Silk Lafto,15.0,150.0
38000.0,100.0,Nefas - Silk Lafto,15.0,150.0
34720.0,100.0,Nefas - Silk Lafto,15.0,150.0
42855.0,100.0,Nefas - Silk Lafto,15.0,150.0
42215.0,100.0,Nefas - Silk Lafto,15.0,150.0
34220.0,100.0,Nefas - Silk Lafto,15.0,150.0
44210.0,100.0,Nefas - Silk Lafto,15.0,150.0
41998.0,100.0,Nefas - Silk Lafto,15.0,150.0
41685.0,100.0,Nefas - Silk Lafto,15.0,150.0
42685.0,100.0,Nefas - Silk Lafto,15.0,150.0
42600.0,100.0,Nefas - Silk Lafto,15.0,150.0
41200.0,100.0,Nefas - Silk Lafto,15.0,150.0
55552.0,100.0,Nefas - Silk Lafto,15.0,150.0
50199.99,100.0,Nefas - Silk Lafto,15.0,150.0
48385.0,100.0,Nefas - Silk Lafto,15.0,150.0
54229.0,100.0,Nefas - Silk Lafto,15.0,150.0
52127.0,100.0,Nefas - Silk Lafto,15.0,150.0
51700.0,100.0,Nefas - Silk Lafto,15.0,150.0
54010.0,100.0,Nefas - Silk Lafto,15.0,150.0
41328.0,100.0,Nefas - Silk Lafto,15.0,150.0
48550.0,80.0,Nefas - Silk Lafto,15.0,150.0
51700.0,100.0,Nefas - Silk Lafto,15.0,150.0
51322.0,100.0,Nefas - Silk Lafto,15.0,150.0
47185.18,100.0,Nefas - Silk Lafto,15.0,150.0
45501.0,100.0,Nefas - Silk Lafto,15.0,150.0
43995.0,100.0,Nefas - Silk Lafto,15.0,150.0
43777.0,100.0,Nefas - Silk Lafto,15.0,150.0
51200.0,100.0,Nefas - Silk Lafto,15.0,150.0
44150.0,100.0,Nefas - Silk Lafto,15.0,150.0
54347.0,60.0,Nefas - Silk Lafto,15.0,150.0
46703.0,100.0,Nefas - Silk Lafto,15.0,150.0
45500.0,100.0,Nefas - Silk Lafto,15.0,150.0
41350.0,100.0,Nefas - Silk Lafto,15.0,150.0
39300.0,100.0,Nefas - Silk Lafto,15.0,245.0
27999.99,100.0,Nefas - Silk Lafto,15.0,245.0
5530.0,50.0,Nefas - Silk Lafto,15.0,245.0
37623.0,100.0,Nefas - Silk Lafto,14.0,273.0
36660.0,66.0,Nefas - Silk Lafto,14.0,273.0
19000.0,50.0,Nefas - Silk Lafto,14.0,273.0
24551.0,100.0,Nefas - Silk Lafto,14.0,273.0
22100.0,100.0,Nefas - Silk Lafto,14.0,181.0
22000.0,100.0,Nefas - Silk Lafto,14.0,181.0
31000.0,65.0,Nefas - Silk Lafto,14.0,181.0
21165.0,100.0,Nefas - Silk Lafto,14.0,181.0
10010.0,100.0,Nefas - Silk Lafto,14.0,181.0
50000.0,40.0,Nefas - Silk Lafto,14.0,181.0
38100.0,40.0,Nefas - Silk Lafto,14.0,181.0
19437.02,40.0,Nefas - Silk Lafto,14.0,181.0
24150.0,100.0,Nefas - Silk Lafto,14.0,181.0
23212.0,100.0,Nefas - Silk Lafto,14.0,181.0
23210.0,100.0,Nefas - Silk Lafto,14.0,181.0
45010.0,100.0,Nefas - Silk Lafto,14.0,181.0
23327.0,100.0,Nefas - Silk Lafto,14.0,181.0
21121.0,53.0,Nefas - Silk Lafto,14.0,181.0
70922.0,45.0,Nefas - Silk Lafto,14.0,282.0
28123.45,100.0,Nefas - Silk Lafto,14.0,282.0
23289.0,100.0,Nefas - Silk Lafto,14.0,282.0
26112.0,100.0,Nefas - Silk Lafto,14.0,181.0
35100.0,45.0,Nefas - Silk Lafto,14.0,181.0
29000.0,60.0,Nefas - Silk Lafto,14.0,181.0
56200.0,51.0,Nefas - Silk Lafto,14.0,223.0
25905.0,100.0,Nefas - Silk Lafto,14.0,223.0
11050.0,100.0,Nefas - Silk Lafto,14.0,223.0
17212.56,100.0,Nefas - Silk Lafto,14.0,653.0
17751.0,80.0,Nefas - Silk Lafto,14.0,653.0
19212.0,65.0,Nefas - Silk Lafto,14.0,653.0
40050.0,100.0,Nefas - Silk Lafto,14.0,430.0
23111.99,100.0,Nefas - Silk Lafto,14.0,430.0
20300.0,100.0,Nefas - Silk Lafto,14.0,430.0
33999.19,40.0,Nefas - Silk Lafto,14.0,316.0
19050.0,100.0,Nefas - Silk Lafto,14.0,316.0
10999.0,100.0,Nefas - Silk Lafto,14.0,316.0
40200.0,60.0,Nefas - Silk Lafto,14.0,613.0
26101.14,100.0,Nefas - Silk Lafto,14.0,613.0
45272.0,100.0,Kolfe Keranyo,5.0,272.0
40512.21,100.0,Kolfe Keranyo,5.0,272.0
40445.28,100.0,Kolfe Keranyo,5.0,272.0
36100.0,100.0,Kolfe Keranyo,3.0,234.0
30050.0,100.0,Kolfe Keranyo,3.0,234.0
26350.0,100.0,Kolfe Keranyo,3.0,234.0
36100.0,70.0,Kolfe Keranyo,3.0,146.0
18161.5,100.0,Kolfe Keranyo,3.0,146.0
17567.0,100.0,Kolfe Keranyo,3.0,146.0
51500.0,90.0,Kolfe Keranyo,3.0,136.0
27160.0,100.0,Kolfe Keranyo,3.0,136.0
25150.0,100.0,Kolfe Keranyo,3.0,136.0
56100.0,100.0,Kolfe Keranyo,3.0,83.0
54100.0,100.0,Kolfe Keranyo,3.0,83.0
45150.0,100.0,Kolfe Keranyo,3.0,83.0
41000.0,100.0,Kolfe Keranyo,11.0,183.0
31111.0,100.0,Kolfe Keranyo,11.0,183.0
31050.0,100.0,Kolfe Keranyo,11.0,183.0
24760.0,100.0,Yeka,10.0,281.0
19999.99,100.0,Yeka,10.0,281.0
12550.0,100.0,Yeka,10.0,281.0
31100.0,100.0,Akaki Kality,1.0,432.0
30127.0,80.0,Akaki Kality,1.0,432.0
25177.71,100.0,Akaki Kality,1.0,432.0
25000.6,100.0,Akaki Kality,1.0,429.0
23721.0,100.0,Akaki Kality,1.0,429.0
23350.0,100.0,Akaki Kality,1.0,429.0
45133.0,100.0,Akaki Kality,1.0,111.0
60000.0,60.0,Akaki Kality,1.0,111.0
37500.0,100.0,Akaki Kality,1.0,111.0
52221.19,100.0,Akaki Kality,1.0,110.0
72730.0,50.0,Akaki Kality,1.0,110.0
45012.0,100.0,Akaki Kality,1.0,110.0
38990.45,100.0,Akaki Kality,4.0,194.0
37621.0,100.0,Akaki Kality,4.0,194.0
40820.0,87.0,Akaki Kality,4.0,194.0
27850.0,100.0,Akaki Kality,4.0,322.0
25721.0,100.0,Akaki Kality,4.0,322.0
28200.0,80.0,Akaki Kality,4.0,322.0
42500.0,75.0,Akaki Kality,4.0,318.0
31978.78,100.0,Akaki Kality,4.0,318.0
29721.0,100.0,Akaki Kality,4.0,318.0
36558.0,100.0,Akaki Kality,2.0,757.0
35400.0,48.0,Akaki Kality,2.0,757.0
21677.0,100.0,Akaki Kality,2.0,757.0
38220.0,100.0,Akaki Kality,8.0,82.0
48781.0,60.0,Akaki Kality,8.0,82.0
32555.55,100.0,Akaki Kality,8.0,82.0
33226.0,100.0,Akaki Kality,8.0,105.0
31327.0,100.0,Akaki Kality,8.0,105.0
30150.0,100.0,Akaki Kality,8.0,105.0
43601.0,100.0,Akaki Kality,8.0,106.0
32120.0,100.0,Akaki Kality,8.0,106.0
31150.0,100.0,Akaki Kality,8.0,106.0
37721.0,100.0,Akaki Kality,8.0,105.0
32120.0,100.0,Akaki Kality,8.0,105.0
31770.0,100.0,Akaki Kality,8.0,105.0
43621.0,100.0,Akaki Kality,8.0,104.0
32120.0,100.0,Akaki Kality,8.0,104.0
31000.0,100.0,Akaki Kality,8.0,104.0
33621.0,100.0,Akaki Kality,8.0,105.0
32120.0,100.0,Akaki Kality,8.0,105.0
31200.0,100.0,Akaki Kality,8.0,105.0
42621.0,100.0,Akaki Kality,8.0,103.0
32099.0,100.0,Akaki Kality,8.0,103.0
28005.0,100.0,Akaki Kality,8.0,103.0
40621.0,100.0,Akaki Kality,8.0,111.0
57512.0,42.0,Akaki Kality,8.0,111.0
32700.0,100.0,Akaki Kality,8.0,111.0
41500.0,100.0,Akaki Kality,13.0,123.0
41200.0,100.0,Akaki Kality,13.0,123.0
40505.0,100.0,Akaki Kality,13.0,123.0
46150.0,100.0,Akaki Kality,13.0,93.0
35277.0,100.0,Akaki Kality,13.0,93.0
35000.0,100.0,Akaki Kality,13.0,93.0
43120.0,100.0,Akaki Kality,13.0,169.0
41721.0,100.0,Akaki Kality,13.0,169.0
36100.0,100.0,Akaki Kality,13.0,169.0
47503.0,100.0,Akaki Kality,13.0,75.0
43700.0,100.0,Akaki Kality,13.0,75.0
42000.0,100.0,Akaki Kality,13.0,75.0
47189.0,100.0,Akaki Kality,13.0,76.0
43512.12,100.0,Akaki Kality,13.0,76.0
42000.0,100.0,Akaki Kality,13.0,76.0
63100.0,70.0,Akaki Kality,13.0,76.0
47031.0,100.0,Akaki Kality,13.0,76.0
46100.0,100.0,Akaki Kality,13.0,76.0
47160.19,100.0,Akaki Kality,13.0,99.0
45523.05,100.0,Akaki Kality,13.0,99.0
41517.0,100.0,Akaki Kality,13.0,99.0
23721.0,80.0,Akaki Kality,13.0,749.0
19100.0,100.0,Akaki Kality,13.0,749.0
25050.0,60.0,Akaki Kality,13.0,749.0
32100.0,100.0,Akaki Kality,1.0,468.0
29721.0,100.0,Akaki Kality,1.0,468.0
27323.0,100.0,Akaki Kality,1.0,468.0
27616.0,100.0,Akaki Kality,2.0,232.0
25100.0,100.0,Akaki Kality,2.0,232.0
22200.0,100.0,Akaki Kality,2.0,232.0
35132.31,100.0,Akaki Kality,2.0,232.0
35111.0,80.0,Akaki Kality,2.0,232.0
27000.0,100.0,Akaki Kality,2.0,232.0
37890.0,100.0,Akaki Kality,2.0,233.0
29100.0,100.0,Akaki Kality,2.0,233.0
27921.0,100.0,Akaki Kality,2.0,233.0
28721.0,100.0,Akaki Kality,2.0,213.0
25150.0,100.0,Akaki Kality,2.0,213.0
17152.0,100.0,Akaki Kality,2.0,213.0
53629.0,100.0,Akaki Kality,1.0,88.0
47330.0,100.0,Akaki Kality,1.0,88.0
45520.0,100.0,Akaki Kality,1.0,88.0
48511.0,100.0,Akaki Kality,1.0,86.0
46770.0,100.0,Akaki Kality,1.0,86.0
45703.0,100.0,Akaki Kality,1.0,86.0
52500.0,100.0,Akaki Kality,1.0,86.0
52200.0,100.0,Akaki Kality,1.0,86.0
48200.0,100.0,Akaki Kality,1.0,86.0
53338.0,100.0,Akaki Kality,1.0,86.0
48200.0,100.0,Akaki Kality,1.0,86.0
47350.0,100.0,Akaki Kality,1.0,86.0
65855.0,100.0,Akaki Kality,1.0,87.0
63684.0,100.0,Akaki Kality,1.0,87.0
57477.77,100.0,Akaki Kality,1.0,87.0
67120.0,100.0,Akaki Kality,1.0,90.0
91330.0,40.0,Akaki Kality,1.0,90.0
48100.17,100.0,Akaki Kality,1.0,90.0
55999.0,100.0,Akaki Kality,1.0,90.0
48230.0,100.0,Akaki Kality,1.0,90.0
47778.0,100.0,Akaki Kality,1.0,90.0
64100.0,100.0,Akaki Kality,1.0,90.0
70000.0,60.0,Akaki Kality,1.0,90.0
51200.0,100.0,Akaki Kality,1.0,90.0
65000.0,100.0,Akaki Kality,1.0,90.0
47721.0,100.0,Akaki Kality,1.0,90.0
46481.0,100.0,Akaki Kality,1.0,90.0
50100.0,100.0,Akaki Kality,1.0,116.0
50001.5,100.0,Akaki Kality,1.0,116.0
42880.0,100.0,Akaki Kality,1.0,116.0
42580.0,100.0,Akaki Kality,13.0,167.0
38299.0,100.0,Akaki Kality,13.0,167.0
35330.0,100.0,Akaki Kality,13.0,167.0
46900.0,100.0,Akaki Kality,13.0,167.0
42900.0,100.0,Akaki Kality,13.0,167.0
42150.0,100.0,Akaki Kality,13.0,167.0
42880.0,100.0,Akaki Kality,13.0,186.0
40100.0,100.0,Akaki Kality,13.0,186.0
50102.25,70.0,Akaki Kality,13.0,186.0
40101.0,100.0,Akaki Kality,13.0,186.0
38890.0,100.0,Akaki Kality,13.0,186.0
38769.9,100.0,Akaki Kality,13.0,186.0
47812.0,100.0,Akaki Kality,13.0,167.0
42520.0,100.0,Akaki Kality,13.0,167.0
41500.0,100.0,Akaki Kality,13.0,167.0
42350.0,100.0,Akaki Kality,13.0,167.0
41688.0,100.0,Akaki Kality,13.0,167.0
41177.71,100.0,Akaki Kality,13.0,167.0
34100.0,100.0,Addis Ketema,11.0,214.0
23110.0,100.0,Addis Ketema,11.0,214.0
22000.0,100.0,Addis Ketema,11.0,214.0
61200.0,100.0,Gulele,7.0,132.0
57788.0,100.0,Gulele,7.0,132.0
83333.33,53.0,Gulele,7.0,132.0
50013.0,100.0,Gulele,7.0,187.0
49360.0,100.0,Gulele,7.0,187.0
48300.0,100.0,Gulele,7.0,187.0
57700.0,100.0,Gulele,7.0,185.0
51760.0,100.0,Gulele,7.0,185.0
50112.0,100.0,Gulele,7.0,185.0
82113.0,65.0,Gulele,7.0,140.0
62121.0,70.0,Gulele,7.0,140.0
43100.0,100.0,Gulele,7.0,140.0
71000.0,75.0,Gulele,7.0,172.0
54100.0,100.0,Gulele,7.0,172.0
47100.0,100.0,Gulele,7.0,172.0
71999.99,100.0,Gulele,7.0,171.0
55600.0,100.0,Gulele,7.0,171.0
62121.0,70.0,Gulele,7.0,171.0
90100.0,40.0,Gulele,7.0,137.0
52512.12,100.0,Gulele,7.0,137.0
47445.25,100.0,Gulele,7.0,137.0
54100.0,100.0,Gulele,7.0,175.0
45150.0,100.0,Gulele,7.0,175.0
37714.0,100.0,Gulele,7.0,175.0
51151.0,100.0,Gulele,7.0,176.0
62121.0,70.0,Gulele,7.0,176.0
49521.0,100.0,Gulele,7.0,176.0
60000.0,100.0,Nefas - Silk Lafto,13.0,129.0
59120.0,100.0,Nefas - Silk Lafto,13.0,129.0
58951.0,100.0,Nefas - Silk Lafto,13.0,129.0
65000.0,41.0,Nefas - Silk Lafto,15.0,957.0
24551.0,100.0,Nefas - Silk Lafto,15.0,957.0
21957.0,100.0,Nefas - Silk Lafto,15.0,957.0
60000.0,41.0,Nefas - Silk Lafto,15.0,906.0
27200.0,100.0,Nefas - Silk Lafto,15.0,906.0
26675.0,100.0,Nefas - Silk Lafto,15.0,906.0
31812.0,100.0,Nefas - Silk Lafto,15.0,906.0
28999.0,100.0,Nefas - Silk Lafto,15.0,906.0
28023.0,100.0,Nefas - Silk Lafto,15.0,906.0
42027.0,100.0,Nefas - Silk Lafto,15.0,641.0
32012.0,100.0,Nefas - Silk Lafto,15.0,641.0
28800.0,100.0,Nefas - Silk Lafto,15.0,641.0
41000.0,100.0,Nefas - Silk Lafto,15.0,1349.0
43100.0,70.0,Nefas - Silk Lafto,15.0,1349.0
22665.0,100.0,Nefas - Silk Lafto,15.0,1349.0
42000.0,100.0,Nefas - Silk Lafto,15.0,706.0
65000.0,41.0,Nefas - Silk Lafto,15.0,706.0
37777.77,100.0,Nefas - Silk Lafto,15.0,706.0
36880.0,100.0,Nefas - Silk Lafto,15.0,706.0
31075.0,100.0,Nefas - Silk Lafto,15.0,706.0
25300.0,100.0,Nefas - Silk Lafto,15.0,706.0
34500.0,100.0,Nefas - Silk Lafto,15.0,526.0
31800.0,100.0,Nefas - Silk Lafto,15.0,526.0
29775.0,100.0,Nefas - Silk Lafto,15.0,526.0
55200.0,100.0,Nefas - Silk Lafto,15.0,197.0
49705.5,100.0,Nefas - Silk Lafto,15.0,197.0
45120.0,100.0,Nefas - Silk Lafto,15.0,197.0
56001.0,100.0,Nefas - Silk Lafto,15.0,179.0
53231.0,100.0,Nefas - Silk Lafto,15.0,179.0
52350.0,100.0,Nefas - Silk Lafto,15.0,179.0
46775.0,100.0,Nefas - Silk Lafto,15.0,218.0
46331.0,100.0,Nefas - Silk Lafto,15.0,218.0
46212.0,100.0,Nefas - Silk Lafto,15.0,218.0
57748.55,100.0,Nefas - Silk Lafto,15.0,225.0
54160.0,100.0,Nefas - Silk Lafto,15.0,225.0
53333.33,100.0,Nefas - Silk Lafto,15.0,225.0
52100.0,100.0,Nefas - Silk Lafto,15.0,225.0
50186.0,100.0,Nefas - Silk Lafto,15.0,225.0
47150.7,100.0,Nefas - Silk Lafto,15.0,225.0
52250.0,100.0,Nefas - Silk Lafto,15.0,221.0
48202.0,100.0,Nefas - Silk Lafto,15.0,221.0
47100.0,100.0,Nefas - Silk Lafto,15.0,221.0
55686.0,100.0,Nefas - Silk Lafto,15.0,225.0
54680.0,100.0,Nefas - Silk Lafto,15.0,225.0
53520.0,100.0,Nefas - Silk Lafto,15.0,225.0
56122.0,100.0,Nefas - Silk Lafto,15.0,188.0
52700.5,100.0,Nefas - Silk Lafto,15.0,188.0
52577.75,100.0,Nefas - Silk Lafto,15.0,188.0
53677.0,100.0,Nefas - Silk Lafto,15.0,165.0
51611.0,100.0,Nefas - Silk Lafto,15.0,165.0
57200.0,84.0,Nefas - Silk Lafto,15.0,165.0
53580.0,100.0,Nefas - Silk Lafto,15.0,226.0
48620.0,100.0,Nefas - Silk Lafto,15.0,226.0
47691.0,100.0,Nefas - Silk Lafto,15.0,226.0
61101.0,100.0,Nefas - Silk Lafto,15.0,200.0
52525.0,100.0,Nefas - Silk Lafto,15.0,200.0
51577.75,100.0,Nefas - Silk Lafto,15.0,200.0
60000.0,100.0,Nefas - Silk Lafto,15.0,200.0
48300.0,100.0,Nefas - Silk Lafto,15.0,200.0
47012.0,100.0,Nefas - Silk Lafto,15.0,200.0
58988.9,100.0,Nefas - Silk Lafto,15.0,116.0
56500.0,100.0,Nefas - Silk Lafto,15.0,116.0
55640.5,100.0,Nefas - Silk Lafto,15.0,116.0
55500.0,100.0,Nefas - Silk Lafto,15.0,130.0
55100.0,100.0,Nefas - Silk Lafto,15.0,130.0
53705.75,100.0,Nefas - Silk Lafto,15.0,130.0
61500.0,100.0,Nefas - Silk Lafto,15.0,130.0
57721.0,100.0,Nefas - Silk Lafto,15.0,130.0
56220.0,100.0,Nefas - Silk Lafto,15.0,130.0
70000.0,100.0,Nefas - Silk Lafto,15.0,91.0
64713.06,100.0,Nefas - Silk Lafto,15.0,91.0
61550.0,100.0,Nefas - Silk Lafto,15.0,91.0
62500.0,90.0,Nefas - Silk Lafto,15.0,130.0
57575.0,100.0,Nefas - Silk Lafto,15.0,130.0
56512.12,100.0,Nefas - Silk Lafto,15.0,130.0
63190.0,100.0,Nefas - Silk Lafto,15.0,130.0
56621.0,100.0,Nefas - Silk Lafto,15.0,130.0
54100.0,100.0,Nefas - Silk Lafto,15.0,130.0
45800.0,100.0,Nefas - Silk Lafto,15.0,632.0
45600.0,100.0,Nefas - Silk Lafto,15.0,632.0
42300.0,100.0,Nefas - Silk Lafto,15.0,632.0
53560.0,100.0,Nefas - Silk Lafto,15.0,393.0
38900.0,100.0,Nefas - Silk Lafto,15.0,393.0
38000.0,100.0,Nefas - Silk Lafto,15.0,393.0
36220.0,100.0,Nefas - Silk Lafto,15.0,769.0
36121.0,100.0,Nefas - Silk Lafto,15.0,769.0
36100.0,100.0,Nefas - Silk Lafto,15.0,769.0
40120.0,100.0,Nefas - Silk Lafto,15.0,460.0
39170.0,100.0,Nefas - Silk Lafto,15.0,460.0
33990.0,100.0,Nefas - Silk Lafto,15.0,460.0
42116.0,100.0,Nefas - Silk Lafto,15.0,761.0
38100.0,100.0,Nefas - Silk Lafto,15.0,761.0
37999.0,100.0,Nefas - Silk Lafto,15.0,761.0
51116.0,100.0,Nefas - Silk Lafto,15.0,460.0
40100.0,100.0,Nefas - Silk Lafto,15.0,460.0
36100.0,100.0,Nefas - Silk Lafto,15.0,460.0
38999.0,100.0,Nefas - Silk Lafto,15.0,753.0
37999.0,100.0,Nefas - Silk Lafto,15.0,753.0
37650.0,100.0,Nefas - Silk Lafto,15.0,753.0
51112.0,100.0,Nefas - Silk Lafto,15.0,746.0
40112.0,100.0,Nefas - Silk Lafto,15.0,746.0
39999.99,100.0,Nefas - Silk Lafto,15.0,746.0
43700.0,100.0,Nefas - Silk Lafto,15.0,460.0
43510.0,100.0,Nefas - Silk Lafto,15.0,460.0
39220.0,100.0,Nefas - Silk Lafto,15.0,460.0
40050.0,100.0,Nefas - Silk Lafto,15.0,460.0
38888.0,100.0,Nefas - Silk Lafto,15.0,460.0
36629.0,100.0,Nefas - Silk Lafto,15.0,460.0
45227.27,100.0,Nefas - Silk Lafto,15.0,460.0
38300.0,100.0,Nefas - Silk Lafto,15.0,460.0
38100.0,100.0,Nefas - Silk Lafto,15.0,460.0
43355.0,100.0,Nefas - Silk Lafto,15.0,460.0
41000.0,100.0,Nefas - Silk Lafto,15.0,460.0
37999.0,100.0,Nefas - Silk Lafto,15.0,460.0
44021.91,100.0,Nefas - Silk Lafto,15.0,738.0
43360.0,100.0,Nefas - Silk Lafto,15.0,738.0
39999.99,100.0,Nefas - Silk Lafto,15.0,738.0
48120.0,100.0,Nefas - Silk Lafto,15.0,460.0
43200.0,100.0,Nefas - Silk Lafto,15.0,460.0
36980.0,100.0,Nefas - Silk Lafto,15.0,460.0
60000.0,100.0,Nefas - Silk Lafto,15.0,774.0
48012.91,100.0,Nefas - Silk Lafto,15.0,774.0
55148.0,82.0,Nefas - Silk Lafto,15.0,774.0
51151.0,100.0,Nefas - Silk Lafto,15.0,365.0
44100.0,100.0,Nefas - Silk Lafto,15.0,365.0
42027.27,84.0,Nefas - Silk Lafto,15.0,365.0
71485.0,100.0,Nefas - Silk Lafto,15.0,829.0
60000.0,100.0,Nefas - Silk Lafto,15.0,829.0
55419.0,90.0,Nefas - Silk Lafto,15.0,829.0
46153.99,100.0,Nefas - Silk Lafto,15.0,414.0
45893.72,100.0,Nefas - Silk Lafto,15.0,414.0
45500.0,100.0,Nefas - Silk Lafto,15.0,414.0
41579.0,100.0,Nefas - Silk Lafto,15.0,807.0
43675.0,92.0,Nefas - Silk Lafto,15.0,807.0
37700.0,100.0,Nefas - Silk Lafto,15.0,807.0
40120.0,100.0,Nefas - Silk Lafto,15.0,460.0
39566.0,100.0,Nefas - Silk Lafto,15.0,460.0
37377.0,100.0,Nefas - Silk Lafto,15.0,460.0
45660.0,100.0,Nefas - Silk Lafto,15.0,460.0
41890.0,100.0,Nefas - Silk Lafto,15.0,460.0
41200.0,100.0,Nefas - Silk Lafto,15.0,460.0
45652.18,100.0,Nefas - Silk Lafto,15.0,460.0
44375.0,100.0,Nefas - Silk Lafto,15.0,460.0
42600.0,100.0,Nefas - Silk Lafto,15.0,460.0
37600.0,100.0,Nefas - Silk Lafto,15.0,745.0
62000.0,40.0,Nefas - Silk Lafto,15.0,745.0
36700.0,100.0,Nefas - Silk Lafto,15.0,745.0
90100.0,100.0,Nefas - Silk Lafto,15.0,723.0
69156.5,100.0,Nefas - Silk Lafto,15.0,723.0
46250.0,100.0,Nefas - Silk Lafto,15.0,723.0
70100.0,100.0,Nefas - Silk Lafto,15.0,506.0
51960.0,100.0,Nefas - Silk Lafto,15.0,506.0
51536.99,100.0,Nefas - Silk Lafto,15.0,506.0
52872.0,100.0,Nefas - Silk Lafto,15.0,202.0
51890.0,100.0,Nefas - Silk Lafto,15.0,202.0
51577.75,100.0,Nefas - Silk Lafto,15.0,202.0
51578.0,100.0,Nefas - Silk Lafto,15.0,184.0
50275.0,100.0,Nefas - Silk Lafto,15.0,184.0
49800.0,100.0,Nefas - Silk Lafto,15.0,184.0
52900.0,100.0,Nefas - Silk Lafto,15.0,191.0
81500.0,40.0,Nefas - Silk Lafto,15.0,191.0
47121.0,100.0,Nefas - Silk Lafto,15.0,191.0
25635.48,100.0,Lemi Kura,4.0,632.0
24621.0,100.0,Lemi Kura,4.0,632.0
23700.0,100.0,Lemi Kura,4.0,632.0
34521.99,100.0,Lemi Kura,4.0,194.0
30558.0,100.0,Lemi Kura,4.0,194.0
36897.8,66.18,Lemi Kura,4.0,194.0
41000.0,100.0,Lemi Kura,4.0,207.0
40980.27,67.19,Lemi Kura,4.0,207.0
31999.0,100.0,Lemi Kura,4.0,207.0
40927.8,70.28,Lemi Kura,4.0,270.0
32189.5,100.0,Lemi Kura,4.0,270.0
31100.0,100.0,Lemi Kura,4.0,270.0
37112.5,100.0,Lemi Kura,4.0,162.0
36100.0,100.0,Lemi Kura,4.0,162.0
35600.0,100.0,Lemi Kura,4.0,162.0
40927.8,70.98,Lemi Kura,4.0,257.0
31250.0,100.0,Lemi Kura,4.0,257.0
29600.0,100.0,Lemi Kura,4.0,257.0
39827.27,70.98,Lemi Kura,4.0,322.0
27800.0,100.0,Lemi Kura,4.0,322.0
27500.0,100.0,Lemi Kura,4.0,322.0
33712.0,100.0,Lemi Kura,3.0,700.0
31200.0,100.0,Lemi Kura,3.0,700.0
31120.0,100.0,Lemi Kura,3.0,700.0
32999.0,100.0,Lemi Kura,3.0,500.0
32150.0,100.0,Lemi Kura,3.0,500.0
29150.0,100.0,Lemi Kura,3.0,500.0
41500.0,100.0,Lemi Kura,3.0,500.0
35100.0,100.0,Lemi Kura,3.0,500.0
35050.0,100.0,Lemi Kura,3.0,500.0
35100.0,100.0,Lemi Kura,3.0,500.0
33516.05,100.0,Lemi Kura,3.0,500.0
33111.15,100.0,Lemi Kura,3.0,500.0
36009.0,100.0,Lemi Kura,3.0,500.0
35151.0,100.0,Lemi Kura,3.0,500.0
34575.0,100.0,Lemi Kura,3.0,500.0
42000.0,100.0,Lemi Kura,3.0,500.0
37212.0,100.0,Lemi Kura,3.0,500.0
36500.0,100.0,Lemi Kura,3.0,500.0
34575.0,100.0,Lemi Kura,3.0,500.0
33359.75,100.0,Lemi Kura,3.0,500.0
31070.0,100.0,Lemi Kura,3.0,500.0
26531.22,100.0,Lemi Kura,4.0,231.0
31775.0,70.0,Lemi Kura,4.0,231.0
21157.0,100.0,Lemi Kura,4.0,231.0
32621.0,72.0,Lemi Kura,4.0,249.0
18885.0,100.0,Lemi Kura,4.0,249.0
15000.0,50.0,Lemi Kura,4.0,249.0
45475.5,100.0,Lemi Kura,4.0,110.0
39228.0,100.0,Lemi Kura,4.0,110.0
39051.0,100.0,Lemi Kura,4.0,110.0
31150.0,100.0,Lemi Kura,4.0,130.0
35123.0,60.0,Lemi Kura,4.0,130.0
24506.65,100.0,Lemi Kura,4.0,130.0
38122.0,100.0,Lemi Kura,4.0,130.0
31250.0,100.0,Lemi Kura,4.0,130.0
31101.0,100.0,Lemi Kura,4.0,130.0
47891.0,100.0,Lemi Kura,4.0,142.0
40100.0,100.0,Lemi Kura,4.0,142.0
38502.0,100.0,Lemi Kura,4.0,142.0
35384.62,100.0,Lemi Kura,4.0,130.0
35029.0,100.0,Lemi Kura,4.0,130.0
34196.0,100.0,Lemi Kura,4.0,130.0
38642.0,100.0,Lemi Kura,4.0,126.0
31746.03,100.0,Lemi Kura,4.0,126.0
30000.99,100.0,Lemi Kura,4.0,126.0
35021.0,60.0,Lemi Kura,4.0,126.0
32100.0,70.0,Lemi Kura,4.0,205.0
23823.23,100.0,Lemi Kura,4.0,205.0
27600.0,100.0,Lemi Kura,4.0,208.0
21890.0,100.0,Lemi Kura,4.0,208.0
21212.1,100.0,Lemi Kura,4.0,208.0
28150.0,85.0,Lemi Kura,4.0,240.0
21121.0,100.0,Lemi Kura,4.0,240.0
26012.0,70.0,Lemi Kura,4.0,240.0
27600.0,100.0,Lemi Kura,4.0,206.0
23700.0,100.0,Lemi Kura,4.0,206.0
22206.0,100.0,Lemi Kura,4.0,206.0
26723.01,55.0,Lemi Kura,4.0,423.0
18444.0,100.0,Lemi Kura,4.0,423.0
12331.0,100.0,Lemi Kura,4.0,423.0
42000.0,66.0,Lemi Kura,4.0,288.0
21716.1,100.0,Lemi Kura,4.0,288.0
21255.0,100.0,Lemi Kura,4.0,288.0
28050.0,63.0,Lemi Kura,4.0,450.0
21027.0,100.0,Lemi Kura,4.0,450.0
16750.0,100.0,Lemi Kura,4.0,450.0
25111.0,100.0,Lemi Kura,4.0,300.0
23100.0,100.0,Lemi Kura,4.0,300.0
21211.0,100.0,Lemi Kura,4.0,300.0
31621.0,50.0,Lemi Kura,4.0,410.0
25600.0,50.0,Lemi Kura,4.0,410.0
13611.0,100.0,Lemi Kura,4.0,410.0
26111.0,100.0,Lemi Kura,4.0,410.0
26027.0,100.0,Lemi Kura,4.0,302.0
19100.0,100.0,Lemi Kura,4.0,302.0
27650.0,61.0,Lemi Kura,4.0,425.0
13612.0,100.0,Lemi Kura,4.0,425.0
12122.0,100.0,Lemi Kura,4.0,425.0
31027.0,75.0,Lemi Kura,4.0,343.0
15920.0,100.0,Lemi Kura,4.0,343.0
18200.0,60.0,Lemi Kura,4.0,343.0
30500.0,100.0,Lemi Kura,4.0,172.0
23260.0,100.0,Lemi Kura,4.0,172.0
30127.0,55.0,Lemi Kura,4.0,172.0
32999.0,100.0,Lemi Kura,4.0,181.0
30350.0,100.0,Lemi Kura,4.0,181.0
25528.0,100.0,Lemi Kura,4.0,181.0
25528.0,100.0,Lemi Kura,4.0,193.0
23700.0,100.0,Lemi Kura,4.0,193.0
22569.94,100.0,Lemi Kura,4.0,193.0
38721.0,100.0,Lemi Kura,4.0,129.0
38219.0,100.0,Lemi Kura,4.0,129.0
32100.0,100.0,Lemi Kura,4.0,129.0
36210.0,100.0,Lemi Kura,4.0,146.0
36110.0,100.0,Lemi Kura,4.0,146.0
31131.88,100.0,Lemi Kura,4.0,146.0
41221.19,75.0,Lemi Kura,4.0,114.0
29400.0,100.0,Lemi Kura,4.0,114.0
36827.28,70.0,Lemi Kura,4.0,114.0
31219.0,100.0,Lemi Kura,4.0,128.0
21000.0,100.0,Lemi Kura,4.0,128.0
17100.0,100.0,Lemi Kura,4.0,128.0
43500.0,100.0,Lemi Kura,4.0,114.0
35333.0,66.0,Lemi Kura,4.0,114.0
24100.0,100.0,Lemi Kura,4.0,114.0
42121.0,100.0,Lemi Kura,4.0,121.0
37197.0,100.0,Lemi Kura,4.0,121.0
36000.0,100.0,Lemi Kura,4.0,121.0
43525.8,100.0,Lemi Kura,4.0,115.0
41200.0,75.0,Lemi Kura,4.0,115.0
33829.0,100.0,Lemi Kura,4.0,115.0
33521.0,100.0,Lemi Kura,4.0,113.0
36723.21,60.0,Lemi Kura,4.0,113.0
24713.59,100.0,Lemi Kura,4.0,113.0
51217.07,100.0,Lemi Kura,4.0,105.0
36000.0,100.0,Lemi Kura,4.0,105.0
32600.0,100.0,Lemi Kura,4.0,105.0
41300.0,100.0,Lemi Kura,4.0,134.0
32999.99,100.0,Lemi Kura,4.0,134.0
27100.89,100.0,Lemi Kura,4.0,134.0
40512.0,100.0,Lemi Kura,4.0,104.0
55711.0,50.0,Lemi Kura,4.0,104.0
36327.0,100.0,Lemi Kura,4.0,104.0
35100.0,100.0,Lemi Kura,4.0,161.0
30118.0,100.0,Lemi Kura,4.0,161.0
29555.0,100.0,Lemi Kura,4.0,161.0
40200.0,100.0,Lemi Kura,4.0,139.0
36890.0,100.0,Lemi Kura,4.0,139.0
33253.0,100.0,Lemi Kura,4.0,139.0
35100.0,100.0,Lemi Kura,4.0,186.0
27521.0,100.0,Lemi Kura,4.0,186.0
24212.29,100.0,Lemi Kura,4.0,186.0
37100.0,100.0,Lemi Kura,4.0,169.0
29550.0,100.0,Lemi Kura,4.0,169.0
27999.0,100.0,Lemi Kura,4.0,169.0
24700.0,100.0,Lemi Kura,4.0,253.0
22250.0,100.0,Lemi Kura,4.0,253.0
19763.0,100.0,Lemi Kura,4.0,253.0
35527.0,100.0,Lemi Kura,4.0,163.0
35330.0,100.0,Lemi Kura,4.0,163.0
27800.0,100.0,Lemi Kura,4.0,163.0
27210.12,100.0,Lemi Kura,4.0,252.0
19675.0,100.0,Lemi Kura,4.0,252.0
14600.0,100.0,Lemi Kura,4.0,252.0
34980.0,100.0,Lemi Kura,4.0,167.0
33325.0,100.0,Lemi Kura,4.0,167.0
31000.0,100.0,Lemi Kura,4.0,167.0
38952.0,100.0,Lemi Kura,4.0,167.0
23000.0,100.0,Lemi Kura,4.0,251.0
22999.0,100.0,Lemi Kura,4.0,251.0
25109.99,65.0,Lemi Kura,4.0,264.0
16889.0,100.0,Lemi Kura,4.0,264.0
25560.0,48.0,Lemi Kura,4.0,264.0
21110.0,100.0,Lemi Kura,4.0,372.0
24865.0,72.0,Lemi Kura,4.0,372.0
17990.0,100.0,Lemi Kura,4.0,372.0
30039.0,100.0,Lemi Kura,4.0,312.0
19900.0,100.0,Lemi Kura,4.0,312.0
17279.03,100.0,Lemi Kura,4.0,312.0
26725.0,100.0,Lemi Kura,4.0,352.0
18507.52,100.0,Lemi Kura,4.0,352.0
17800.0,100.0,Lemi Kura,4.0,352.0
25714.0,100.0,Lemi Kura,4.0,294.0
18852.0,100.0,Lemi Kura,4.0,294.0
12127.27,100.0,Lemi Kura,4.0,294.0
30101.0,100.0,Lemi Kura,4.0,250.0
25990.0,100.0,Lemi Kura,4.0,250.0
28211.0,82.0,Lemi Kura,4.0,250.0
35150.0,100.0,Lemi Kura,4.0,290.0
26970.0,100.0,Lemi Kura,4.0,290.0
18200.0,100.0,Lemi Kura,4.0,290.0
32150.0,100.0,Lemi Kura,4.0,310.0
17600.0,100.0,Lemi Kura,4.0,310.0
11500.0,100.0,Lemi Kura,4.0,310.0
45600.0,60.0,Lemi Kura,4.0,229.0
25110.0,100.0,Lemi Kura,4.0,229.0
23360.8,100.0,Lemi Kura,4.0,229.0
23928.0,100.0,Lemi Kura,4.0,218.0
23528.0,100.0,Lemi Kura,4.0,218.0
22985.0,100.0,Lemi Kura,4.0,218.0
24700.0,100.0,Lemi Kura,4.0,265.0
24556.0,100.0,Lemi Kura,4.0,265.0
28302.0,71.0,Lemi Kura,4.0,265.0
25319.0,100.0,Lemi Kura,4.0,317.0
33200.32,50.0,Lemi Kura,4.0,317.0
22101.0,100.0,Lemi Kura,4.0,317.0
39005.0,70.0,Lemi Kura,14.0,500.0
30527.21,100.0,Lemi Kura,14.0,500.0
25601.0,100.0,Lemi Kura,14.0,500.0
35527.16,100.0,Lemi Kura,14.0,302.0
33155.0,100.0,Lemi Kura,14.0,302.0
32000.0,100.0,Lemi Kura,14.0,302.0
26899.0,100.0,Lemi Kura,14.0,500.0
26500.0,100.0,Lemi Kura,14.0,500.0
25795.0,100.0,Lemi Kura,14.0,500.0
35527.16,100.0,Lemi Kura,14.0,329.0
31999.0,100.0,Lemi Kura,14.0,329.0
31650.0,100.0,Lemi Kura,14.0,329.0
27012.0,100.0,Lemi Kura,14.0,500.0
26700.0,100.0,Lemi Kura,14.0,500.0
26399.99,100.0,Lemi Kura,14.0,500.0
52656.0,65.0,Lemi Kura,14.0,232.0
33670.0,100.0,Lemi Kura,14.0,232.0
33620.0,100.0,Lemi Kura,14.0,232.0
26999.0,100.0,Lemi Kura,14.0,500.0
25237.34,100.0,Lemi Kura,14.0,500.0
24590.0,100.0,Lemi Kura,14.0,500.0
32000.0,100.0,Lemi Kura,14.0,423.0
31120.0,100.0,Lemi Kura,14.0,423.0
28450.0,100.0,Lemi Kura,14.0,423.0
30000.0,100.0,Lemi Kura,14.0,500.0
36600.0,51.0,Lemi Kura,14.0,500.0
24128.0,100.0,Lemi Kura,14.0,500.0
35528.0,100.0,Lemi Kura,14.0,200.0
35000.0,100.0,Lemi Kura,14.0,200.0
17121.5,100.0,Lemi Kura,14.0,200.0
36999.0,100.0,Lemi Kura,14.0,200.0
35990.0,100.0,Lemi Kura,14.0,200.0
35750.0,100.0,Lemi Kura,14.0,200.0
37100.0,100.0,Lemi Kura,14.0,200.0
35995.0,100.0,Lemi Kura,14.0,200.0
33578.0,100.0,Lemi Kura,14.0,200.0
35344.0,100.0,Lemi Kura,14.0,200.0
35120.0,100.0,Lemi Kura,14.0,200.0
34322.0,100.0,Lemi Kura,14.0,200.0
41330.0,100.0,Lemi Kura,14.0,200.0
40775.0,100.0,Lemi Kura,14.0,200.0
39900.0,100.0,Lemi Kura,14.0,200.0
38925.0,100.0,Lemi Kura,14.0,200.0
35400.0,100.0,Lemi Kura,14.0,200.0
35100.0,100.0,Lemi Kura,14.0,200.0
45899.99,100.0,Lemi Kura,14.0,200.0
43118.0,100.0,Lemi Kura,14.0,200.0
42788.5,100.0,Lemi Kura,14.0,200.0
47666.99,87.0,Lemi Kura,14.0,200.0
38120.0,100.0,Lemi Kura,14.0,200.0
37775.0,100.0,Lemi Kura,14.0,200.0
41550.0,100.0,Lemi Kura,14.0,200.0
41500.0,100.0,Lemi Kura,14.0,200.0
35999.0,100.0,Lemi Kura,14.0,200.0
43775.0,100.0,Lemi Kura,14.0,200.0
38521.0,100.0,Lemi Kura,14.0,200.0
37010.0,100.0,Lemi Kura,14.0,200.0
65016.0,80.0,Lemi Kura,14.0,200.0
46500.0,100.0,Lemi Kura,14.0,200.0
45100.0,100.0,Lemi Kura,14.0,200.0
35821.0,100.0,Lemi Kura,14.0,207.0
31250.0,100.0,Lemi Kura,14.0,207.0
31500.0,65.0,Lemi Kura,14.0,207.0
42888.0,100.0,Lemi Kura,14.0,177.0
41300.0,100.0,Lemi Kura,14.0,177.0
41000.0,100.0,Lemi Kura,14.0,177.0
42680.0,100.0,Lemi Kura,14.0,200.0
61021.0,42.0,Lemi Kura,14.0,200.0
36100.0,100.0,Lemi Kura,14.0,200.0
41500.0,100.0,Lemi Kura,14.0,200.0
38621.0,100.0,Lemi Kura,14.0,200.0
33000.0,100.0,Lemi Kura,14.0,200.0
34250.0,100.0,Lemi Kura,14.0,200.0
33625.0,100.0,Lemi Kura,14.0,200.0
22624.0,100.0,Lemi Kura,14.0,200.0
31105.5,100.0,Lemi Kura,2.0,1022.0
27424.68,50.0,Lemi Kura,2.0,1022.0
16136.0,100.0,Lemi Kura,2.0,1022.0
26000.0,100.0,Lemi Kura,2.0,1449.0
25150.0,100.0,Lemi Kura,2.0,1449.0
18000.0,100.0,Lemi Kura,2.0,1449.0
68200.0,100.0,Lemi Kura,5.0,200.0
62001.2,100.0,Lemi Kura,5.0,200.0
61520.0,100.0,Lemi Kura,5.0,200.0
68000.0,100.0,Lemi Kura,5.0,200.0
57610.0,100.0,Lemi Kura,5.0,200.0
57557.0,100.0,Lemi Kura,5.0,200.0
63999.99,100.0,Lemi Kura,5.0,150.0
62500.0,100.0,Lemi Kura,5.0,150.0
80000.0,63.0,Lemi Kura,5.0,150.0
58621.0,100.0,Lemi Kura,5.0,150.0
55550.0,100.0,Lemi Kura,5.0,150.0
46525.0,100.0,Lemi Kura,5.0,150.0
57621.0,100.0,Lemi Kura,5.0,150.0
56000.0,100.0,Lemi Kura,5.0,150.0
55775.0,100.0,Lemi Kura,5.0,150.0
54775.0,100.0,Lemi Kura,5.0,150.0
51127.0,100.0,Lemi Kura,5.0,150.0
50350.75,100.0,Lemi Kura,5.0,150.0
51775.0,100.0,Lemi Kura,5.0,167.0
42550.0,100.0,Lemi Kura,5.0,167.0
41890.0,100.0,Lemi Kura,5.0,167.0
58888.0,100.0,Lemi Kura,5.0,150.0
55721.0,100.0,Lemi Kura,5.0,150.0
53665.0,100.0,Lemi Kura,5.0,150.0
51755.0,100.0,Lemi Kura,5.0,167.0
51670.0,100.0,Lemi Kura,5.0,167.0
51650.0,100.0,Lemi Kura,5.0,167.0
54220.0,100.0,Lemi Kura,5.0,150.0
54019.0,100.0,Lemi Kura,5.0,150.0
53835.0,100.0,Lemi Kura,5.0,150.0
55900.0,100.0,Lemi Kura,5.0,167.0
51621.0,100.0,Lemi Kura,5.0,167.0
49221.21,100.0,Lemi Kura,5.0,167.0
54729.0,100.0,Lemi Kura,5.0,150.0
54575.95,100.0,Lemi Kura,5.0,150.0
52220.0,100.0,Lemi Kura,5.0,150.0
52721.0,100.0,Lemi Kura,5.0,168.0
48665.0,100.0,Lemi Kura,5.0,168.0
47119.0,100.0,Lemi Kura,5.0,168.0
30629.0,55.0,Akaki Kality,4.0,441.0
16781.24,100.0,Akaki Kality,4.0,441.0
9270.0,100.0,Akaki Kality,4.0,441.0
61101.76,40.0,Akaki Kality,4.0,441.0
16527.0,100.0,Akaki Kality,4.0,441.0
9000.0,60.0,Akaki Kality,4.0,441.0
34000.0,100.0,Akaki Kality,4.0,150.0
33721.0,100.0,Akaki Kality,4.0,150.0
31010.0,100.0,Akaki Kality,4.0,150.0
41111.0,100.0,Akaki Kality,4.0,150.0
40000.0,100.0,Akaki Kality,4.0,150.0
37655.0,100.0,Akaki Kality,4.0,150.0
42099.0,100.0,Akaki Kality,4.0,144.0
38194.0,100.0,Akaki Kality,4.0,144.0
37900.0,100.0,Akaki Kality,4.0,144.0
37777.77,100.0,Akaki Kality,9.0,350.0
30721.0,60.0,Akaki Kality,9.0,350.0
20535.0,100.0,Akaki Kality,9.0,350.0
25120.0,100.0,Akaki Kality,9.0,350.0
31880.0,55.0,Akaki Kality,9.0,350.0
19000.0,100.0,Akaki Kality,9.0,350.0
31721.0,70.0,Akaki Kality,9.0,350.0
18578.12,100.0,Akaki Kality,9.0,350.0
17000.0,80.0,Akaki Kality,9.0,350.0
37021.0,100.0,Akaki Kality,9.0,397.0
21300.0,100.0,Akaki Kality,9.0,397.0
21205.47,100.0,Akaki Kality,9.0,397.0
37009.0,100.0,Akaki Kality,9.0,397.0
35199.0,100.0,Akaki Kality,9.0,532.0
31090.0,100.0,Akaki Kality,9.0,532.0
47566.89,100.0,Akaki Kality,1.0,121.0
39775.0,100.0,Akaki Kality,1.0,121.0
53900.0,63.0,Akaki Kality,1.0,121.0
45000.0,100.0,Akaki Kality,1.0,101.0
43113.0,100.0,Akaki Kality,1.0,101.0
42850.0,100.0,Akaki Kality,1.0,101.0
46512.0,100.0,Akaki Kality,1.0,100.0
44000.0,100.0,Akaki Kality,1.0,100.0
55000.0,65.0,Akaki Kality,1.0,100.0
48500.0,100.0,Akaki Kality,1.0,100.0
47775.0,100.0,Akaki Kality,1.0,100.0
45830.0,100.0,Akaki Kality,1.0,100.0
75130.0,50.0,Akaki Kality,1.0,101.0
45700.0,100.0,Akaki Kality,1.0,101.0
44000.0,100.0,Akaki Kality,1.0,101.0
36116.0,100.0,Akaki Kality,1.0,350.0
35000.0,100.0,Akaki Kality,1.0,350.0
32675.0,60.0,Akaki Kality,1.0,350.0
40629.0,100.0,Akaki Kality,1.0,126.0
39700.0,100.0,Akaki Kality,1.0,126.0
42000.0,70.0,Akaki Kality,1.0,126.0
42150.0,100.0,Akaki Kality,1.0,151.0
45135.86,85.0,Akaki Kality,1.0,151.0
37855.0,100.0,Akaki Kality,1.0,151.0
65100.0,100.0,Akaki Kality,13.0,145.0
62210.5,100.0,Akaki Kality,13.0,145.0
58008.0,100.0,Akaki Kality,13.0,145.0
65100.0,100.0,Akaki Kality,13.0,125.0
62420.5,100.0,Akaki Kality,13.0,125.0
60020.0,100.0,Akaki Kality,13.0,125.0
67100.0,100.0,Akaki Kality,13.0,125.0
58008.0,100.0,Akaki Kality,13.0,125.0
56977.0,100.0,Akaki Kality,13.0,125.0
52000.0,100.0,Akaki Kality,13.0,350.0
62000.0,71.0,Akaki Kality,13.0,350.0
45550.0,100.0,Akaki Kality,13.0,350.0
34775.0,100.0,Akaki Kality,2.0,232.0
29613.0,100.0,Akaki Kality,2.0,232.0
26400.0,100.0,Akaki Kality,2.0,232.0
30500.0,100.0,Akaki Kality,2.0,241.0
40621.0,60.0,Akaki Kality,2.0,241.0
28500.0,100.0,Akaki Kality,2.0,241.0
27002.0,100.0,Akaki Kality,9.0,404.0
32560.0,53.0,Akaki Kality,9.0,404.0
20927.0,100.0,Akaki Kality,9.0,404.0
32100.0,90.0,Akaki Kality,8.0,208.0
28000.0,100.0,Akaki Kality,8.0,208.0
27300.0,100.0,Akaki Kality,8.0,208.0
36233.0,45.0,Akaki Kality,8.0,225.0
20107.7,100.0,Akaki Kality,8.0,225.0
25699.99,60.0,Akaki Kality,8.0,225.0
20500.0,100.0,Akaki Kality,8.0,272.0
17227.0,100.0,Akaki Kality,8.0,272.0
17054.0,100.0,Akaki Kality,8.0,272.0
21600.0,100.0,Akaki Kality,8.0,270.0
20000.0,100.0,Akaki Kality,8.0,270.0
18500.0,100.0,Akaki Kality,8.0,270.0
29357.0,100.0,Akaki Kality,8.0,216.0
28189.0,100.0,Akaki Kality,8.0,216.0
22789.0,100.0,Akaki Kality,8.0,216.0
24517.5,65.0,Akaki Kality,8.0,333.0
17990.0,100.0,Akaki Kality,8.0,333.0
16227.0,100.0,Akaki Kality,8.0,333.0
24121.0,100.0,Akaki Kality,8.0,310.0
22000.0,100.0,Akaki Kality,8.0,310.0
20000.0,100.0,Akaki Kality,8.0,310.0
31555.0,51.0,Akaki Kality,8.0,307.0
18227.0,100.0,Akaki Kality,8.0,307.0
11027.0,100.0,Akaki Kality,8.0,307.0
36550.0,100.0,Akaki Kality,4.0,264.0
32024.0,100.0,Akaki Kality,4.0,264.0
29150.0,100.0,Akaki Kality,4.0,264.0
39622.65,100.0,Akaki Kality,4.0,265.0
32413.0,100.0,Akaki Kality,4.0,265.0
26440.0,100.0,Akaki Kality,4.0,265.0
36500.0,100.0,Akaki Kality,4.0,265.0
35175.0,100.0,Akaki Kality,4.0,251.0
35153.37,100.0,Akaki Kality,4.0,251.0
34621.0,100.0,Akaki Kality,4.0,244.0
33000.0,100.0,Akaki Kality,4.0,244.0
32175.0,100.0,Akaki Kality,4.0,244.0
41116.0,100.0,Akaki Kality,4.0,199.0
35556.5,100.0,Akaki Kality,4.0,199.0
35400.0,100.0,Akaki Kality,4.0,199.0
35509.0,100.0,Nefas - Silk Lafto,14.0,150.0
34775.0,100.0,Nefas - Silk Lafto,14.0,150.0
21127.0,100.0,Nefas - Silk Lafto,14.0,150.0
30202.0,90.0,Nefas - Silk Lafto,14.0,150.0
30000.0,75.0,Nefas - Silk Lafto,14.0,150.0
27721.0,86.0,Nefas - Silk Lafto,14.0,150.0
37529.0,100.0,Nefas - Silk Lafto,14.0,150.0
35565.0,100.0,Nefas - Silk Lafto,14.0,150.0
35120.0,100.0,Nefas - Silk Lafto,14.0,150.0
46668.66,100.0,Nefas - Silk Lafto,14.0,150.0
35625.0,100.0,Nefas - Silk Lafto,14.0,150.0
34998.0,100.0,Nefas - Silk Lafto,14.0,150.0
46000.0,100.0,Nefas - Silk Lafto,14.0,150.0
43670.0,100.0,Nefas - Silk Lafto,14.0,150.0
40220.0,100.0,Nefas - Silk Lafto,14.0,150.0
46667.33,100.0,Nefas - Silk Lafto,14.0,150.0
39150.0,100.0,Nefas - Silk Lafto,14.0,150.0
38717.0,100.0,Nefas - Silk Lafto,14.0,150.0
46100.0,100.0,Nefas - Silk Lafto,14.0,150.0
33520.0,100.0,Nefas - Silk Lafto,14.0,150.0
31127.0,100.0,Nefas - Silk Lafto,14.0,150.0
36660.0,100.0,Nefas - Silk Lafto,14.0,150.0
35120.0,100.0,Nefas - Silk Lafto,14.0,150.0
32700.0,100.0,Nefas - Silk Lafto,14.0,150.0
44500.0,100.0,Nefas - Silk Lafto,14.0,150.0
40001.0,100.0,Nefas - Silk Lafto,14.0,150.0
36888.0,100.0,Nefas - Silk Lafto,14.0,150.0
36675.0,100.0,Nefas - Silk Lafto,14.0,150.0
26857.0,100.0,Nefas - Silk Lafto,14.0,150.0
18727.0,100.0,Nefas - Silk Lafto,14.0,150.0
38670.0,100.0,Nefas - Silk Lafto,14.0,150.0
38300.0,100.0,Nefas - Silk Lafto,14.0,150.0
33675.0,100.0,Nefas - Silk Lafto,14.0,150.0
23333.34,100.0,Nefas - Silk Lafto,14.0,150.0
21105.0,100.0,Nefas - Silk Lafto,14.0,150.0
23116.0,75.0,Nefas - Silk Lafto,14.0,150.0
33666.0,100.0,Nefas - Silk Lafto,14.0,150.0
27010.0,100.0,Nefas - Silk Lafto,14.0,150.0
13777.0,100.0,Nefas - Silk Lafto,14.0,150.0
37880.0,100.0,Nefas - Silk Lafto,14.0,150.0
31000.0,100.0,Nefas - Silk Lafto,14.0,208.0
23700.0,100.0,Nefas - Silk Lafto,14.0,208.0
40030.0,100.0,Nefas - Silk Lafto,14.0,150.0
30550.0,100.0,Nefas - Silk Lafto,14.0,150.0
43500.0,55.0,Nefas - Silk Lafto,14.0,150.0
34880.0,100.0,Nefas - Silk Lafto,14.0,315.0
32000.0,100.0,Nefas - Silk Lafto,14.0,315.0
23527.0,100.0,Nefas - Silk Lafto,14.0,315.0
35780.0,100.0,Nefas - Silk Lafto,14.0,250.0
32526.0,100.0,Nefas - Silk Lafto,14.0,250.0
31111.0,100.0,Nefas - Silk Lafto,14.0,250.0
34888.0,100.0,Nefas - Silk Lafto,14.0,209.0
16000.0,100.0,Nefas - Silk Lafto,14.0,209.0
15000.0,100.0,Nefas - Silk Lafto,14.0,209.0
38280.0,100.0,Nefas - Silk Lafto,14.0,161.0
36120.0,100.0,Nefas - Silk Lafto,14.0,161.0
30010.0,100.0,Nefas - Silk Lafto,14.0,161.0
44440.0,100.0,Nefas - Silk Lafto,14.0,161.0
37888.0,100.0,Nefas - Silk Lafto,14.0,161.0
35000.0,100.0,Nefas - Silk Lafto,14.0,161.0
43840.0,100.0,Nefas - Silk Lafto,14.0,222.0
36910.0,100.0,Nefas - Silk Lafto,14.0,222.0
27010.0,100.0,Nefas - Silk Lafto,14.0,222.0
35250.0,100.0,Nefas - Silk Lafto,14.0,161.0
32000.0,100.0,Nefas - Silk Lafto,14.0,161.0
27888.8,100.0,Nefas - Silk Lafto,14.0,161.0
44100.0,100.0,Nefas - Silk Lafto,14.0,348.0
33780.0,100.0,Nefas - Silk Lafto,14.0,348.0
31550.0,100.0,Nefas - Silk Lafto,14.0,348.0
76000.0,50.0,Nefas - Silk Lafto,14.0,654.0
26666.0,100.0,Nefas - Silk Lafto,14.0,654.0
26100.0,100.0,Nefas - Silk Lafto,14.0,654.0
50927.84,90.0,Yeka,1.0,272.0
33555.95,100.0,Yeka,1.0,272.0
38150.0,85.0,Yeka,1.0,272.0
51551.0,100.0,Yeka,1.0,225.0
25521.0,100.0,Yeka,1.0,225.0
25019.0,100.0,Yeka,1.0,225.0
107843.15,76.0,Yeka,6.0,204.0
86129.0,100.0,Yeka,6.0,204.0
121626.88,42.0,Yeka,6.0,204.0
79120.0,100.0,Yeka,5.0,650.0
75100.0,100.0,Yeka,5.0,650.0
121626.88,42.0,Yeka,5.0,650.0
108771.93,100.0,Yeka,5.0,855.0
71000.0,100.0,Yeka,5.0,855.0
81219.0,81.0,Yeka,5.0,855.0
41150.0,100.0,Yeka,12.0,283.0
48616.0,75.0,Yeka,12.0,283.0
32000.0,84.0,Yeka,12.0,283.0
50116.0,100.0,Yeka,12.0,232.0
67150.0,54.0,Yeka,12.0,232.0
43500.0,100.0,Yeka,12.0,232.0
61250.0,100.0,Yeka,12.0,278.0
50616.0,100.0,Yeka,12.0,278.0
46221.18,90.0,Yeka,12.0,278.0
32027.0,70.0,Yeka,10.0,246.0
25137.0,100.0,Yeka,10.0,246.0
22350.0,100.0,Yeka,10.0,246.0
30225.5,100.0,Yeka,10.0,213.0
31501.0,71.0,Yeka,10.0,213.0
21652.58,100.0,Yeka,10.0,213.0
27100.0,50.0,Yeka,10.0,525.0
9645.0,100.0,Yeka,10.0,525.0
7777.77,100.0,Yeka,10.0,525.0
38351.0,70.0,Yeka,10.0,406.0
11123.77,100.0,Yeka,10.0,406.0
7860.0,100.0,Yeka,10.0,406.0
61350.0,100.0,Yeka,10.0,189.0
44919.57,100.0,Yeka,10.0,189.0
55000.0,70.0,Yeka,10.0,189.0
47127.0,100.0,Yeka,10.0,299.0
41120.0,100.0,Yeka,10.0,299.0
41299.77,70.0,Yeka,10.0,299.0
37840.0,100.0,Gulele,5.0,111.0
34500.0,100.0,Gulele,5.0,111.0
28380.0,100.0,Gulele,5.0,111.0
38823.0,100.0,Gulele,5.0,108.0
38000.0,100.0,Gulele,5.0,108.0
21210.0,100.0,Gulele,5.0,108.0
25000.0,100.0,Gulele,5.0,902.0
16800.0,100.0,Gulele,5.0,902.0
20888.91,65.0,Gulele,5.0,902.0
64787.0,100.0,Gulele,5.0,200.0
73120.0,55.0,Gulele,5.0,200.0
62000.0,60.0,Gulele,5.0,200.0
120100.0,100.0,Gulele,5.0,125.0
41125.0,100.0,Gulele,5.0,125.0
41121.2,100.0,Gulele,5.0,125.0
135000.0,100.0,Gulele,5.0,100.0
86000.0,100.0,Gulele,5.0,100.0
65050.0,100.0,Gulele,5.0,100.0
66038.0,100.0,Gulele,9.0,212.0
40150.0,100.0,Gulele,9.0,212.0
37730.0,100.0,Gulele,9.0,212.0
41387.77,100.0,Addis Ketema,14.0,370.0
38121.0,100.0,Addis Ketema,14.0,370.0
36128.0,100.0,Addis Ketema,14.0,370.0
69000.0,40.0,Addis Ketema,14.0,420.0
37100.0,100.0,Addis Ketema,14.0,420.0
32150.0,100.0,Addis Ketema,14.0,420.0
50100.0,100.0,Addis Ketema,14.0,491.0
46028.0,100.0,Addis Ketema,14.0,491.0
39100.0,100.0,Addis Ketema,14.0,491.0
41100.0,100.0,Addis Ketema,14.0,500.0
32027.0,100.0,Addis Ketema,14.0,500.0
31100.0,100.0,Addis Ketema,14.0,500.0
42100.0,100.0,Addis Ketema,14.0,454.0
69100.0,40.0,Addis Ketema,14.0,454.0
33100.0,100.0,Addis Ketema,14.0,454.0
49800.0,70.0,Addis Ketema,14.0,502.0
35121.0,100.0,Addis Ketema,14.0,502.0
33170.0,100.0,Addis Ketema,14.0,502.0
40100.0,100.0,Addis Ketema,14.0,411.0
32027.0,100.0,Addis Ketema,14.0,411.0
23150.0,100.0,Addis Ketema,14.0,411.0
32027.0,100.0,Addis Ketema,14.0,363.0
30150.0,100.0,Addis Ketema,14.0,363.0
35163.5,60.0,Addis Ketema,14.0,363.0
29315.0,100.0,Kolfe Keranyo,3.0,119.4
25300.0,100.0,Kolfe Keranyo,3.0,119.4
20120.0,100.0,Kolfe Keranyo,3.0,119.4
65200.0,100.0,Kolfe Keranyo,3.0,96.3
35100.0,100.0,Kolfe Keranyo,3.0,96.3
34444.4,100.0,Kolfe Keranyo,3.0,96.3
29320.0,100.0,Kolfe Keranyo,3.0,137.0
25600.0,100.0,Kolfe Keranyo,3.0,137.0
22000.0,100.0,Kolfe Keranyo,3.0,137.0
21750.0,100.0,Kolfe Keranyo,2.0,107.0
25131.45,40.0,Kolfe Keranyo,2.0,107.0
2000.0,40.0,Kolfe Keranyo,2.0,107.0
45140.0,100.0,Kolfe Keranyo,8.0,203.0
22100.0,100.0,Kolfe Keranyo,8.0,203.0
21212.1,100.0,Kolfe Keranyo,8.0,203.0
45200.0,100.0,Kolfe Keranyo,8.0,174.0
24225.0,100.0,Kolfe Keranyo,8.0,174.0
20050.0,100.0,Kolfe Keranyo,8.0,174.0
61856.0,100.0,Kolfe Keranyo,8.0,124.0
60510.0,100.0,Kolfe Keranyo,8.0,124.0
55500.0,100.0,Kolfe Keranyo,8.0,124.0
47521.0,100.0,Kolfe Keranyo,8.0,124.0
55250.0,70.0,Kolfe Keranyo,5.0,260.0
42573.0,100.0,Kolfe Keranyo,5.0,260.0
67731.0,100.0,Kolfe Keranyo,5.0,279.0
53763.45,100.0,Kolfe Keranyo,5.0,279.0
43516.0,100.0,Kolfe Keranyo,5.0,279.0
57430.0,100.0,Kolfe Keranyo,5.0,267.0
41100.0,100.0,Kolfe Keranyo,5.0,267.0
41000.0,100.0,Kolfe Keranyo,5.0,267.0
57121.19,100.0,Kolfe Keranyo,5.0,180.0
57000.0,100.0,Kolfe Keranyo,5.0,180.0
60150.0,90.0,Kolfe Keranyo,5.0,180.0
51021.27,100.0,Kolfe Keranyo,5.0,166.0
41111.0,100.0,Kolfe Keranyo,5.0,166.0
40100.0,100.0,Kolfe Keranyo,5.0,166.0
81000.0,100.0,Kolfe Keranyo,7.0,96.0
68175.0,100.0,Kolfe Keranyo,7.0,96.0
83620.0,63.0,Kolfe Keranyo,7.0,96.0
78155.0,100.0,Kolfe Keranyo,7.0,96.0
76220.0,100.0,Kolfe Keranyo,7.0,96.0
75520.83,100.0,Kolfe Keranyo,7.0,96.0
125000.0,55.0,Kolfe Keranyo,7.0,96.0
83333.33,100.0,Kolfe Keranyo,7.0,96.0
78220.0,100.0,Kolfe Keranyo,7.0,96.0
75750.0,100.0,Kolfe Keranyo,7.0,162.0
65111.0,100.0,Kolfe Keranyo,7.0,162.0
62100.0,100.0,Kolfe Keranyo,7.0,162.0
71575.0,100.0,Kolfe Keranyo,7.0,162.0
59580.0,100.0,Kolfe Keranyo,7.0,162.0
56031.0,100.0,Kolfe Keranyo,7.0,162.0
68577.0,100.0,Kolfe Keranyo,7.0,162.0
61615.95,100.0,Kolfe Keranyo,7.0,162.0
56041.0,100.0,Kolfe Keranyo,7.0,162.0
111200.0,100.0,Kolfe Keranyo,7.0,169.0
75100.0,100.0,Kolfe Keranyo,7.0,169.0
73513.0,100.0,Kolfe Keranyo,7.0,169.0
63100.0,100.0,Kolfe Keranyo,7.0,193.0
61220.0,100.0,Kolfe Keranyo,7.0,193.0
46650.0,100.0,Kolfe Keranyo,7.0,193.0
79500.0,100.0,Kolfe Keranyo,7.0,133.0
72670.0,100.0,Kolfe Keranyo,7.0,133.0
56575.0,100.0,Kolfe Keranyo,7.0,133.0
98813.0,100.0,Kolfe Keranyo,7.0,120.0
95960.83,100.0,Kolfe Keranyo,7.0,120.0
84105.0,100.0,Kolfe Keranyo,7.0,120.0
116513.0,100.0,Kolfe Keranyo,7.0,130.0
86500.0,100.0,Kolfe Keranyo,7.0,130.0
86220.0,100.0,Kolfe Keranyo,7.0,130.0
41731.0,100.0,Kolfe Keranyo,5.0,238.0
27416.5,100.0,Kolfe Keranyo,5.0,238.0
20016.0,100.0,Kolfe Keranyo,5.0,238.0
42650.0,100.0,Kolfe Keranyo,5.0,238.0
15189.5,100.0,Kolfe Keranyo,3.0,158.0
13700.0,100.0,Kolfe Keranyo,3.0,158.0
47000.0,100.0,Kolfe Keranyo,3.0,266.0
21975.0,100.0,Kolfe Keranyo,3.0,266.0
15000.0,100.0,Kolfe Keranyo,3.0,266.0
54220.0,65.0,Kolfe Keranyo,3.0,148.0
28150.0,100.0,Kolfe Keranyo,3.0,148.0
23150.8,100.0,Kolfe Keranyo,3.0,148.0
26230.0,100.0,Kolfe Keranyo,3.0,162.0
12575.0,100.0,Kolfe Keranyo,3.0,162.0
7721.0,100.0,Kolfe Keranyo,3.0,162.0
38110.0,70.0,Kolfe Keranyo,3.0,174.0
34483.5,83.0,Kolfe Keranyo,3.0,174.0
16500.0,100.0,Kolfe Keranyo,3.0,174.0
32225.0,80.0,Kolfe Keranyo,3.0,173.0
41110.0,41.0,Kolfe Keranyo,3.0,173.0
21000.0,100.0,Kolfe Keranyo,3.0,173.0
110000.0,100.0,Kirkos,11.0,1919.0
60000.0,80.0,Kirkos,11.0,1919.0
83667.0,40.0,Kirkos,11.0,1919.0
52300.0,100.0,Nefas - Silk Lafto,15.0,597.0
51300.0,100.0,Nefas - Silk Lafto,15.0,597.0
50301.0,100.0,Nefas - Silk Lafto,15.0,597.0
61101.75,100.0,Nefas - Silk Lafto,15.0,557.0
53860.0,100.0,Nefas - Silk Lafto,15.0,557.0
53860.0,100.0,Nefas - Silk Lafto,15.0,557.0
72009.0,100.0,Nefas - Silk Lafto,15.0,225.0
65112.0,100.0,Nefas - Silk Lafto,15.0,225.0
63888.0,100.0,Nefas - Silk Lafto,15.0,225.0
27027.0,100.0,Nefas - Silk Lafto,14.0,369.0
14092.0,100.0,Nefas - Silk Lafto,14.0,369.0
11502.0,100.0,Nefas - Silk Lafto,14.0,369.0
46624.0,100.0,Nefas - Silk Lafto,14.0,150.0
42019.0,100.0,Nefas - Silk Lafto,14.0,150.0
42000.0,100.0,Nefas - Silk Lafto,14.0,150.0
46624.0,100.0,Nefas - Silk Lafto,14.0,175.0
40313.0,100.0,Nefas - Silk Lafto,14.0,175.0
40100.0,100.0,Nefas - Silk Lafto,14.0,175.0
31500.0,100.0,Nefas - Silk Lafto,14.0,543.0
23511.0,100.0,Nefas - Silk Lafto,14.0,543.0
16200.0,100.0,Nefas - Silk Lafto,14.0,543.0
37100.0,100.0,Nefas - Silk Lafto,13.0,387.0
36176.23,100.0,Nefas - Silk Lafto,13.0,387.0
40100.0,80.0,Nefas - Silk Lafto,13.0,387.0
31600.0,100.0,Addis Ketema,11.0,214.0
30100.0,100.0,Addis Ketema,11.0,214.0
28504.67,100.0,Addis Ketema,11.0,214.0
35461.0,100.0,Kolfe Keranyo,11.0,141.0
35100.0,100.0,Kolfe Keranyo,11.0,141.0
32000.0,90.0,Kolfe Keranyo,11.0,141.0
26500.0,70.0,Kolfe Keranyo,11.0,266.0
11865.0,100.0,Kolfe Keranyo,11.0,266.0
14255.0,70.0,Kolfe Keranyo,11.0,266.0
26100.0,100.0,Kolfe Keranyo,11.0,227.0
18666.0,100.0,Kolfe Keranyo,11.0,227.0
11565.0,100.0,Kolfe Keranyo,11.0,227.0
30210.0,100.0,Kolfe Keranyo,2.0,137.0
25600.0,100.0,Kolfe Keranyo,2.0,137.0
24444.0,100.0,Kolfe Keranyo,2.0,137.0
26150.0,100.0,Kolfe Keranyo,3.0,159.0
19155.0,100.0,Kolfe Keranyo,3.0,159.0
22150.0,70.0,Kolfe Keranyo,3.0,159.0
21500.0,100.0,Kolfe Keranyo,3.0,189.0
20015.0,100.0,Kolfe Keranyo,3.0,189.0
18260.0,100.0,Kolfe Keranyo,3.0,189.0
45824.7,85.0,Kolfe Keranyo,3.0,161.0
24850.0,100.0,Kolfe Keranyo,3.0,161.0
21565.0,100.0,Kolfe Keranyo,3.0,161.0
33500.0,85.0,Kolfe Keranyo,3.0,180.0
30000.0,100.0,Kolfe Keranyo,3.0,180.0
22563.0,100.0,Kolfe Keranyo,3.0,180.0
85719.0,100.0,Kolfe Keranyo,7.0,128.0
73430.0,100.0,Kolfe Keranyo,7.0,128.0
62500.0,100.0,Kolfe Keranyo,7.0,128.0
81100.0,100.0,Kolfe Keranyo,7.0,87.0
66400.0,100.0,Kolfe Keranyo,7.0,87.0
55001.0,100.0,Kolfe Keranyo,7.0,87.0
86725.0,100.0,Kolfe Keranyo,7.0,89.0
110000.0,60.0,Kolfe Keranyo,7.0,89.0
72000.0,100.0,Kolfe Keranyo,7.0,89.0
86720.0,100.0,Kolfe Keranyo,7.0,111.0
81300.0,100.0,Kolfe Keranyo,7.0,111.0
93555.0,80.0,Kolfe Keranyo,7.0,111.0
111755.0,100.0,Kolfe Keranyo,7.0,104.0
92576.0,100.0,Kolfe Keranyo,7.0,104.0
137000.0,50.0,Kolfe Keranyo,7.0,104.0
126435.0,100.0,Kolfe Keranyo,7.0,84.0
110500.0,100.0,Kolfe Keranyo,7.0,84.0
96573.0,100.0,Kolfe Keranyo,7.0,84.0
156080.0,100.0,Kolfe Keranyo,7.0,167.0
132430.0,100.0,Kolfe Keranyo,7.0,167.0
132211.0,100.0,Kolfe Keranyo,7.0,167.0
135300.0,100.0,Kolfe Keranyo,7.0,186.0
107556.0,100.0,Kolfe Keranyo,7.0,186.0
101000.0,100.0,Kolfe Keranyo,7.0,186.0
23294.93,100.0,Kolfe Keranyo,7.0,217.0
16200.0,100.0,Kolfe Keranyo,7.0,217.0
15100.0,100.0,Kolfe Keranyo,7.0,217.0
22575.0,100.0,Kolfe Keranyo,3.0,226.0
18600.0,100.0,Kolfe Keranyo,3.0,226.0
20600.0,80.0,Kolfe Keranyo,3.0,226.0
21300.0,100.0,Kolfe Keranyo,3.0,188.0
33000.0,40.0,Kolfe Keranyo,3.0,188.0
16000.0,100.0,Kolfe Keranyo,3.0,188.0
46527.0,100.0,Kolfe Keranyo,5.0,309.0
42100.0,100.0,Kolfe Keranyo,5.0,309.0
40453.0,100.0,Kolfe Keranyo,5.0,309.0
43521.0,100.0,Kolfe Keranyo,5.0,283.0
39100.0,100.0,Kolfe Keranyo,5.0,283.0
38000.0,100.0,Kolfe Keranyo,5.0,283.0
35000.0,100.0,Kolfe Keranyo,3.0,199.0
28473.0,100.0,Kolfe Keranyo,3.0,199.0
25800.0,100.0,Kolfe Keranyo,3.0,199.0
50000.0,71.0,Akaki Kality,13.0,429.0
38000.0,100.0,Akaki Kality,13.0,429.0
33000.0,100.0,Akaki Kality,13.0,429.0
29600.0,100.0,Akaki Kality,4.0,322.0
29500.0,100.0,Akaki Kality,4.0,322.0
28556.99,100.0,Akaki Kality,4.0,322.0
55625.85,100.0,Akaki Kality,8.0,106.0
68000.0,60.0,Akaki Kality,8.0,106.0
45780.78,100.0,Akaki Kality,8.0,106.0
50125.0,100.0,Akaki Kality,8.0,104.0
47921.0,100.0,Akaki Kality,8.0,104.0
45222.0,100.0,Akaki Kality,8.0,104.0
48107.0,100.0,Akaki Kality,8.0,104.0
46070.0,100.0,Akaki Kality,8.0,104.0
43320.5,100.0,Akaki Kality,8.0,104.0
66599.0,100.0,Akaki Kality,13.0,76.0
65123.0,100.0,Akaki Kality,13.0,76.0
65000.0,100.0,Akaki Kality,13.0,76.0
37041.04,70.0,Akaki Kality,13.0,749.0
22016.02,100.0,Akaki Kality,13.0,749.0
23230.23,91.0,Akaki Kality,13.0,749.0
44444.0,70.0,Akaki Kality,2.0,232.0
28055.0,100.0,Akaki Kality,2.0,232.0
27000.0,100.0,Akaki Kality,2.0,232.0
28601.99,100.0,Akaki Kality,2.0,232.0
32510.0,81.0,Akaki Kality,2.0,232.0
20000.0,100.0,Akaki Kality,2.0,232.0
37525.0,70.0,Akaki Kality,2.0,213.0
30000.0,100.0,Akaki Kality,2.0,213.0
29420.19,100.0,Akaki Kality,2.0,213.0
62000.0,100.0,Akaki Kality,1.0,90.0
61150.0,100.0,Akaki Kality,1.0,90.0
71600.0,75.0,Akaki Kality,1.0,90.0
62000.0,100.0,Akaki Kality,13.0,165.0
60000.0,100.0,Akaki Kality,13.0,165.0
50051.0,100.0,Akaki Kality,13.0,165.0
50000.0,100.0,Akaki Kality,13.0,167.0
56001.0,86.0,Akaki Kality,13.0,167.0
47200.0,100.0,Akaki Kality,13.0,167.0
22200.0,100.0,Akaki Kality,4.0,377.0
25775.0,70.0,Akaki Kality,4.0,377.0
15000.5,100.0,Akaki Kality,4.0,377.0
34285.0,60.0,Akaki Kality,9.0,350.0
25121.0,100.0,Akaki Kality,9.0,350.0
23550.0,100.0,Akaki Kality,9.0,350.0
26700.0,100.0,Akaki Kality,9.0,412.0
24356.0,100.0,Akaki Kality,9.0,412.0
20100.0,100.0,Akaki Kality,9.0,412.0
33500.0,100.0,Akaki Kality,9.0,397.0
25825.0,100.0,Akaki Kality,9.0,397.0
25555.0,100.0,Akaki Kality,9.0,397.0
27678.9,100.0,Akaki Kality,9.0,397.0
34500.0,46.0,Akaki Kality,9.0,397.0
30001.0,40.0,Akaki Kality,9.0,397.0
40125.0,100.0,Akaki Kality,2.0,221.0
34337.0,100.0,Akaki Kality,2.0,221.0
33823.0,100.0,Akaki Kality,2.0,221.0
35555.5,100.0,Akaki Kality,9.0,404.0
30100.0,100.0,Akaki Kality,9.0,404.0
23785.0,100.0,Akaki Kality,9.0,404.0
28877.0,100.0,Akaki Kality,8.0,239.0
42000.0,50.0,Akaki Kality,8.0,239.0
27721.0,100.0,Akaki Kality,8.0,239.0
32315.0,100.0,Akaki Kality,8.0,233.0
29377.0,100.0,Akaki Kality,8.0,233.0
26875.0,100.0,Akaki Kality,8.0,233.0
29113.0,100.0,Akaki Kality,8.0,344.0
41100.0,50.0,Akaki Kality,8.0,344.0
35000.0,71.0,Akaki Kality,8.0,344.0
31555.5,100.0,Akaki Kality,9.0,200.0
30219.0,100.0,Akaki Kality,9.0,200.0
32600.0,80.0,Akaki Kality,9.0,200.0
31000.0,100.0,Akaki Kality,9.0,200.0
32600.0,80.0,Akaki Kality,9.0,200.0
34500.0,70.0,Akaki Kality,9.0,200.0
27890.99,100.0,Akaki Kality,9.0,200.0
32600.0,80.0,Akaki Kality,9.0,200.0
27521.0,100.0,Akaki Kality,9.0,200.0
34700.0,100.0,Akaki Kality,9.0,200.0
31425.0,100.0,Akaki Kality,9.0,200.0
29570.0,100.0,Akaki Kality,9.0,200.0
29999.0,100.0,Akaki Kality,9.0,200.0
26629.0,100.0,Akaki Kality,9.0,200.0
24121.0,100.0,Akaki Kality,9.0,200.0
27580.0,100.0,Akaki Kality,9.0,275.0
26775.0,100.0,Akaki Kality,9.0,275.0
25899.0,100.0,Akaki Kality,9.0,275.0
31221.0,100.0,Akaki Kality,9.0,272.0
29999.0,100.0,Akaki Kality,9.0,272.0
26839.55,100.0,Akaki Kality,9.0,272.0
33150.0,100.0,Akaki Kality,9.0,200.0
31000.0,100.0,Akaki Kality,9.0,200.0
27500.0,100.0,Akaki Kality,9.0,200.0
34500.0,100.0,Akaki Kality,9.0,200.0
31500.0,100.0,Akaki Kality,9.0,200.0
36000.0,70.0,Akaki Kality,9.0,200.0
27890.0,100.0,Akaki Kality,9.0,200.0
27888.0,100.0,Akaki Kality,9.0,200.0
30001.0,80.0,Akaki Kality,9.0,200.0
45565.25,100.0,Akaki Kality,9.0,200.0
33033.0,100.0,Akaki Kality,9.0,200.0
32200.0,100.0,Akaki Kality,9.0,200.0
44923.86,100.0,Akaki Kality,9.0,197.0
29621.0,100.0,Akaki Kality,9.0,197.0
28337.0,100.0,Akaki Kality,9.0,197.0
30156.0,100.0,Akaki Kality,1.0,500.0
28400.0,100.0,Akaki Kality,1.0,500.0
27500.0,100.0,Akaki Kality,1.0,500.0
32750.0,100.0,Akaki Kality,1.0,400.0
32510.0,100.0,Akaki Kality,1.0,400.0
28600.0,100.0,Akaki Kality,1.0,400.0
39795.0,100.0,Akaki Kality,13.0,490.0
35115.0,100.0,Akaki Kality,13.0,490.0
28979.59,100.0,Akaki Kality,13.0,490.0
62050.0,100.0,Gulele,7.0,171.0
52701.0,100.0,Gulele,7.0,171.0
51100.0,100.0,Gulele,7.0,171.0
52600.0,100.0,Gulele,7.0,175.0
50050.0,100.0,Gulele,7.0,175.0
50000.0,100.0,Gulele,7.0,175.0
54250.0,100.0,Gulele,7.0,176.0
50421.0,100.0,Gulele,7.0,176.0
46156.0,100.0,Gulele,7.0,176.0
47500.0,100.0,Gulele,7.0,210.0
61200.0,60.0,Gulele,7.0,210.0
44600.0,100.0,Gulele,7.0,210.0
62244.0,100.0,Gulele,7.0,227.0
41200.0,100.0,Gulele,7.0,227.0
37555.0,100.0,Gulele,7.0,227.0
50847.0,100.0,Gulele,7.0,236.0
50700.0,100.0,Gulele,7.0,236.0
47127.0,100.0,Gulele,7.0,236.0
47127.0,100.0,Gulele,7.0,145.0
48000.0,80.0,Gulele,7.0,145.0
54719.0,60.0,Gulele,7.0,145.0
67000.0,100.0,Gulele,7.0,255.0
51050.0,100.0,Gulele,7.0,255.0
68800.0,50.0,Gulele,7.0,255.0
71343.88,100.0,Gulele,7.0,253.0
67000.0,100.0,Gulele,7.0,253.0
53377.0,100.0,Gulele,7.0,253.0
47157.0,100.0,Gulele,7.0,247.0
46000.0,100.0,Gulele,7.0,247.0
44215.0,100.0,Gulele,7.0,247.0
67199.99,77.0,Gulele,7.0,143.0
47600.0,100.0,Gulele,7.0,143.0
47397.04,100.0,Gulele,7.0,143.0
52888.0,100.0,Gulele,7.0,144.0
44210.0,100.0,Gulele,7.0,144.0
41000.0,100.0,Gulele,7.0,144.0
71900.0,100.0,Gulele,7.0,145.0
57600.0,100.0,Gulele,7.0,145.0
55777.0,100.0,Gulele,7.0,145.0
70300.0,100.0,Gulele,7.0,147.0
57723.0,100.0,Gulele,7.0,147.0
56006.8,100.0,Gulele,7.0,147.0
71177.0,100.0,Gulele,7.0,148.0
70021.0,100.0,Gulele,7.0,148.0
69800.0,100.0,Gulele,7.0,148.0
60100.0,100.0,Gulele,7.0,233.0
52001.0,100.0,Gulele,7.0,233.0
50110.0,100.0,Gulele,7.0,233.0
35947.71,100.0,Lemi Kura,4.0,306.0
27850.0,100.0,Lemi Kura,4.0,306.0
27150.0,100.0,Lemi Kura,4.0,306.0
35150.0,100.0,Lemi Kura,4.0,217.0
34000.0,100.0,Lemi Kura,4.0,217.0
32455.0,100.0,Lemi Kura,4.0,217.0
27001.0,100.0,Lemi Kura,4.0,326.0
22050.0,100.0,Lemi Kura,4.0,326.0
23051.0,75.0,Lemi Kura,4.0,326.0
40150.0,60.0,Lemi Kura,4.0,306.0
28355.0,100.0,Lemi Kura,4.0,306.0
25556.0,100.0,Lemi Kura,4.0,306.0
30675.0,100.0,Lemi Kura,4.0,256.0
30000.0,100.0,Lemi Kura,4.0,256.0
31251.5,90.0,Lemi Kura,4.0,256.0
27255.0,100.0,Lemi Kura,4.0,272.0
26199.99,100.0,Lemi Kura,4.0,272.0
25735.0,100.0,Lemi Kura,4.0,272.0
29860.0,100.0,Lemi Kura,4.0,268.0
28199.99,100.0,Lemi Kura,4.0,268.0
27985.08,100.0,Lemi Kura,4.0,268.0
32212.0,100.0,Lemi Kura,4.0,300.0
27355.0,100.0,Lemi Kura,4.0,300.0
32119.19,70.0,Lemi Kura,4.0,300.0
30101.0,100.0,Lemi Kura,4.0,395.0
27777.7,100.0,Lemi Kura,4.0,395.0
26175.0,100.0,Lemi Kura,4.0,395.0
27999.16,100.0,Lemi Kura,4.0,335.0
24500.0,100.0,Lemi Kura,4.0,335.0
31642.0,65.0,Lemi Kura,4.0,335.0
29013.3,100.0,Lemi Kura,4.0,313.0
28000.0,100.0,Lemi Kura,4.0,313.0
28777.0,87.0,Lemi Kura,4.0,313.0
31100.0,100.0,Lemi Kura,4.0,390.0
25112.0,100.0,Lemi Kura,4.0,390.0
24500.0,100.0,Lemi Kura,4.0,390.0
28512.0,100.0,Lemi Kura,4.0,389.0
22900.0,100.0,Lemi Kura,4.0,389.0
30001.0,50.0,Lemi Kura,4.0,389.0
40027.16,85.0,Lemi Kura,14.0,200.0
35616.0,100.0,Lemi Kura,14.0,200.0
35150.0,100.0,Lemi Kura,14.0,200.0
47200.0,100.0,Lemi Kura,14.0,500.0
42121.0,100.0,Lemi Kura,14.0,500.0
34600.0,100.0,Lemi Kura,14.0,500.0
54725.0,100.0,Lemi Kura,14.0,500.0
44201.0,100.0,Lemi Kura,14.0,500.0
42251.0,100.0,Lemi Kura,14.0,500.0
48900.0,100.0,Lemi Kura,14.0,500.0
46700.0,100.0,Lemi Kura,14.0,500.0
36551.0,100.0,Lemi Kura,14.0,500.0
31019.19,100.0,Lemi Kura,14.0,429.0
28720.0,100.0,Lemi Kura,14.0,429.0
26670.0,100.0,Lemi Kura,14.0,429.0
30250.0,100.0,Lemi Kura,14.0,429.0
30000.0,100.0,Lemi Kura,14.0,429.0
35000.0,70.0,Lemi Kura,14.0,429.0
25199.0,100.0,Lemi Kura,14.0,500.0
22222.0,100.0,Lemi Kura,14.0,500.0
21820.0,100.0,Lemi Kura,14.0,500.0
29300.0,90.0,Lemi Kura,14.0,500.0
26244.86,100.0,Lemi Kura,14.0,500.0
23127.0,100.0,Lemi Kura,14.0,500.0
29000.0,100.0,Lemi Kura,14.0,500.0
28200.0,100.0,Lemi Kura,14.0,500.0
21700.0,70.0,Lemi Kura,14.0,500.0
126000.0,70.0,Lemi Kura,10.0,130.0
81677.0,100.0,Lemi Kura,10.0,130.0
77521.0,100.0,Lemi Kura,10.0,130.0
83459.0,100.0,Lemi Kura,10.0,130.0
81123.0,100.0,Lemi Kura,10.0,130.0
77555.0,100.0,Lemi Kura,10.0,130.0
91212.0,100.0,Lemi Kura,10.0,130.0
80755.0,100.0,Lemi Kura,10.0,130.0
78170.0,100.0,Lemi Kura,10.0,130.0
29211.0,100.0,Yeka,10.0,281.0
30000.0,70.0,Yeka,10.0,281.0
21355.0,100.0,Yeka,10.0,281.0
36219.0,100.0,Yeka,2.0,498.0
35830.0,100.0,Yeka,2.0,498.0
25000.0,100.0,Yeka,2.0,498.0
41216.27,100.0,Yeka,2.0,385.0
28100.0,100.0,Yeka,2.0,385.0
31000.0,60.0,Yeka,2.0,385.0
48600.0,100.0,Yeka,2.0,300.0
27321.5,100.0,Yeka,2.0,300.0
27100.0,100.0,Yeka,2.0,300.0
33333.33,100.0,Yeka,2.0,270.0
26000.0,100.0,Yeka,2.0,270.0
21000.0,100.0,Yeka,2.0,270.0
57165.0,100.0,Yeka,2.0,251.0
51276.19,100.0,Yeka,2.0,251.0
50216.0,100.0,Yeka,2.0,251.0
34000.0,70.0,Yeka,2.0,263.0
25600.0,100.0,Yeka,2.0,263.0
25110.0,100.0,Yeka,2.0,263.0
24000.0,55.0,Yeka,2.0,496.0
23750.0,50.0,Yeka,2.0,496.0
15200.0,100.0,Yeka,2.0,496.0
35539.0,100.0,Yeka,2.0,376.0
35000.0,100.0,Yeka,2.0,376.0
33333.33,100.0,Yeka,2.0,376.0
52000.0,100.0,Yeka,2.0,165.0
46517.09,100.0,Yeka,2.0,165.0
45827.25,100.0,Yeka,2.0,165.0
61223.21,100.0,Yeka,2.0,92.0
56350.6,100.0,Yeka,2.0,92.0
55060.0,100.0,Yeka,2.0,92.0
